2025-06-27 11:26:51,807 INFO  Logger.cs: 70 - 
--------------------------------------------------------------------------------
2025-06-27 11:26:51,848 INFO  Logger.cs: 71 - Logging commencing for SW2URDF exporter
2025-06-27 11:26:51,849 INFO  Logger.cs: 73 - Commit version 1.6.0-4-g7f85cfe
2025-06-27 11:26:51,849 INFO  Logger.cs: 74 - Build version 1.6.7995.38578
2025-06-27 11:26:51,851 INFO  SwAddin.cs: 192 - Attempting to connect to SW
2025-06-27 11:26:51,851 INFO  SwAddin.cs: 197 - Setting up callbacks
2025-06-27 11:26:51,852 INFO  SwAddin.cs: 201 - Setting up command manager
2025-06-27 11:26:51,852 INFO  SwAddin.cs: 204 - Adding command manager
2025-06-27 11:26:51,855 INFO  SwAddin.cs: 263 - Adding Assembly export to file menu
2025-06-27 11:26:51,856 INFO  SwAddin.cs: 272 - Adding Part export to file menu
2025-06-27 11:26:51,856 INFO  SwAddin.cs: 210 - Adding event handlers
2025-06-27 11:26:51,858 INFO  SwAddin.cs: 217 - Connecting plugin to SolidWorks
2025-06-27 11:27:34,032 INFO  SwAddin.cs: 294 - Assembly export called for file roboV3(urdf_changed).SLDASM
2025-06-27 11:27:36,603 INFO  SwAddin.cs: 313 - Saving assembly
2025-06-27 11:27:37,541 INFO  SwAddin.cs: 316 - Opening property manager
2025-06-27 11:27:37,559 INFO  ExportHelperExtension.cs: 1125 - Retrieving features of type [CoordSys] from roboV3(urdf_changed).SLDASM
2025-06-27 11:27:37,567 INFO  ExportHelperExtension.cs: 1136 - Found 313 in roboV3(urdf_changed).SLDASM
2025-06-27 11:27:37,569 INFO  ExportHelperExtension.cs: 1145 - Found 18 features of type [CoordSys] in roboV3(urdf_changed).SLDASM
2025-06-27 11:27:37,569 INFO  ExportHelperExtension.cs: 1148 - Proceeding through assembly components
2025-06-27 11:27:37,571 INFO  ExportHelperExtension.cs: 1160 - 60 components to check
2025-06-27 11:27:37,573 INFO  ExportHelperExtension.cs: 1125 - Retrieving features of type [CoordSys] from motorAxis-1
2025-06-27 11:27:37,573 INFO  ExportHelperExtension.cs: 1136 - Found 30 in motorAxis-1
2025-06-27 11:27:37,574 INFO  ExportHelperExtension.cs: 1145 - Found 0 features of type [CoordSys] in motorAxis-1
2025-06-27 11:27:37,574 INFO  ExportHelperExtension.cs: 1125 - Retrieving features of type [CoordSys] from standoff_M2_20mm-1
2025-06-27 11:27:37,574 INFO  ExportHelperExtension.cs: 1136 - Found 31 in standoff_M2_20mm-1
2025-06-27 11:27:37,575 INFO  ExportHelperExtension.cs: 1145 - Found 0 features of type [CoordSys] in standoff_M2_20mm-1
2025-06-27 11:27:37,575 INFO  ExportHelperExtension.cs: 1125 - Retrieving features of type [CoordSys] from standoff_M2_20mm-5
2025-06-27 11:27:37,575 INFO  ExportHelperExtension.cs: 1136 - Found 31 in standoff_M2_20mm-5
2025-06-27 11:27:37,576 INFO  ExportHelperExtension.cs: 1145 - Found 0 features of type [CoordSys] in standoff_M2_20mm-5
2025-06-27 11:27:37,576 INFO  ExportHelperExtension.cs: 1125 - Retrieving features of type [CoordSys] from remote_relay-1
2025-06-27 11:27:37,576 INFO  ExportHelperExtension.cs: 1136 - Found 28 in remote_relay-1
2025-06-27 11:27:37,577 INFO  ExportHelperExtension.cs: 1145 - Found 0 features of type [CoordSys] in remote_relay-1
2025-06-27 11:27:37,577 INFO  ExportHelperExtension.cs: 1125 - Retrieving features of type [CoordSys] from motoredit-3
2025-06-27 11:27:37,577 INFO  ExportHelperExtension.cs: 1136 - Found 40 in motoredit-3
2025-06-27 11:27:37,577 INFO  ExportHelperExtension.cs: 1145 - Found 0 features of type [CoordSys] in motoredit-3
2025-06-27 11:27:37,578 INFO  ExportHelperExtension.cs: 1125 - Retrieving features of type [CoordSys] from X3_Lidar-1
2025-06-27 11:27:37,578 INFO  ExportHelperExtension.cs: 1136 - Found 90 in X3_Lidar-1
2025-06-27 11:27:37,579 INFO  ExportHelperExtension.cs: 1145 - Found 0 features of type [CoordSys] in X3_Lidar-1
2025-06-27 11:27:37,579 INFO  ExportHelperExtension.cs: 1125 - Retrieving features of type [CoordSys] from standoff_M2_20mm-4
2025-06-27 11:27:37,579 INFO  ExportHelperExtension.cs: 1136 - Found 31 in standoff_M2_20mm-4
2025-06-27 11:27:37,579 INFO  ExportHelperExtension.cs: 1145 - Found 0 features of type [CoordSys] in standoff_M2_20mm-4
2025-06-27 11:27:37,580 INFO  ExportHelperExtension.cs: 1125 - Retrieving features of type [CoordSys] from battery-1
2025-06-27 11:27:37,580 INFO  ExportHelperExtension.cs: 1136 - Found 28 in battery-1
2025-06-27 11:27:37,580 INFO  ExportHelperExtension.cs: 1145 - Found 0 features of type [CoordSys] in battery-1
2025-06-27 11:27:37,581 INFO  ExportHelperExtension.cs: 1125 - Retrieving features of type [CoordSys] from 36v_12v_converter-1
2025-06-27 11:27:37,581 INFO  ExportHelperExtension.cs: 1136 - Found 29 in 36v_12v_converter-1
2025-06-27 11:27:37,581 INFO  ExportHelperExtension.cs: 1145 - Found 0 features of type [CoordSys] in 36v_12v_converter-1
2025-06-27 11:27:37,582 INFO  ExportHelperExtension.cs: 1125 - Retrieving features of type [CoordSys] from cum_relay_my4n_4p-1
2025-06-27 11:27:37,582 INFO  ExportHelperExtension.cs: 1136 - Found 27 in cum_relay_my4n_4p-1
2025-06-27 11:27:37,582 INFO  ExportHelperExtension.cs: 1145 - Found 0 features of type [CoordSys] in cum_relay_my4n_4p-1
2025-06-27 11:27:37,583 INFO  ExportHelperExtension.cs: 1125 - Retrieving features of type [CoordSys] from hoverboard_driver-1
2025-06-27 11:27:37,583 INFO  ExportHelperExtension.cs: 1136 - Found 25 in hoverboard_driver-1
2025-06-27 11:27:37,583 INFO  ExportHelperExtension.cs: 1145 - Found 0 features of type [CoordSys] in hoverboard_driver-1
2025-06-27 11:27:37,583 INFO  ExportHelperExtension.cs: 1125 - Retrieving features of type [CoordSys] from ??????? V-slot 20x40-3
2025-06-27 11:27:37,584 INFO  ExportHelperExtension.cs: 1136 - Found 30 in ??????? V-slot 20x40-3
2025-06-27 11:27:37,584 INFO  ExportHelperExtension.cs: 1145 - Found 0 features of type [CoordSys] in ??????? V-slot 20x40-3
2025-06-27 11:27:37,584 INFO  ExportHelperExtension.cs: 1125 - Retrieving features of type [CoordSys] from cover_joint_v3.1.2-1
2025-06-27 11:27:37,585 INFO  ExportHelperExtension.cs: 1136 - Found 35 in cover_joint_v3.1.2-1
2025-06-27 11:27:37,585 INFO  ExportHelperExtension.cs: 1145 - Found 0 features of type [CoordSys] in cover_joint_v3.1.2-1
2025-06-27 11:27:37,585 INFO  ExportHelperExtension.cs: 1125 - Retrieving features of type [CoordSys] from j1-2
2025-06-27 11:27:37,586 INFO  ExportHelperExtension.cs: 1136 - Found 32 in j1-2
2025-06-27 11:27:37,586 INFO  ExportHelperExtension.cs: 1145 - Found 0 features of type [CoordSys] in j1-2
2025-06-27 11:27:37,586 INFO  ExportHelperExtension.cs: 1125 - Retrieving features of type [CoordSys] from cum_dahuong_truoc_sau-5
2025-06-27 11:27:37,587 INFO  ExportHelperExtension.cs: 1136 - Found 53 in cum_dahuong_truoc_sau-5
2025-06-27 11:27:37,587 INFO  ExportHelperExtension.cs: 1145 - Found 0 features of type [CoordSys] in cum_dahuong_truoc_sau-5
2025-06-27 11:27:37,587 INFO  ExportHelperExtension.cs: 1125 - Retrieving features of type [CoordSys] from motoredit-4
2025-06-27 11:27:37,588 INFO  ExportHelperExtension.cs: 1136 - Found 40 in motoredit-4
2025-06-27 11:27:37,588 INFO  ExportHelperExtension.cs: 1145 - Found 0 features of type [CoordSys] in motoredit-4
2025-06-27 11:27:37,588 INFO  ExportHelperExtension.cs: 1125 - Retrieving features of type [CoordSys] from cum_banh_xe_lon-3
2025-06-27 11:27:37,589 INFO  ExportHelperExtension.cs: 1136 - Found 27 in cum_banh_xe_lon-3
2025-06-27 11:27:37,589 INFO  ExportHelperExtension.cs: 1145 - Found 0 features of type [CoordSys] in cum_banh_xe_lon-3
2025-06-27 11:27:37,589 INFO  ExportHelperExtension.cs: 1125 - Retrieving features of type [CoordSys] from WEIDU TB25XX-1
2025-06-27 11:27:37,590 INFO  ExportHelperExtension.cs: 1136 - Found 101 in WEIDU TB25XX-1
2025-06-27 11:27:37,590 INFO  ExportHelperExtension.cs: 1145 - Found 0 features of type [CoordSys] in WEIDU TB25XX-1
2025-06-27 11:27:37,591 INFO  ExportHelperExtension.cs: 1125 - Retrieving features of type [CoordSys] from 20mm-2
2025-06-27 11:27:37,591 INFO  ExportHelperExtension.cs: 1136 - Found 40 in 20mm-2
2025-06-27 11:27:37,591 INFO  ExportHelperExtension.cs: 1145 - Found 0 features of type [CoordSys] in 20mm-2
2025-06-27 11:27:37,595 INFO  ExportHelperExtension.cs: 1125 - Retrieving features of type [CoordSys] from 20mm-8
2025-06-27 11:27:37,595 INFO  ExportHelperExtension.cs: 1136 - Found 40 in 20mm-8
2025-06-27 11:27:37,595 INFO  ExportHelperExtension.cs: 1145 - Found 0 features of type [CoordSys] in 20mm-8
2025-06-27 11:27:37,595 INFO  ExportHelperExtension.cs: 1125 - Retrieving features of type [CoordSys] from lidar_pushup-1
2025-06-27 11:27:37,837 INFO  ExportHelperExtension.cs: 1136 - Found 34 in lidar_pushup-1
2025-06-27 11:27:37,838 INFO  ExportHelperExtension.cs: 1145 - Found 0 features of type [CoordSys] in lidar_pushup-1
2025-06-27 11:27:37,839 INFO  ExportHelperExtension.cs: 1125 - Retrieving features of type [CoordSys] from standoff_M2_20mm-3
2025-06-27 11:27:37,839 INFO  ExportHelperExtension.cs: 1136 - Found 31 in standoff_M2_20mm-3
2025-06-27 11:27:37,840 INFO  ExportHelperExtension.cs: 1145 - Found 0 features of type [CoordSys] in standoff_M2_20mm-3
2025-06-27 11:27:37,840 INFO  ExportHelperExtension.cs: 1125 - Retrieving features of type [CoordSys] from lidar_pushup-3
2025-06-27 11:27:37,840 INFO  ExportHelperExtension.cs: 1136 - Found 34 in lidar_pushup-3
2025-06-27 11:27:37,841 INFO  ExportHelperExtension.cs: 1145 - Found 0 features of type [CoordSys] in lidar_pushup-3
2025-06-27 11:27:37,841 INFO  ExportHelperExtension.cs: 1125 - Retrieving features of type [CoordSys] from pi_hang_imu-1
2025-06-27 11:27:37,841 INFO  ExportHelperExtension.cs: 1136 - Found 33 in pi_hang_imu-1
2025-06-27 11:27:37,842 INFO  ExportHelperExtension.cs: 1145 - Found 0 features of type [CoordSys] in pi_hang_imu-1
2025-06-27 11:27:37,842 INFO  ExportHelperExtension.cs: 1125 - Retrieving features of type [CoordSys] from ??????? V-slot 20x40-1
2025-06-27 11:27:37,842 INFO  ExportHelperExtension.cs: 1136 - Found 30 in ??????? V-slot 20x40-1
2025-06-27 11:27:37,843 INFO  ExportHelperExtension.cs: 1145 - Found 0 features of type [CoordSys] in ??????? V-slot 20x40-1
2025-06-27 11:27:37,843 INFO  ExportHelperExtension.cs: 1125 - Retrieving features of type [CoordSys] from 20mm-10
2025-06-27 11:27:37,843 INFO  ExportHelperExtension.cs: 1136 - Found 40 in 20mm-10
2025-06-27 11:27:37,844 INFO  ExportHelperExtension.cs: 1145 - Found 0 features of type [CoordSys] in 20mm-10
2025-06-27 11:27:37,844 INFO  ExportHelperExtension.cs: 1125 - Retrieving features of type [CoordSys] from motorAxis-4
2025-06-27 11:27:37,844 INFO  ExportHelperExtension.cs: 1136 - Found 30 in motorAxis-4
2025-06-27 11:27:37,845 INFO  ExportHelperExtension.cs: 1145 - Found 0 features of type [CoordSys] in motorAxis-4
2025-06-27 11:27:37,845 INFO  ExportHelperExtension.cs: 1125 - Retrieving features of type [CoordSys] from cum_dahuong_truoc_sau-6
2025-06-27 11:27:37,845 INFO  ExportHelperExtension.cs: 1136 - Found 53 in cum_dahuong_truoc_sau-6
2025-06-27 11:27:37,846 INFO  ExportHelperExtension.cs: 1145 - Found 0 features of type [CoordSys] in cum_dahuong_truoc_sau-6
2025-06-27 11:27:37,846 INFO  ExportHelperExtension.cs: 1125 - Retrieving features of type [CoordSys] from full_cover_v2-1
2025-06-27 11:27:37,846 INFO  ExportHelperExtension.cs: 1136 - Found 29 in full_cover_v2-1
2025-06-27 11:27:37,847 INFO  ExportHelperExtension.cs: 1145 - Found 0 features of type [CoordSys] in full_cover_v2-1
2025-06-27 11:27:37,847 INFO  ExportHelperExtension.cs: 1125 - Retrieving features of type [CoordSys] from cover_up_v2-1
2025-06-27 11:27:37,847 INFO  ExportHelperExtension.cs: 1136 - Found 26 in cover_up_v2-1
2025-06-27 11:27:37,848 INFO  ExportHelperExtension.cs: 1145 - Found 0 features of type [CoordSys] in cover_up_v2-1
2025-06-27 11:27:37,848 INFO  ExportHelperExtension.cs: 1125 - Retrieving features of type [CoordSys] from aluminium_base-1
2025-06-27 11:27:37,848 INFO  ExportHelperExtension.cs: 1136 - Found 35 in aluminium_base-1
2025-06-27 11:27:37,848 INFO  ExportHelperExtension.cs: 1145 - Found 0 features of type [CoordSys] in aluminium_base-1
2025-06-27 11:27:37,849 INFO  ExportHelperExtension.cs: 1125 - Retrieving features of type [CoordSys] from 20x20_aluminum_extrusion_profile 26cm-1
2025-06-27 11:27:37,849 INFO  ExportHelperExtension.cs: 1136 - Found 25 in 20x20_aluminum_extrusion_profile 26cm-1
2025-06-27 11:27:37,849 INFO  ExportHelperExtension.cs: 1145 - Found 0 features of type [CoordSys] in 20x20_aluminum_extrusion_profile 26cm-1
2025-06-27 11:27:37,850 INFO  ExportHelperExtension.cs: 1125 - Retrieving features of type [CoordSys] from 20mm-11
2025-06-27 11:27:37,850 INFO  ExportHelperExtension.cs: 1136 - Found 40 in 20mm-11
2025-06-27 11:27:37,850 INFO  ExportHelperExtension.cs: 1145 - Found 0 features of type [CoordSys] in 20mm-11
2025-06-27 11:27:37,850 INFO  ExportHelperExtension.cs: 1125 - Retrieving features of type [CoordSys] from cum_banh_xe_lon-5
2025-06-27 11:27:37,851 INFO  ExportHelperExtension.cs: 1136 - Found 27 in cum_banh_xe_lon-5
2025-06-27 11:27:37,851 INFO  ExportHelperExtension.cs: 1145 - Found 0 features of type [CoordSys] in cum_banh_xe_lon-5
2025-06-27 11:27:37,851 INFO  ExportHelperExtension.cs: 1125 - Retrieving features of type [CoordSys] from j1-1
2025-06-27 11:27:37,852 INFO  ExportHelperExtension.cs: 1136 - Found 32 in j1-1
2025-06-27 11:27:37,852 INFO  ExportHelperExtension.cs: 1145 - Found 0 features of type [CoordSys] in j1-1
2025-06-27 11:27:37,852 INFO  ExportHelperExtension.cs: 1125 - Retrieving features of type [CoordSys] from matxeo1-1
2025-06-27 11:27:37,853 INFO  ExportHelperExtension.cs: 1136 - Found 27 in matxeo1-1
2025-06-27 11:27:37,853 INFO  ExportHelperExtension.cs: 1145 - Found 0 features of type [CoordSys] in matxeo1-1
2025-06-27 11:27:37,853 INFO  ExportHelperExtension.cs: 1125 - Retrieving features of type [CoordSys] from Stop Switch Push Button LAY37 (PBC)-3
2025-06-27 11:27:37,854 INFO  ExportHelperExtension.cs: 1136 - Found 63 in Stop Switch Push Button LAY37 (PBC)-3
2025-06-27 11:27:37,854 INFO  ExportHelperExtension.cs: 1145 - Found 0 features of type [CoordSys] in Stop Switch Push Button LAY37 (PBC)-3
2025-06-27 11:27:37,854 INFO  ExportHelperExtension.cs: 1125 - Retrieving features of type [CoordSys] from cover_up_v2_linh-1
2025-06-27 11:27:37,854 INFO  ExportHelperExtension.cs: 1136 - Found 26 in cover_up_v2_linh-1
2025-06-27 11:27:37,855 INFO  ExportHelperExtension.cs: 1145 - Found 0 features of type [CoordSys] in cover_up_v2_linh-1
2025-06-27 11:27:37,855 INFO  ExportHelperExtension.cs: 1125 - Retrieving features of type [CoordSys] from cover_up_v2_linh_mica-1
2025-06-27 11:27:37,855 INFO  ExportHelperExtension.cs: 1136 - Found 28 in cover_up_v2_linh_mica-1
2025-06-27 11:27:37,856 INFO  ExportHelperExtension.cs: 1145 - Found 0 features of type [CoordSys] in cover_up_v2_linh_mica-1
2025-06-27 11:27:37,856 INFO  ExportHelperExtension.cs: 1125 - Retrieving features of type [CoordSys] from Arcade Push button asm-2
2025-06-27 11:27:37,856 INFO  ExportHelperExtension.cs: 1136 - Found 56 in Arcade Push button asm-2
2025-06-27 11:27:37,857 INFO  ExportHelperExtension.cs: 1145 - Found 0 features of type [CoordSys] in Arcade Push button asm-2
2025-06-27 11:27:37,857 INFO  ExportHelperExtension.cs: 1125 - Retrieving features of type [CoordSys] from final kinect-1
2025-06-27 11:27:37,857 INFO  ExportHelperExtension.cs: 1136 - Found 27 in final kinect-1
2025-06-27 11:27:37,858 INFO  ExportHelperExtension.cs: 1145 - Found 0 features of type [CoordSys] in final kinect-1
2025-06-27 11:27:37,858 INFO  ExportHelperExtension.cs: 1125 - Retrieving features of type [CoordSys] from alibaba-1
2025-06-27 11:27:37,859 INFO  ExportHelperExtension.cs: 1136 - Found 35 in alibaba-1
2025-06-27 11:27:37,859 INFO  ExportHelperExtension.cs: 1145 - Found 0 features of type [CoordSys] in alibaba-1
2025-06-27 11:27:37,859 INFO  ExportHelperExtension.cs: 1125 - Retrieving features of type [CoordSys] from che-1
2025-06-27 11:27:37,859 INFO  ExportHelperExtension.cs: 1136 - Found 25 in che-1
2025-06-27 11:27:37,860 INFO  ExportHelperExtension.cs: 1145 - Found 0 features of type [CoordSys] in che-1
2025-06-27 11:27:37,860 INFO  ExportHelperExtension.cs: 1125 - Retrieving features of type [CoordSys] from che-2
2025-06-27 11:27:37,860 INFO  ExportHelperExtension.cs: 1136 - Found 25 in che-2
2025-06-27 11:27:37,861 INFO  ExportHelperExtension.cs: 1145 - Found 0 features of type [CoordSys] in che-2
2025-06-27 11:27:37,861 INFO  ExportHelperExtension.cs: 1125 - Retrieving features of type [CoordSys] from ga_minipc_v2-2
2025-06-27 11:27:37,861 INFO  ExportHelperExtension.cs: 1136 - Found 31 in ga_minipc_v2-2
2025-06-27 11:27:37,862 INFO  ExportHelperExtension.cs: 1145 - Found 0 features of type [CoordSys] in ga_minipc_v2-2
2025-06-27 11:27:37,862 INFO  ExportHelperExtension.cs: 1125 - Retrieving features of type [CoordSys] from hop_pin-1
2025-06-27 11:27:37,862 INFO  ExportHelperExtension.cs: 1136 - Found 27 in hop_pin-1
2025-06-27 11:27:37,863 INFO  ExportHelperExtension.cs: 1145 - Found 0 features of type [CoordSys] in hop_pin-1
2025-06-27 11:27:37,863 INFO  ExportHelperExtension.cs: 1125 - Retrieving features of type [CoordSys] from che-3
2025-06-27 11:27:37,863 INFO  ExportHelperExtension.cs: 1136 - Found 25 in che-3
2025-06-27 11:27:37,863 INFO  ExportHelperExtension.cs: 1145 - Found 0 features of type [CoordSys] in che-3
2025-06-27 11:27:37,864 INFO  ExportHelperExtension.cs: 1125 - Retrieving features of type [CoordSys] from che-5
2025-06-27 11:27:37,864 INFO  ExportHelperExtension.cs: 1136 - Found 25 in che-5
2025-06-27 11:27:37,864 INFO  ExportHelperExtension.cs: 1145 - Found 0 features of type [CoordSys] in che-5
2025-06-27 11:27:37,864 INFO  ExportHelperExtension.cs: 1125 - Retrieving features of type [CoordSys] from ga_minipc_comp-1
2025-06-27 11:27:37,865 INFO  ExportHelperExtension.cs: 1136 - Found 40 in ga_minipc_comp-1
2025-06-27 11:27:37,865 INFO  ExportHelperExtension.cs: 1145 - Found 0 features of type [CoordSys] in ga_minipc_comp-1
2025-06-27 11:27:37,865 INFO  ExportHelperExtension.cs: 1125 - Retrieving features of type [CoordSys] from nang_cam-1
2025-06-27 11:27:37,866 INFO  ExportHelperExtension.cs: 1136 - Found 25 in nang_cam-1
2025-06-27 11:27:37,866 INFO  ExportHelperExtension.cs: 1145 - Found 0 features of type [CoordSys] in nang_cam-1
2025-06-27 11:27:37,866 INFO  ExportHelperExtension.cs: 1125 - Retrieving features of type [CoordSys] from hop_nano-1
2025-06-27 11:27:37,867 INFO  ExportHelperExtension.cs: 1136 - Found 35 in hop_nano-1
2025-06-27 11:27:37,867 INFO  ExportHelperExtension.cs: 1145 - Found 0 features of type [CoordSys] in hop_nano-1
2025-06-27 11:27:37,867 INFO  ExportHelperExtension.cs: 1125 - Retrieving features of type [CoordSys] from kegoc_tab2-1
2025-06-27 11:27:37,867 INFO  ExportHelperExtension.cs: 1136 - Found 25 in kegoc_tab2-1
2025-06-27 11:27:37,867 INFO  ExportHelperExtension.cs: 1145 - Found 0 features of type [CoordSys] in kegoc_tab2-1
2025-06-27 11:27:37,867 INFO  ExportHelperExtension.cs: 1125 - Retrieving features of type [CoordSys] from trodong-1
2025-06-27 11:27:37,867 INFO  ExportHelperExtension.cs: 1136 - Found 25 in trodong-1
2025-06-27 11:27:37,868 INFO  ExportHelperExtension.cs: 1145 - Found 0 features of type [CoordSys] in trodong-1
2025-06-27 11:27:37,868 INFO  ExportHelperExtension.cs: 1125 - Retrieving features of type [CoordSys] from kegoc_tab1-1
2025-06-27 11:27:37,868 INFO  ExportHelperExtension.cs: 1136 - Found 25 in kegoc_tab1-1
2025-06-27 11:27:37,869 INFO  ExportHelperExtension.cs: 1145 - Found 0 features of type [CoordSys] in kegoc_tab1-1
2025-06-27 11:27:37,869 INFO  ExportHelperExtension.cs: 1125 - Retrieving features of type [CoordSys] from op_tablet-1
2025-06-27 11:27:37,869 INFO  ExportHelperExtension.cs: 1136 - Found 37 in op_tablet-1
2025-06-27 11:27:37,870 INFO  ExportHelperExtension.cs: 1145 - Found 0 features of type [CoordSys] in op_tablet-1
2025-06-27 11:27:37,870 INFO  ExportHelperExtension.cs: 1125 - Retrieving features of type [CoordSys] from ga_minipc_v2-1
2025-06-27 11:27:37,870 INFO  ExportHelperExtension.cs: 1136 - Found 31 in ga_minipc_v2-1
2025-06-27 11:27:37,871 INFO  ExportHelperExtension.cs: 1145 - Found 0 features of type [CoordSys] in ga_minipc_v2-1
2025-06-27 11:27:37,871 INFO  ExportHelperExtension.cs: 1125 - Retrieving features of type [CoordSys] from che-4
2025-06-27 11:27:37,872 INFO  ExportHelperExtension.cs: 1136 - Found 25 in che-4
2025-06-27 11:27:37,872 INFO  ExportHelperExtension.cs: 1145 - Found 0 features of type [CoordSys] in che-4
2025-06-27 11:27:37,873 INFO  ExportHelperExtension.cs: 1125 - Retrieving features of type [CoordSys] from che-6
2025-06-27 11:27:37,873 INFO  ExportHelperExtension.cs: 1136 - Found 25 in che-6
2025-06-27 11:27:37,873 INFO  ExportHelperExtension.cs: 1145 - Found 0 features of type [CoordSys] in che-6
2025-06-27 11:27:37,873 INFO  ExportHelperExtension.cs: 1125 - Retrieving features of type [CoordSys] from ga_com-1
2025-06-27 11:27:37,874 INFO  ExportHelperExtension.cs: 1136 - Found 33 in ga_com-1
2025-06-27 11:27:37,875 INFO  ExportHelperExtension.cs: 1145 - Found 0 features of type [CoordSys] in ga_com-1
2025-06-27 11:27:37,875 INFO  ExportHelperExtension.cs: 1125 - Retrieving features of type [CoordSys] from imu_40do-1
2025-06-27 11:27:37,876 INFO  ExportHelperExtension.cs: 1136 - Found 25 in imu_40do-1
2025-06-27 11:27:37,876 INFO  ExportHelperExtension.cs: 1145 - Found 0 features of type [CoordSys] in imu_40do-1
2025-06-27 11:27:37,876 INFO  ExportHelperExtension.cs: 1125 - Retrieving features of type [RefAxis] from roboV3(urdf_changed).SLDASM
2025-06-27 11:27:37,877 INFO  ExportHelperExtension.cs: 1136 - Found 313 in roboV3(urdf_changed).SLDASM
2025-06-27 11:27:37,879 INFO  ExportHelperExtension.cs: 1145 - Found 12 features of type [RefAxis] in roboV3(urdf_changed).SLDASM
2025-06-27 11:27:37,879 INFO  ExportHelperExtension.cs: 1148 - Proceeding through assembly components
2025-06-27 11:27:37,879 INFO  ExportHelperExtension.cs: 1160 - 60 components to check
2025-06-27 11:27:37,880 INFO  ExportHelperExtension.cs: 1125 - Retrieving features of type [RefAxis] from motorAxis-1
2025-06-27 11:27:37,880 INFO  ExportHelperExtension.cs: 1136 - Found 30 in motorAxis-1
2025-06-27 11:27:37,880 INFO  ExportHelperExtension.cs: 1145 - Found 0 features of type [RefAxis] in motorAxis-1
2025-06-27 11:27:37,881 INFO  ExportHelperExtension.cs: 1125 - Retrieving features of type [RefAxis] from standoff_M2_20mm-1
2025-06-27 11:27:37,881 INFO  ExportHelperExtension.cs: 1136 - Found 31 in standoff_M2_20mm-1
2025-06-27 11:27:37,881 INFO  ExportHelperExtension.cs: 1145 - Found 0 features of type [RefAxis] in standoff_M2_20mm-1
2025-06-27 11:27:37,882 INFO  ExportHelperExtension.cs: 1125 - Retrieving features of type [RefAxis] from standoff_M2_20mm-5
2025-06-27 11:27:37,882 INFO  ExportHelperExtension.cs: 1136 - Found 31 in standoff_M2_20mm-5
2025-06-27 11:27:37,882 INFO  ExportHelperExtension.cs: 1145 - Found 0 features of type [RefAxis] in standoff_M2_20mm-5
2025-06-27 11:27:37,883 INFO  ExportHelperExtension.cs: 1125 - Retrieving features of type [RefAxis] from remote_relay-1
2025-06-27 11:27:37,883 INFO  ExportHelperExtension.cs: 1136 - Found 28 in remote_relay-1
2025-06-27 11:27:37,883 INFO  ExportHelperExtension.cs: 1145 - Found 0 features of type [RefAxis] in remote_relay-1
2025-06-27 11:27:37,883 INFO  ExportHelperExtension.cs: 1125 - Retrieving features of type [RefAxis] from motoredit-3
2025-06-27 11:27:37,884 INFO  ExportHelperExtension.cs: 1136 - Found 40 in motoredit-3
2025-06-27 11:27:37,884 INFO  ExportHelperExtension.cs: 1145 - Found 0 features of type [RefAxis] in motoredit-3
2025-06-27 11:27:37,884 INFO  ExportHelperExtension.cs: 1125 - Retrieving features of type [RefAxis] from X3_Lidar-1
2025-06-27 11:27:37,885 INFO  ExportHelperExtension.cs: 1136 - Found 90 in X3_Lidar-1
2025-06-27 11:27:37,885 INFO  ExportHelperExtension.cs: 1145 - Found 0 features of type [RefAxis] in X3_Lidar-1
2025-06-27 11:27:37,886 INFO  ExportHelperExtension.cs: 1125 - Retrieving features of type [RefAxis] from standoff_M2_20mm-4
2025-06-27 11:27:37,886 INFO  ExportHelperExtension.cs: 1136 - Found 31 in standoff_M2_20mm-4
2025-06-27 11:27:37,886 INFO  ExportHelperExtension.cs: 1145 - Found 0 features of type [RefAxis] in standoff_M2_20mm-4
2025-06-27 11:27:37,887 INFO  ExportHelperExtension.cs: 1125 - Retrieving features of type [RefAxis] from battery-1
2025-06-27 11:27:37,887 INFO  ExportHelperExtension.cs: 1136 - Found 28 in battery-1
2025-06-27 11:27:37,887 INFO  ExportHelperExtension.cs: 1145 - Found 0 features of type [RefAxis] in battery-1
2025-06-27 11:27:37,887 INFO  ExportHelperExtension.cs: 1125 - Retrieving features of type [RefAxis] from 36v_12v_converter-1
2025-06-27 11:27:37,888 INFO  ExportHelperExtension.cs: 1136 - Found 29 in 36v_12v_converter-1
2025-06-27 11:27:37,888 INFO  ExportHelperExtension.cs: 1145 - Found 0 features of type [RefAxis] in 36v_12v_converter-1
2025-06-27 11:27:37,888 INFO  ExportHelperExtension.cs: 1125 - Retrieving features of type [RefAxis] from cum_relay_my4n_4p-1
2025-06-27 11:27:37,889 INFO  ExportHelperExtension.cs: 1136 - Found 27 in cum_relay_my4n_4p-1
2025-06-27 11:27:37,889 INFO  ExportHelperExtension.cs: 1145 - Found 0 features of type [RefAxis] in cum_relay_my4n_4p-1
2025-06-27 11:27:37,889 INFO  ExportHelperExtension.cs: 1125 - Retrieving features of type [RefAxis] from hoverboard_driver-1
2025-06-27 11:27:37,913 INFO  ExportHelperExtension.cs: 1136 - Found 25 in hoverboard_driver-1
2025-06-27 11:27:37,913 INFO  ExportHelperExtension.cs: 1145 - Found 0 features of type [RefAxis] in hoverboard_driver-1
2025-06-27 11:27:37,914 INFO  ExportHelperExtension.cs: 1125 - Retrieving features of type [RefAxis] from ??????? V-slot 20x40-3
2025-06-27 11:27:37,914 INFO  ExportHelperExtension.cs: 1136 - Found 30 in ??????? V-slot 20x40-3
2025-06-27 11:27:37,915 INFO  ExportHelperExtension.cs: 1145 - Found 0 features of type [RefAxis] in ??????? V-slot 20x40-3
2025-06-27 11:27:37,915 INFO  ExportHelperExtension.cs: 1125 - Retrieving features of type [RefAxis] from cover_joint_v3.1.2-1
2025-06-27 11:27:37,915 INFO  ExportHelperExtension.cs: 1136 - Found 35 in cover_joint_v3.1.2-1
2025-06-27 11:27:37,916 INFO  ExportHelperExtension.cs: 1145 - Found 0 features of type [RefAxis] in cover_joint_v3.1.2-1
2025-06-27 11:27:37,916 INFO  ExportHelperExtension.cs: 1125 - Retrieving features of type [RefAxis] from j1-2
2025-06-27 11:27:37,916 INFO  ExportHelperExtension.cs: 1136 - Found 32 in j1-2
2025-06-27 11:27:37,917 INFO  ExportHelperExtension.cs: 1145 - Found 0 features of type [RefAxis] in j1-2
2025-06-27 11:27:37,917 INFO  ExportHelperExtension.cs: 1125 - Retrieving features of type [RefAxis] from cum_dahuong_truoc_sau-5
2025-06-27 11:27:37,917 INFO  ExportHelperExtension.cs: 1136 - Found 53 in cum_dahuong_truoc_sau-5
2025-06-27 11:27:37,918 INFO  ExportHelperExtension.cs: 1145 - Found 0 features of type [RefAxis] in cum_dahuong_truoc_sau-5
2025-06-27 11:27:37,918 INFO  ExportHelperExtension.cs: 1125 - Retrieving features of type [RefAxis] from motoredit-4
2025-06-27 11:27:37,918 INFO  ExportHelperExtension.cs: 1136 - Found 40 in motoredit-4
2025-06-27 11:27:37,919 INFO  ExportHelperExtension.cs: 1145 - Found 0 features of type [RefAxis] in motoredit-4
2025-06-27 11:27:37,919 INFO  ExportHelperExtension.cs: 1125 - Retrieving features of type [RefAxis] from cum_banh_xe_lon-3
2025-06-27 11:27:37,919 INFO  ExportHelperExtension.cs: 1136 - Found 27 in cum_banh_xe_lon-3
2025-06-27 11:27:37,919 INFO  ExportHelperExtension.cs: 1145 - Found 0 features of type [RefAxis] in cum_banh_xe_lon-3
2025-06-27 11:27:37,920 INFO  ExportHelperExtension.cs: 1125 - Retrieving features of type [RefAxis] from WEIDU TB25XX-1
2025-06-27 11:27:37,920 INFO  ExportHelperExtension.cs: 1136 - Found 101 in WEIDU TB25XX-1
2025-06-27 11:27:37,921 INFO  ExportHelperExtension.cs: 1145 - Found 0 features of type [RefAxis] in WEIDU TB25XX-1
2025-06-27 11:27:37,921 INFO  ExportHelperExtension.cs: 1125 - Retrieving features of type [RefAxis] from 20mm-2
2025-06-27 11:27:37,921 INFO  ExportHelperExtension.cs: 1136 - Found 40 in 20mm-2
2025-06-27 11:27:37,922 INFO  ExportHelperExtension.cs: 1145 - Found 0 features of type [RefAxis] in 20mm-2
2025-06-27 11:27:37,922 INFO  ExportHelperExtension.cs: 1125 - Retrieving features of type [RefAxis] from 20mm-8
2025-06-27 11:27:37,922 INFO  ExportHelperExtension.cs: 1136 - Found 40 in 20mm-8
2025-06-27 11:27:37,922 INFO  ExportHelperExtension.cs: 1145 - Found 0 features of type [RefAxis] in 20mm-8
2025-06-27 11:27:37,923 INFO  ExportHelperExtension.cs: 1125 - Retrieving features of type [RefAxis] from lidar_pushup-1
2025-06-27 11:27:37,923 INFO  ExportHelperExtension.cs: 1136 - Found 34 in lidar_pushup-1
2025-06-27 11:27:37,923 INFO  ExportHelperExtension.cs: 1145 - Found 1 features of type [RefAxis] in lidar_pushup-1
2025-06-27 11:27:37,924 INFO  ExportHelperExtension.cs: 1125 - Retrieving features of type [RefAxis] from standoff_M2_20mm-3
2025-06-27 11:27:37,924 INFO  ExportHelperExtension.cs: 1136 - Found 31 in standoff_M2_20mm-3
2025-06-27 11:27:37,924 INFO  ExportHelperExtension.cs: 1145 - Found 0 features of type [RefAxis] in standoff_M2_20mm-3
2025-06-27 11:27:37,925 INFO  ExportHelperExtension.cs: 1125 - Retrieving features of type [RefAxis] from lidar_pushup-3
2025-06-27 11:27:37,925 INFO  ExportHelperExtension.cs: 1136 - Found 34 in lidar_pushup-3
2025-06-27 11:27:37,925 INFO  ExportHelperExtension.cs: 1145 - Found 1 features of type [RefAxis] in lidar_pushup-3
2025-06-27 11:27:37,926 INFO  ExportHelperExtension.cs: 1125 - Retrieving features of type [RefAxis] from pi_hang_imu-1
2025-06-27 11:27:37,926 INFO  ExportHelperExtension.cs: 1136 - Found 33 in pi_hang_imu-1
2025-06-27 11:27:37,926 INFO  ExportHelperExtension.cs: 1145 - Found 4 features of type [RefAxis] in pi_hang_imu-1
2025-06-27 11:27:37,927 INFO  ExportHelperExtension.cs: 1125 - Retrieving features of type [RefAxis] from ??????? V-slot 20x40-1
2025-06-27 11:27:37,927 INFO  ExportHelperExtension.cs: 1136 - Found 30 in ??????? V-slot 20x40-1
2025-06-27 11:27:37,927 INFO  ExportHelperExtension.cs: 1145 - Found 0 features of type [RefAxis] in ??????? V-slot 20x40-1
2025-06-27 11:27:37,927 INFO  ExportHelperExtension.cs: 1125 - Retrieving features of type [RefAxis] from 20mm-10
2025-06-27 11:27:37,928 INFO  ExportHelperExtension.cs: 1136 - Found 40 in 20mm-10
2025-06-27 11:27:37,928 INFO  ExportHelperExtension.cs: 1145 - Found 0 features of type [RefAxis] in 20mm-10
2025-06-27 11:27:37,928 INFO  ExportHelperExtension.cs: 1125 - Retrieving features of type [RefAxis] from motorAxis-4
2025-06-27 11:27:37,929 INFO  ExportHelperExtension.cs: 1136 - Found 30 in motorAxis-4
2025-06-27 11:27:37,929 INFO  ExportHelperExtension.cs: 1145 - Found 0 features of type [RefAxis] in motorAxis-4
2025-06-27 11:27:37,929 INFO  ExportHelperExtension.cs: 1125 - Retrieving features of type [RefAxis] from cum_dahuong_truoc_sau-6
2025-06-27 11:27:37,929 INFO  ExportHelperExtension.cs: 1136 - Found 53 in cum_dahuong_truoc_sau-6
2025-06-27 11:27:37,930 INFO  ExportHelperExtension.cs: 1145 - Found 0 features of type [RefAxis] in cum_dahuong_truoc_sau-6
2025-06-27 11:27:37,930 INFO  ExportHelperExtension.cs: 1125 - Retrieving features of type [RefAxis] from full_cover_v2-1
2025-06-27 11:27:37,930 INFO  ExportHelperExtension.cs: 1136 - Found 29 in full_cover_v2-1
2025-06-27 11:27:37,930 INFO  ExportHelperExtension.cs: 1145 - Found 0 features of type [RefAxis] in full_cover_v2-1
2025-06-27 11:27:37,930 INFO  ExportHelperExtension.cs: 1125 - Retrieving features of type [RefAxis] from cover_up_v2-1
2025-06-27 11:27:37,930 INFO  ExportHelperExtension.cs: 1136 - Found 26 in cover_up_v2-1
2025-06-27 11:27:37,931 INFO  ExportHelperExtension.cs: 1145 - Found 0 features of type [RefAxis] in cover_up_v2-1
2025-06-27 11:27:37,932 INFO  ExportHelperExtension.cs: 1125 - Retrieving features of type [RefAxis] from aluminium_base-1
2025-06-27 11:27:37,932 INFO  ExportHelperExtension.cs: 1136 - Found 35 in aluminium_base-1
2025-06-27 11:27:37,932 INFO  ExportHelperExtension.cs: 1145 - Found 0 features of type [RefAxis] in aluminium_base-1
2025-06-27 11:27:37,933 INFO  ExportHelperExtension.cs: 1125 - Retrieving features of type [RefAxis] from 20x20_aluminum_extrusion_profile 26cm-1
2025-06-27 11:27:37,933 INFO  ExportHelperExtension.cs: 1136 - Found 25 in 20x20_aluminum_extrusion_profile 26cm-1
2025-06-27 11:27:37,933 INFO  ExportHelperExtension.cs: 1145 - Found 0 features of type [RefAxis] in 20x20_aluminum_extrusion_profile 26cm-1
2025-06-27 11:27:37,934 INFO  ExportHelperExtension.cs: 1125 - Retrieving features of type [RefAxis] from 20mm-11
2025-06-27 11:27:37,934 INFO  ExportHelperExtension.cs: 1136 - Found 40 in 20mm-11
2025-06-27 11:27:37,934 INFO  ExportHelperExtension.cs: 1145 - Found 0 features of type [RefAxis] in 20mm-11
2025-06-27 11:27:37,935 INFO  ExportHelperExtension.cs: 1125 - Retrieving features of type [RefAxis] from cum_banh_xe_lon-5
2025-06-27 11:27:37,935 INFO  ExportHelperExtension.cs: 1136 - Found 27 in cum_banh_xe_lon-5
2025-06-27 11:27:37,935 INFO  ExportHelperExtension.cs: 1145 - Found 0 features of type [RefAxis] in cum_banh_xe_lon-5
2025-06-27 11:27:37,935 INFO  ExportHelperExtension.cs: 1125 - Retrieving features of type [RefAxis] from j1-1
2025-06-27 11:27:37,936 INFO  ExportHelperExtension.cs: 1136 - Found 32 in j1-1
2025-06-27 11:27:37,936 INFO  ExportHelperExtension.cs: 1145 - Found 0 features of type [RefAxis] in j1-1
2025-06-27 11:27:37,936 INFO  ExportHelperExtension.cs: 1125 - Retrieving features of type [RefAxis] from matxeo1-1
2025-06-27 11:27:37,936 INFO  ExportHelperExtension.cs: 1136 - Found 27 in matxeo1-1
2025-06-27 11:27:37,937 INFO  ExportHelperExtension.cs: 1145 - Found 0 features of type [RefAxis] in matxeo1-1
2025-06-27 11:27:37,937 INFO  ExportHelperExtension.cs: 1125 - Retrieving features of type [RefAxis] from Stop Switch Push Button LAY37 (PBC)-3
2025-06-27 11:27:37,937 INFO  ExportHelperExtension.cs: 1136 - Found 63 in Stop Switch Push Button LAY37 (PBC)-3
2025-06-27 11:27:37,938 INFO  ExportHelperExtension.cs: 1145 - Found 0 features of type [RefAxis] in Stop Switch Push Button LAY37 (PBC)-3
2025-06-27 11:27:37,938 INFO  ExportHelperExtension.cs: 1125 - Retrieving features of type [RefAxis] from cover_up_v2_linh-1
2025-06-27 11:27:37,938 INFO  ExportHelperExtension.cs: 1136 - Found 26 in cover_up_v2_linh-1
2025-06-27 11:27:37,939 INFO  ExportHelperExtension.cs: 1145 - Found 0 features of type [RefAxis] in cover_up_v2_linh-1
2025-06-27 11:27:37,939 INFO  ExportHelperExtension.cs: 1125 - Retrieving features of type [RefAxis] from cover_up_v2_linh_mica-1
2025-06-27 11:27:37,939 INFO  ExportHelperExtension.cs: 1136 - Found 28 in cover_up_v2_linh_mica-1
2025-06-27 11:27:37,939 INFO  ExportHelperExtension.cs: 1145 - Found 0 features of type [RefAxis] in cover_up_v2_linh_mica-1
2025-06-27 11:27:37,939 INFO  ExportHelperExtension.cs: 1125 - Retrieving features of type [RefAxis] from Arcade Push button asm-2
2025-06-27 11:27:37,939 INFO  ExportHelperExtension.cs: 1136 - Found 56 in Arcade Push button asm-2
2025-06-27 11:27:37,940 INFO  ExportHelperExtension.cs: 1145 - Found 0 features of type [RefAxis] in Arcade Push button asm-2
2025-06-27 11:27:37,940 INFO  ExportHelperExtension.cs: 1125 - Retrieving features of type [RefAxis] from final kinect-1
2025-06-27 11:27:37,940 INFO  ExportHelperExtension.cs: 1136 - Found 27 in final kinect-1
2025-06-27 11:27:37,941 INFO  ExportHelperExtension.cs: 1145 - Found 0 features of type [RefAxis] in final kinect-1
2025-06-27 11:27:37,941 INFO  ExportHelperExtension.cs: 1125 - Retrieving features of type [RefAxis] from alibaba-1
2025-06-27 11:27:37,941 INFO  ExportHelperExtension.cs: 1136 - Found 35 in alibaba-1
2025-06-27 11:27:37,942 INFO  ExportHelperExtension.cs: 1145 - Found 0 features of type [RefAxis] in alibaba-1
2025-06-27 11:27:37,942 INFO  ExportHelperExtension.cs: 1125 - Retrieving features of type [RefAxis] from che-1
2025-06-27 11:27:37,942 INFO  ExportHelperExtension.cs: 1136 - Found 25 in che-1
2025-06-27 11:27:37,942 INFO  ExportHelperExtension.cs: 1145 - Found 0 features of type [RefAxis] in che-1
2025-06-27 11:27:37,943 INFO  ExportHelperExtension.cs: 1125 - Retrieving features of type [RefAxis] from che-2
2025-06-27 11:27:37,943 INFO  ExportHelperExtension.cs: 1136 - Found 25 in che-2
2025-06-27 11:27:37,943 INFO  ExportHelperExtension.cs: 1145 - Found 0 features of type [RefAxis] in che-2
2025-06-27 11:27:37,943 INFO  ExportHelperExtension.cs: 1125 - Retrieving features of type [RefAxis] from ga_minipc_v2-2
2025-06-27 11:27:37,944 INFO  ExportHelperExtension.cs: 1136 - Found 31 in ga_minipc_v2-2
2025-06-27 11:27:37,944 INFO  ExportHelperExtension.cs: 1145 - Found 0 features of type [RefAxis] in ga_minipc_v2-2
2025-06-27 11:27:37,944 INFO  ExportHelperExtension.cs: 1125 - Retrieving features of type [RefAxis] from hop_pin-1
2025-06-27 11:27:37,945 INFO  ExportHelperExtension.cs: 1136 - Found 27 in hop_pin-1
2025-06-27 11:27:37,945 INFO  ExportHelperExtension.cs: 1145 - Found 0 features of type [RefAxis] in hop_pin-1
2025-06-27 11:27:37,945 INFO  ExportHelperExtension.cs: 1125 - Retrieving features of type [RefAxis] from che-3
2025-06-27 11:27:37,945 INFO  ExportHelperExtension.cs: 1136 - Found 25 in che-3
2025-06-27 11:27:37,946 INFO  ExportHelperExtension.cs: 1145 - Found 0 features of type [RefAxis] in che-3
2025-06-27 11:27:37,946 INFO  ExportHelperExtension.cs: 1125 - Retrieving features of type [RefAxis] from che-5
2025-06-27 11:27:37,946 INFO  ExportHelperExtension.cs: 1136 - Found 25 in che-5
2025-06-27 11:27:37,947 INFO  ExportHelperExtension.cs: 1145 - Found 0 features of type [RefAxis] in che-5
2025-06-27 11:27:37,947 INFO  ExportHelperExtension.cs: 1125 - Retrieving features of type [RefAxis] from ga_minipc_comp-1
2025-06-27 11:27:37,947 INFO  ExportHelperExtension.cs: 1136 - Found 40 in ga_minipc_comp-1
2025-06-27 11:27:37,948 INFO  ExportHelperExtension.cs: 1145 - Found 0 features of type [RefAxis] in ga_minipc_comp-1
2025-06-27 11:27:37,948 INFO  ExportHelperExtension.cs: 1125 - Retrieving features of type [RefAxis] from nang_cam-1
2025-06-27 11:27:37,948 INFO  ExportHelperExtension.cs: 1136 - Found 25 in nang_cam-1
2025-06-27 11:27:37,948 INFO  ExportHelperExtension.cs: 1145 - Found 0 features of type [RefAxis] in nang_cam-1
2025-06-27 11:27:37,949 INFO  ExportHelperExtension.cs: 1125 - Retrieving features of type [RefAxis] from hop_nano-1
2025-06-27 11:27:37,949 INFO  ExportHelperExtension.cs: 1136 - Found 35 in hop_nano-1
2025-06-27 11:27:37,949 INFO  ExportHelperExtension.cs: 1145 - Found 0 features of type [RefAxis] in hop_nano-1
2025-06-27 11:27:37,950 INFO  ExportHelperExtension.cs: 1125 - Retrieving features of type [RefAxis] from kegoc_tab2-1
2025-06-27 11:27:37,950 INFO  ExportHelperExtension.cs: 1136 - Found 25 in kegoc_tab2-1
2025-06-27 11:27:37,950 INFO  ExportHelperExtension.cs: 1145 - Found 0 features of type [RefAxis] in kegoc_tab2-1
2025-06-27 11:27:37,951 INFO  ExportHelperExtension.cs: 1125 - Retrieving features of type [RefAxis] from trodong-1
2025-06-27 11:27:37,951 INFO  ExportHelperExtension.cs: 1136 - Found 25 in trodong-1
2025-06-27 11:27:37,951 INFO  ExportHelperExtension.cs: 1145 - Found 0 features of type [RefAxis] in trodong-1
2025-06-27 11:27:37,951 INFO  ExportHelperExtension.cs: 1125 - Retrieving features of type [RefAxis] from kegoc_tab1-1
2025-06-27 11:27:37,952 INFO  ExportHelperExtension.cs: 1136 - Found 25 in kegoc_tab1-1
2025-06-27 11:27:37,952 INFO  ExportHelperExtension.cs: 1145 - Found 0 features of type [RefAxis] in kegoc_tab1-1
2025-06-27 11:27:37,952 INFO  ExportHelperExtension.cs: 1125 - Retrieving features of type [RefAxis] from op_tablet-1
2025-06-27 11:27:37,953 INFO  ExportHelperExtension.cs: 1136 - Found 37 in op_tablet-1
2025-06-27 11:27:37,953 INFO  ExportHelperExtension.cs: 1145 - Found 0 features of type [RefAxis] in op_tablet-1
2025-06-27 11:27:37,953 INFO  ExportHelperExtension.cs: 1125 - Retrieving features of type [RefAxis] from ga_minipc_v2-1
2025-06-27 11:27:37,954 INFO  ExportHelperExtension.cs: 1136 - Found 31 in ga_minipc_v2-1
2025-06-27 11:27:37,954 INFO  ExportHelperExtension.cs: 1145 - Found 0 features of type [RefAxis] in ga_minipc_v2-1
2025-06-27 11:27:37,954 INFO  ExportHelperExtension.cs: 1125 - Retrieving features of type [RefAxis] from che-4
2025-06-27 11:27:37,954 INFO  ExportHelperExtension.cs: 1136 - Found 25 in che-4
2025-06-27 11:27:37,955 INFO  ExportHelperExtension.cs: 1145 - Found 0 features of type [RefAxis] in che-4
2025-06-27 11:27:37,955 INFO  ExportHelperExtension.cs: 1125 - Retrieving features of type [RefAxis] from che-6
2025-06-27 11:27:37,955 INFO  ExportHelperExtension.cs: 1136 - Found 25 in che-6
2025-06-27 11:27:37,956 INFO  ExportHelperExtension.cs: 1145 - Found 0 features of type [RefAxis] in che-6
2025-06-27 11:27:37,956 INFO  ExportHelperExtension.cs: 1125 - Retrieving features of type [RefAxis] from ga_com-1
2025-06-27 11:27:37,956 INFO  ExportHelperExtension.cs: 1136 - Found 33 in ga_com-1
2025-06-27 11:27:37,957 INFO  ExportHelperExtension.cs: 1145 - Found 0 features of type [RefAxis] in ga_com-1
2025-06-27 11:27:37,957 INFO  ExportHelperExtension.cs: 1125 - Retrieving features of type [RefAxis] from imu_40do-1
2025-06-27 11:27:37,957 INFO  ExportHelperExtension.cs: 1136 - Found 25 in imu_40do-1
2025-06-27 11:27:37,957 INFO  ExportHelperExtension.cs: 1145 - Found 0 features of type [RefAxis] in imu_40do-1
2025-06-27 11:27:38,347 INFO  SwAddin.cs: 339 - Loading config tree
2025-06-27 11:27:38,353 INFO  ConfigurationSerialization.cs: 276 - URDF Configuration found
<Link z:Id="i1" xmlns="http://schemas.datacontract.org/2004/07/SW2URDF" xmlns:i="http://www.w3.org/2001/XMLSchema-instance" xmlns:z="http://schemas.microsoft.com/2003/10/Serialization/"><Attributes><Attribute z:Id="i2"><AttributeType>name</AttributeType><IsRequired>true</IsRequired><Value i:type="a:string" xmlns:a="http://www.w3.org/2001/XMLSchema">base_link</Value></Attribute></Attributes><ChildElements><URDFElement z:Id="i3" i:type="Inertial"><Attributes/><ChildElements><URDFElement z:Id="i4" i:type="Origin"><Attributes><Attribute z:Id="i5"><AttributeType>xyz</AttributeType><IsRequired>true</IsRequired><Value i:type="a:ArrayOfdouble" xmlns:a="http://schemas.microsoft.com/2003/10/Serialization/Arrays"><a:double>0.0283696678283355</a:double><a:double>-0.0053387669522444448</a:double><a:double>0.070976161328204557</a:double></Value></Attribute><Attribute z:Id="i6"><AttributeType>rpy</AttributeType><IsRequired>true</IsRequired><Value i:type="a:ArrayOfdouble" xmlns:a="http://schemas.microsoft.com/2003/10/Serialization/Arrays"><a:double>0</a:double><a:double>0</a:double><a:double>0</a:double></Value></Attribute></Attributes><ChildElements/><ElementName>origin</ElementName><required>false</required><RPYAttribute z:Ref="i6"/><XYZAttribute z:Ref="i5"/><isCustomized>false</isCustomized></URDFElement><URDFElement z:Id="i7" i:type="Mass"><Attributes><Attribute z:Id="i8"><AttributeType>value</AttributeType><IsRequired>true</IsRequired><Value i:type="a:double" xmlns:a="http://www.w3.org/2001/XMLSchema">9.396190686586456</Value></Attribute></Attributes><ChildElements/><ElementName>mass</ElementName><required>false</required><ValueAttribute z:Ref="i8"/></URDFElement><URDFElement z:Id="i9" i:type="Inertia"><Attributes><Attribute z:Id="i10"><AttributeType>ixx</AttributeType><IsRequired>true</IsRequired><Value i:type="a:double" xmlns:a="http://www.w3.org/2001/XMLSchema">0.037750785721450249</Value></Attribute><Attribute z:Id="i11"><AttributeType>ixy</AttributeType><IsRequired>true</IsRequired><Value i:type="a:double" xmlns:a="http://www.w3.org/2001/XMLSchema">-0.00025260952951414417</Value></Attribute><Attribute z:Id="i12"><AttributeType>ixz</AttributeType><IsRequired>true</IsRequired><Value i:type="a:double" xmlns:a="http://www.w3.org/2001/XMLSchema">0.00047244512505706555</Value></Attribute><Attribute z:Id="i13"><AttributeType>iyy</AttributeType><IsRequired>true</IsRequired><Value i:type="a:double" xmlns:a="http://www.w3.org/2001/XMLSchema">0.059669282857082596</Value></Attribute><Attribute z:Id="i14"><AttributeType>iyz</AttributeType><IsRequired>true</IsRequired><Value i:type="a:double" xmlns:a="http://www.w3.org/2001/XMLSchema">-6.2380513801288206E-07</Value></Attribute><Attribute z:Id="i15"><AttributeType>izz</AttributeType><IsRequired>true</IsRequired><Value i:type="a:double" xmlns:a="http://www.w3.org/2001/XMLSchema">0.074553113262024712</Value></Attribute></Attributes><ChildElements/><ElementName>inertia</ElementName><required>false</required><IxxAttribute z:Ref="i10"/><IxyAttribute z:Ref="i11"/><IxzAttribute z:Ref="i12"/><IyyAttribute z:Ref="i13"/><IyzAttribute z:Ref="i14"/><IzzAttribute z:Ref="i15"/></URDFElement></ChildElements><ElementName>inertial</ElementName><required>false</required><Inertia z:Ref="i9"/><Mass z:Ref="i7"/><Origin z:Ref="i4"/></URDFElement><URDFElement z:Id="i16" i:type="Visual"><Attributes/><ChildElements><URDFElement z:Id="i17" i:type="Origin"><Attributes><Attribute z:Id="i18"><AttributeType>xyz</AttributeType><IsRequired>true</IsRequired><Value i:type="a:ArrayOfdouble" xmlns:a="http://schemas.microsoft.com/2003/10/Serialization/Arrays"><a:double>0</a:double><a:double>0</a:double><a:double>0</a:double></Value></Attribute><Attribute z:Id="i19"><AttributeType>rpy</AttributeType><IsRequired>true</IsRequired><Value i:type="a:ArrayOfdouble" xmlns:a="http://schemas.microsoft.com/2003/10/Serialization/Arrays"><a:double>0</a:double><a:double>0</a:double><a:double>0</a:double></Value></Attribute></Attributes><ChildElements/><ElementName>origin</ElementName><required>false</required><RPYAttribute z:Ref="i19"/><XYZAttribute z:Ref="i18"/><isCustomized>false</isCustomized></URDFElement><URDFElement z:Id="i20" i:type="Geometry"><Attributes/><ChildElements><URDFElement z:Id="i21" i:type="Mesh"><Attributes><Attribute z:Id="i22"><AttributeType>filename</AttributeType><IsRequired>true</IsRequired><Value i:nil="true"/></Attribute></Attributes><ChildElements/><ElementName>mesh</ElementName><required>false</required><FilenameAttribute z:Ref="i22"/></URDFElement></ChildElements><ElementName>geometry</ElementName><required>true</required><Mesh z:Ref="i21"/></URDFElement><URDFElement z:Id="i23" i:type="Material"><Attributes><Attribute z:Id="i24"><AttributeType>name</AttributeType><IsRequired>true</IsRequired><Value i:type="a:string" xmlns:a="http://www.w3.org/2001/XMLSchema"/></Attribute></Attributes><ChildElements><URDFElement z:Id="i25" i:type="Color"><Attributes><Attribute z:Id="i26"><AttributeType>rgba</AttributeType><IsRequired>true</IsRequired><Value i:type="a:ArrayOfdouble" xmlns:a="http://schemas.microsoft.com/2003/10/Serialization/Arrays"><a:double>0.75294117647058822</a:double><a:double>0.75294117647058822</a:double><a:double>0.75294117647058822</a:double><a:double>1</a:double></Value></Attribute></Attributes><ChildElements/><ElementName>color</ElementName><required>false</required><RGBAAttribute z:Ref="i26"/></URDFElement><URDFElement z:Id="i27" i:type="Texture"><Attributes><Attribute z:Id="i28"><AttributeType>filename</AttributeType><IsRequired>true</IsRequired><Value i:nil="true"/></Attribute></Attributes><ChildElements/><ElementName>texture</ElementName><required>false</required><FilenameAttribute z:Ref="i28"/><wFilename/></URDFElement></ChildElements><ElementName>material</ElementName><required>false</required><Color z:Ref="i25"/><NameAttribute z:Ref="i24"/><Texture z:Ref="i27"/></URDFElement></ChildElements><ElementName>visual</ElementName><required>false</required><Geometry z:Ref="i20"/><Material z:Ref="i23"/><Origin z:Ref="i17"/></URDFElement><URDFElement z:Id="i29" i:type="Collision"><Attributes/><ChildElements><URDFElement z:Id="i30" i:type="Origin"><Attributes><Attribute z:Id="i31"><AttributeType>xyz</AttributeType><IsRequired>true</IsRequired><Value i:type="a:ArrayOfdouble" xmlns:a="http://schemas.microsoft.com/2003/10/Serialization/Arrays"><a:double>0</a:double><a:double>0</a:double><a:double>0</a:double></Value></Attribute><Attribute z:Id="i32"><AttributeType>rpy</AttributeType><IsRequired>true</IsRequired><Value i:type="a:ArrayOfdouble" xmlns:a="http://schemas.microsoft.com/2003/10/Serialization/Arrays"><a:double>0</a:double><a:double>0</a:double><a:double>0</a:double></Value></Attribute></Attributes><ChildElements/><ElementName>origin</ElementName><required>false</required><RPYAttribute z:Ref="i32"/><XYZAttribute z:Ref="i31"/><isCustomized>false</isCustomized></URDFElement><URDFElement z:Id="i33" i:type="Geometry"><Attributes/><ChildElements><URDFElement z:Id="i34" i:type="Mesh"><Attributes><Attribute z:Id="i35"><AttributeType>filename</AttributeType><IsRequired>true</IsRequired><Value i:nil="true"/></Attribute></Attributes><ChildElements/><ElementName>mesh</ElementName><required>false</required><FilenameAttribute z:Ref="i35"/></URDFElement></ChildElements><ElementName>geometry</ElementName><required>true</required><Mesh z:Ref="i34"/></URDFElement></ChildElements><ElementName>collision</ElementName><required>false</required><Geometry z:Ref="i33"/><Origin z:Ref="i30"/></URDFElement><URDFElement z:Id="i36" i:type="Joint"><Attributes><Attribute z:Id="i37"><AttributeType>name</AttributeType><IsRequired>true</IsRequired><Value i:type="a:string" xmlns:a="http://www.w3.org/2001/XMLSchema"/></Attribute><Attribute z:Id="i38"><AttributeType>type</AttributeType><IsRequired>true</IsRequired><Value i:type="a:string" xmlns:a="http://www.w3.org/2001/XMLSchema"/></Attribute></Attributes><ChildElements><URDFElement z:Id="i39" i:type="Origin"><Attributes><Attribute z:Id="i40"><AttributeType>xyz</AttributeType><IsRequired>true</IsRequired><Value i:type="a:ArrayOfdouble" xmlns:a="http://schemas.microsoft.com/2003/10/Serialization/Arrays"><a:double>0</a:double><a:double>0</a:double><a:double>0</a:double></Value></Attribute><Attribute z:Id="i41"><AttributeType>rpy</AttributeType><IsRequired>true</IsRequired><Value i:type="a:ArrayOfdouble" xmlns:a="http://schemas.microsoft.com/2003/10/Serialization/Arrays"><a:double>0</a:double><a:double>0</a:double><a:double>0</a:double></Value></Attribute></Attributes><ChildElements/><ElementName>origin</ElementName><required>false</required><RPYAttribute z:Ref="i41"/><XYZAttribute z:Ref="i40"/><isCustomized>false</isCustomized></URDFElement><URDFElement z:Id="i42" i:type="ParentLink"><Attributes><Attribute z:Id="i43"><AttributeType>link</AttributeType><IsRequired>true</IsRequired><Value i:type="a:string" xmlns:a="http://www.w3.org/2001/XMLSchema"/></Attribute></Attributes><ChildElements/><ElementName>parent</ElementName><required>true</required><NameAttribute z:Ref="i43"/></URDFElement><URDFElement z:Id="i44" i:type="ChildLink"><Attributes><Attribute z:Id="i45"><AttributeType>link</AttributeType><IsRequired>true</IsRequired><Value i:type="a:string" xmlns:a="http://www.w3.org/2001/XMLSchema"/></Attribute></Attributes><ChildElements/><ElementName>child</ElementName><required>true</required><NameAttribute z:Ref="i45"/></URDFElement><URDFElement z:Id="i46" i:type="Axis"><Attributes><Attribute z:Id="i47"><AttributeType>xyz</AttributeType><IsRequired>true</IsRequired><Value i:type="a:ArrayOfdouble" xmlns:a="http://schemas.microsoft.com/2003/10/Serialization/Arrays"><a:double>0</a:double><a:double>0</a:double><a:double>0</a:double></Value></Attribute></Attributes><ChildElements/><ElementName>axis</ElementName><required>false</required><XYZAttribute z:Ref="i47"/></URDFElement><URDFElement z:Id="i48" i:type="Limit"><Attributes><Attribute z:Id="i49"><AttributeType>lower</AttributeType><IsRequired>false</IsRequired><Value i:nil="true"/></Attribute><Attribute z:Id="i50"><AttributeType>upper</AttributeType><IsRequired>false</IsRequired><Value i:nil="true"/></Attribute><Attribute z:Id="i51"><AttributeType>effort</AttributeType><IsRequired>true</IsRequired><Value i:nil="true"/></Attribute><Attribute z:Id="i52"><AttributeType>velocity</AttributeType><IsRequired>true</IsRequired><Value i:nil="true"/></Attribute></Attributes><ChildElements/><ElementName>limit</ElementName><required>false</required><EffortAttribute z:Ref="i51"/><LowerAttribute z:Ref="i49"/><UpperAttribute z:Ref="i50"/><VelocityAttribute z:Ref="i52"/></URDFElement><URDFElement z:Id="i53" i:type="Calibration"><Attributes><Attribute z:Id="i54"><AttributeType>rising</AttributeType><IsRequired>false</IsRequired><Value i:nil="true"/></Attribute><Attribute z:Id="i55"><AttributeType>falling</AttributeType><IsRequired>false</IsRequired><Value i:nil="true"/></Attribute></Attributes><ChildElements/><ElementName>calibration</ElementName><required>false</required><FallingAttribute z:Ref="i55"/><RisingAttribute z:Ref="i54"/></URDFElement><URDFElement z:Id="i56" i:type="Dynamics"><Attributes><Attribute z:Id="i57"><AttributeType>damping</AttributeType><IsRequired>false</IsRequired><Value i:nil="true"/></Attribute><Attribute z:Id="i58"><AttributeType>friction</AttributeType><IsRequired>false</IsRequired><Value i:nil="true"/></Attribute></Attributes><ChildElements/><ElementName>dynamics</ElementName><required>false</required><DampingAttribute z:Ref="i57"/><FrictionAttribute z:Ref="i58"/></URDFElement><URDFElement z:Id="i59" i:type="SafetyController"><Attributes><Attribute z:Id="i60"><AttributeType>soft_upper_limit</AttributeType><IsRequired>false</IsRequired><Value i:nil="true"/></Attribute><Attribute z:Id="i61"><AttributeType>soft_lower_limit</AttributeType><IsRequired>false</IsRequired><Value i:nil="true"/></Attribute><Attribute z:Id="i62"><AttributeType>k_position</AttributeType><IsRequired>false</IsRequired><Value i:nil="true"/></Attribute><Attribute z:Id="i63"><AttributeType>k_velocity</AttributeType><IsRequired>true</IsRequired><Value i:nil="true"/></Attribute></Attributes><ChildElements/><ElementName>safety_controller</ElementName><required>false</required><KPositionAttribute z:Ref="i62"/><KVelocityAttribute z:Ref="i63"/><SoftLowerAttribute z:Ref="i61"/><SoftUpperAttribute z:Ref="i60"/></URDFElement><URDFElement z:Id="i64" i:type="Mimic"><Attributes><Attribute z:Id="i65"><AttributeType>joint</AttributeType><IsRequired>true</IsRequired><Value i:nil="true"/></Attribute><Attribute z:Id="i66"><AttributeType>multiplier</AttributeType><IsRequired>false</IsRequired><Value i:nil="true"/></Attribute><Attribute z:Id="i67"><AttributeType>offset</AttributeType><IsRequired>false</IsRequired><Value i:nil="true"/></Attribute></Attributes><ChildElements/><ElementName>mimic</ElementName><required>false</required><JointNameAttribute z:Ref="i65"/><MultiplierAttribute z:Ref="i66"/><OffsetAttribute z:Ref="i67"/></URDFElement></ChildElements><ElementName>joint</ElementName><required>false</required><Axis z:Ref="i46"/><AxisName/><Calibration z:Ref="i53"/><Child z:Ref="i44"/><CoordinateSystemName>Coordinate System1</CoordinateSystemName><Dynamics z:Ref="i56"/><Limit z:Ref="i48"/><Mimic z:Ref="i64"/><NameAttribute z:Ref="i37"/><Origin z:Ref="i39"/><Parent z:Ref="i42"/><Safety z:Ref="i59"/><TypeAttribute z:Ref="i38"/></URDFElement></ChildElements><ElementName>link</ElementName><required>true</required><Children><Link z:Id="i68"><Attributes><Attribute z:Id="i69"><AttributeType>name</AttributeType><IsRequired>true</IsRequired><Value i:type="a:string" xmlns:a="http://www.w3.org/2001/XMLSchema">lidar_link</Value></Attribute></Attributes><ChildElements><URDFElement z:Id="i70" i:type="Inertial"><Attributes/><ChildElements><URDFElement z:Id="i71" i:type="Origin"><Attributes><Attribute z:Id="i72"><AttributeType>xyz</AttributeType><IsRequired>true</IsRequired><Value i:type="a:ArrayOfdouble" xmlns:a="http://schemas.microsoft.com/2003/10/Serialization/Arrays"><a:double>0.014838317136805057</a:double><a:double>0.00044768343099887975</a:double><a:double>-0.021153620818728069</a:double></Value></Attribute><Attribute z:Id="i73"><AttributeType>rpy</AttributeType><IsRequired>true</IsRequired><Value i:type="a:ArrayOfdouble" xmlns:a="http://schemas.microsoft.com/2003/10/Serialization/Arrays"><a:double>0</a:double><a:double>0</a:double><a:double>0</a:double></Value></Attribute></Attributes><ChildElements/><ElementName>origin</ElementName><required>false</required><RPYAttribute z:Ref="i73"/><XYZAttribute z:Ref="i72"/><isCustomized>false</isCustomized></URDFElement><URDFElement z:Id="i74" i:type="Mass"><Attributes><Attribute z:Id="i75"><AttributeType>value</AttributeType><IsRequired>true</IsRequired><Value i:type="a:double" xmlns:a="http://www.w3.org/2001/XMLSchema">0.031240912740486168</Value></Attribute></Attributes><ChildElements/><ElementName>mass</ElementName><required>false</required><ValueAttribute z:Ref="i75"/></URDFElement><URDFElement z:Id="i76" i:type="Inertia"><Attributes><Attribute z:Id="i77"><AttributeType>ixx</AttributeType><IsRequired>true</IsRequired><Value i:type="a:double" xmlns:a="http://www.w3.org/2001/XMLSchema">8.8802637080853618E-06</Value></Attribute><Attribute z:Id="i78"><AttributeType>ixy</AttributeType><IsRequired>true</IsRequired><Value i:type="a:double" xmlns:a="http://www.w3.org/2001/XMLSchema">-1.7766449426414631E-07</Value></Attribute><Attribute z:Id="i79"><AttributeType>ixz</AttributeType><IsRequired>true</IsRequired><Value i:type="a:double" xmlns:a="http://www.w3.org/2001/XMLSchema">1.1302767990892899E-07</Value></Attribute><Attribute z:Id="i80"><AttributeType>iyy</AttributeType><IsRequired>true</IsRequired><Value i:type="a:double" xmlns:a="http://www.w3.org/2001/XMLSchema">1.4491001820374183E-05</Value></Attribute><Attribute z:Id="i81"><AttributeType>iyz</AttributeType><IsRequired>true</IsRequired><Value i:type="a:double" xmlns:a="http://www.w3.org/2001/XMLSchema">3.4607611495900329E-08</Value></Attribute><Attribute z:Id="i82"><AttributeType>izz</AttributeType><IsRequired>true</IsRequired><Value i:type="a:double" xmlns:a="http://www.w3.org/2001/XMLSchema">2.2528909951833517E-05</Value></Attribute></Attributes><ChildElements/><ElementName>inertia</ElementName><required>false</required><IxxAttribute z:Ref="i77"/><IxyAttribute z:Ref="i78"/><IxzAttribute z:Ref="i79"/><IyyAttribute z:Ref="i80"/><IyzAttribute z:Ref="i81"/><IzzAttribute z:Ref="i82"/></URDFElement></ChildElements><ElementName>inertial</ElementName><required>false</required><Inertia z:Ref="i76"/><Mass z:Ref="i74"/><Origin z:Ref="i71"/></URDFElement><URDFElement z:Id="i83" i:type="Visual"><Attributes/><ChildElements><URDFElement z:Id="i84" i:type="Origin"><Attributes><Attribute z:Id="i85"><AttributeType>xyz</AttributeType><IsRequired>true</IsRequired><Value i:type="a:ArrayOfdouble" xmlns:a="http://schemas.microsoft.com/2003/10/Serialization/Arrays"><a:double>0</a:double><a:double>0</a:double><a:double>0</a:double></Value></Attribute><Attribute z:Id="i86"><AttributeType>rpy</AttributeType><IsRequired>true</IsRequired><Value i:type="a:ArrayOfdouble" xmlns:a="http://schemas.microsoft.com/2003/10/Serialization/Arrays"><a:double>0</a:double><a:double>0</a:double><a:double>0</a:double></Value></Attribute></Attributes><ChildElements/><ElementName>origin</ElementName><required>false</required><RPYAttribute z:Ref="i86"/><XYZAttribute z:Ref="i85"/><isCustomized>false</isCustomized></URDFElement><URDFElement z:Id="i87" i:type="Geometry"><Attributes/><ChildElements><URDFElement z:Id="i88" i:type="Mesh"><Attributes><Attribute z:Id="i89"><AttributeType>filename</AttributeType><IsRequired>true</IsRequired><Value i:nil="true"/></Attribute></Attributes><ChildElements/><ElementName>mesh</ElementName><required>false</required><FilenameAttribute z:Ref="i89"/></URDFElement></ChildElements><ElementName>geometry</ElementName><required>true</required><Mesh z:Ref="i88"/></URDFElement><URDFElement z:Id="i90" i:type="Material"><Attributes><Attribute z:Id="i91"><AttributeType>name</AttributeType><IsRequired>true</IsRequired><Value i:type="a:string" xmlns:a="http://www.w3.org/2001/XMLSchema"/></Attribute></Attributes><ChildElements><URDFElement z:Id="i92" i:type="Color"><Attributes><Attribute z:Id="i93"><AttributeType>rgba</AttributeType><IsRequired>true</IsRequired><Value i:type="a:ArrayOfdouble" xmlns:a="http://schemas.microsoft.com/2003/10/Serialization/Arrays"><a:double>0.792156862745098</a:double><a:double>0.81960784313725488</a:double><a:double>0.93333333333333335</a:double><a:double>1</a:double></Value></Attribute></Attributes><ChildElements/><ElementName>color</ElementName><required>false</required><RGBAAttribute z:Ref="i93"/></URDFElement><URDFElement z:Id="i94" i:type="Texture"><Attributes><Attribute z:Id="i95"><AttributeType>filename</AttributeType><IsRequired>true</IsRequired><Value i:nil="true"/></Attribute></Attributes><ChildElements/><ElementName>texture</ElementName><required>false</required><FilenameAttribute z:Ref="i95"/><wFilename/></URDFElement></ChildElements><ElementName>material</ElementName><required>false</required><Color z:Ref="i92"/><NameAttribute z:Ref="i91"/><Texture z:Ref="i94"/></URDFElement></ChildElements><ElementName>visual</ElementName><required>false</required><Geometry z:Ref="i87"/><Material z:Ref="i90"/><Origin z:Ref="i84"/></URDFElement><URDFElement z:Id="i96" i:type="Collision"><Attributes/><ChildElements><URDFElement z:Id="i97" i:type="Origin"><Attributes><Attribute z:Id="i98"><AttributeType>xyz</AttributeType><IsRequired>true</IsRequired><Value i:type="a:ArrayOfdouble" xmlns:a="http://schemas.microsoft.com/2003/10/Serialization/Arrays"><a:double>0</a:double><a:double>0</a:double><a:double>0</a:double></Value></Attribute><Attribute z:Id="i99"><AttributeType>rpy</AttributeType><IsRequired>true</IsRequired><Value i:type="a:ArrayOfdouble" xmlns:a="http://schemas.microsoft.com/2003/10/Serialization/Arrays"><a:double>0</a:double><a:double>0</a:double><a:double>0</a:double></Value></Attribute></Attributes><ChildElements/><ElementName>origin</ElementName><required>false</required><RPYAttribute z:Ref="i99"/><XYZAttribute z:Ref="i98"/><isCustomized>false</isCustomized></URDFElement><URDFElement z:Id="i100" i:type="Geometry"><Attributes/><ChildElements><URDFElement z:Id="i101" i:type="Mesh"><Attributes><Attribute z:Id="i102"><AttributeType>filename</AttributeType><IsRequired>true</IsRequired><Value i:nil="true"/></Attribute></Attributes><ChildElements/><ElementName>mesh</ElementName><required>false</required><FilenameAttribute z:Ref="i102"/></URDFElement></ChildElements><ElementName>geometry</ElementName><required>true</required><Mesh z:Ref="i101"/></URDFElement></ChildElements><ElementName>collision</ElementName><required>false</required><Geometry z:Ref="i100"/><Origin z:Ref="i97"/></URDFElement><URDFElement z:Id="i103" i:type="Joint"><Attributes><Attribute z:Id="i104"><AttributeType>name</AttributeType><IsRequired>true</IsRequired><Value i:type="a:string" xmlns:a="http://www.w3.org/2001/XMLSchema">lidar</Value></Attribute><Attribute z:Id="i105"><AttributeType>type</AttributeType><IsRequired>true</IsRequired><Value i:type="a:string" xmlns:a="http://www.w3.org/2001/XMLSchema">fixed</Value></Attribute></Attributes><ChildElements><URDFElement z:Id="i106" i:type="Origin"><Attributes><Attribute z:Id="i107"><AttributeType>xyz</AttributeType><IsRequired>true</IsRequired><Value i:type="a:ArrayOfdouble" xmlns:a="http://schemas.microsoft.com/2003/10/Serialization/Arrays"><a:double>0.15566672564358219</a:double><a:double>0.0011277706563345147</a:double><a:double>0.14609999999809897</a:double></Value></Attribute><Attribute z:Id="i108"><AttributeType>rpy</AttributeType><IsRequired>true</IsRequired><Value i:type="a:ArrayOfdouble" xmlns:a="http://schemas.microsoft.com/2003/10/Serialization/Arrays"><a:double>0</a:double><a:double>0</a:double><a:double>0</a:double></Value></Attribute></Attributes><ChildElements/><ElementName>origin</ElementName><required>false</required><RPYAttribute z:Ref="i108"/><XYZAttribute z:Ref="i107"/><isCustomized>false</isCustomized></URDFElement><URDFElement z:Id="i109" i:type="ParentLink"><Attributes><Attribute z:Id="i110"><AttributeType>link</AttributeType><IsRequired>true</IsRequired><Value i:type="a:string" xmlns:a="http://www.w3.org/2001/XMLSchema">base_link</Value></Attribute></Attributes><ChildElements/><ElementName>parent</ElementName><required>true</required><NameAttribute z:Ref="i110"/></URDFElement><URDFElement z:Id="i111" i:type="ChildLink"><Attributes><Attribute z:Id="i112"><AttributeType>link</AttributeType><IsRequired>true</IsRequired><Value i:type="a:string" xmlns:a="http://www.w3.org/2001/XMLSchema">lidar_link</Value></Attribute></Attributes><ChildElements/><ElementName>child</ElementName><required>true</required><NameAttribute z:Ref="i112"/></URDFElement><URDFElement z:Id="i113" i:type="Axis"><Attributes><Attribute z:Id="i114"><AttributeType>xyz</AttributeType><IsRequired>true</IsRequired><Value i:type="a:ArrayOfdouble" xmlns:a="http://schemas.microsoft.com/2003/10/Serialization/Arrays"><a:double>0</a:double><a:double>0</a:double><a:double>0</a:double></Value></Attribute></Attributes><ChildElements/><ElementName>axis</ElementName><required>false</required><XYZAttribute z:Ref="i114"/></URDFElement><URDFElement z:Id="i115" i:type="Limit"><Attributes><Attribute z:Id="i116"><AttributeType>lower</AttributeType><IsRequired>false</IsRequired><Value i:nil="true"/></Attribute><Attribute z:Id="i117"><AttributeType>upper</AttributeType><IsRequired>false</IsRequired><Value i:nil="true"/></Attribute><Attribute z:Id="i118"><AttributeType>effort</AttributeType><IsRequired>true</IsRequired><Value i:nil="true"/></Attribute><Attribute z:Id="i119"><AttributeType>velocity</AttributeType><IsRequired>true</IsRequired><Value i:nil="true"/></Attribute></Attributes><ChildElements/><ElementName>limit</ElementName><required>false</required><EffortAttribute z:Ref="i118"/><LowerAttribute z:Ref="i116"/><UpperAttribute z:Ref="i117"/><VelocityAttribute z:Ref="i119"/></URDFElement><URDFElement z:Id="i120" i:type="Calibration"><Attributes><Attribute z:Id="i121"><AttributeType>rising</AttributeType><IsRequired>false</IsRequired><Value i:nil="true"/></Attribute><Attribute z:Id="i122"><AttributeType>falling</AttributeType><IsRequired>false</IsRequired><Value i:nil="true"/></Attribute></Attributes><ChildElements/><ElementName>calibration</ElementName><required>false</required><FallingAttribute z:Ref="i122"/><RisingAttribute z:Ref="i121"/></URDFElement><URDFElement z:Id="i123" i:type="Dynamics"><Attributes><Attribute z:Id="i124"><AttributeType>damping</AttributeType><IsRequired>false</IsRequired><Value i:nil="true"/></Attribute><Attribute z:Id="i125"><AttributeType>friction</AttributeType><IsRequired>false</IsRequired><Value i:nil="true"/></Attribute></Attributes><ChildElements/><ElementName>dynamics</ElementName><required>false</required><DampingAttribute z:Ref="i124"/><FrictionAttribute z:Ref="i125"/></URDFElement><URDFElement z:Id="i126" i:type="SafetyController"><Attributes><Attribute z:Id="i127"><AttributeType>soft_upper_limit</AttributeType><IsRequired>false</IsRequired><Value i:nil="true"/></Attribute><Attribute z:Id="i128"><AttributeType>soft_lower_limit</AttributeType><IsRequired>false</IsRequired><Value i:nil="true"/></Attribute><Attribute z:Id="i129"><AttributeType>k_position</AttributeType><IsRequired>false</IsRequired><Value i:nil="true"/></Attribute><Attribute z:Id="i130"><AttributeType>k_velocity</AttributeType><IsRequired>true</IsRequired><Value i:nil="true"/></Attribute></Attributes><ChildElements/><ElementName>safety_controller</ElementName><required>false</required><KPositionAttribute z:Ref="i129"/><KVelocityAttribute z:Ref="i130"/><SoftLowerAttribute z:Ref="i128"/><SoftUpperAttribute z:Ref="i127"/></URDFElement><URDFElement z:Id="i131" i:type="Mimic"><Attributes><Attribute z:Id="i132"><AttributeType>joint</AttributeType><IsRequired>true</IsRequired><Value i:nil="true"/></Attribute><Attribute z:Id="i133"><AttributeType>multiplier</AttributeType><IsRequired>false</IsRequired><Value i:nil="true"/></Attribute><Attribute z:Id="i134"><AttributeType>offset</AttributeType><IsRequired>false</IsRequired><Value i:nil="true"/></Attribute></Attributes><ChildElements/><ElementName>mimic</ElementName><required>false</required><JointNameAttribute z:Ref="i132"/><MultiplierAttribute z:Ref="i133"/><OffsetAttribute z:Ref="i134"/></URDFElement></ChildElements><ElementName>joint</ElementName><required>false</required><Axis z:Ref="i113"/><AxisName>Axis_lidar</AxisName><Calibration z:Ref="i120"/><Child z:Ref="i111"/><CoordinateSystemName>Coordinate System2</CoordinateSystemName><Dynamics z:Ref="i123"/><Limit z:Ref="i115"/><Mimic z:Ref="i131"/><NameAttribute z:Ref="i104"/><Origin z:Ref="i106"/><Parent z:Ref="i109"/><Safety z:Ref="i126"/><TypeAttribute z:Ref="i105"/></URDFElement></ChildElements><ElementName>link</ElementName><required>true</required><Children/><Collision z:Ref="i96"/><Inertial z:Ref="i70"/><Joint z:Ref="i103"/><NameAttribute z:Ref="i69"/><Parent z:Ref="i1"/><STLQualityFine>false</STLQualityFine><SWComponentPIDs xmlns:a="http://schemas.microsoft.com/2003/10/Serialization/Arrays"><a:base64Binary>aEIAAAUAAAD//v8fWAAzAF8ATABpAGQAYQByAC0AMQBAAHIAbwBiAG8AVgAzACgAdQByAGQAZgBfAGMAaABhAG4AZwBlAGQAKQAEAAAAEAAAAAEAAAABAAAAiwQAAA==</a:base64Binary></SWComponentPIDs><SWMainComponentPID i:nil="true"/><Visual z:Ref="i83"/><isFixedFrame>false</isFixedFrame><isIncomplete>false</isIncomplete></Link><Link z:Id="i135"><Attributes><Attribute z:Id="i136"><AttributeType>name</AttributeType><IsRequired>true</IsRequired><Value i:type="a:string" xmlns:a="http://www.w3.org/2001/XMLSchema">imu_link</Value></Attribute></Attributes><ChildElements><URDFElement z:Id="i137" i:type="Inertial"><Attributes/><ChildElements><URDFElement z:Id="i138" i:type="Origin"><Attributes><Attribute z:Id="i139"><AttributeType>xyz</AttributeType><IsRequired>true</IsRequired><Value i:type="a:ArrayOfdouble" xmlns:a="http://schemas.microsoft.com/2003/10/Serialization/Arrays"><a:double>-0.012652845066781104</a:double><a:double>-0.012693666023714495</a:double><a:double>-0.00550000000000006</a:double></Value></Attribute><Attribute z:Id="i140"><AttributeType>rpy</AttributeType><IsRequired>true</IsRequired><Value i:type="a:ArrayOfdouble" xmlns:a="http://schemas.microsoft.com/2003/10/Serialization/Arrays"><a:double>0</a:double><a:double>0</a:double><a:double>0</a:double></Value></Attribute></Attributes><ChildElements/><ElementName>origin</ElementName><required>false</required><RPYAttribute z:Ref="i140"/><XYZAttribute z:Ref="i139"/><isCustomized>false</isCustomized></URDFElement><URDFElement z:Id="i141" i:type="Mass"><Attributes><Attribute z:Id="i142"><AttributeType>value</AttributeType><IsRequired>true</IsRequired><Value i:type="a:double" xmlns:a="http://www.w3.org/2001/XMLSchema">0.0071204927508749152</Value></Attribute></Attributes><ChildElements/><ElementName>mass</ElementName><required>false</required><ValueAttribute z:Ref="i142"/></URDFElement><URDFElement z:Id="i143" i:type="Inertia"><Attributes><Attribute z:Id="i144"><AttributeType>ixx</AttributeType><IsRequired>true</IsRequired><Value i:type="a:double" xmlns:a="http://www.w3.org/2001/XMLSchema">4.5609851561914559E-07</Value></Attribute><Attribute z:Id="i145"><AttributeType>ixy</AttributeType><IsRequired>true</IsRequired><Value i:type="a:double" xmlns:a="http://www.w3.org/2001/XMLSchema">9.3184393074195757E-09</Value></Attribute><Attribute z:Id="i146"><AttributeType>ixz</AttributeType><IsRequired>true</IsRequired><Value i:type="a:double" xmlns:a="http://www.w3.org/2001/XMLSchema">-1.1102832568513459E-22</Value></Attribute><Attribute z:Id="i147"><AttributeType>iyy</AttributeType><IsRequired>true</IsRequired><Value i:type="a:double" xmlns:a="http://www.w3.org/2001/XMLSchema">4.5615854575030384E-07</Value></Attribute><Attribute z:Id="i148"><AttributeType>iyz</AttributeType><IsRequired>true</IsRequired><Value i:type="a:double" xmlns:a="http://www.w3.org/2001/XMLSchema">-1.4286879436499486E-21</Value></Attribute><Attribute z:Id="i149"><AttributeType>izz</AttributeType><IsRequired>true</IsRequired><Value i:type="a:double" xmlns:a="http://www.w3.org/2001/XMLSchema">7.686604575601382E-07</Value></Attribute></Attributes><ChildElements/><ElementName>inertia</ElementName><required>false</required><IxxAttribute z:Ref="i144"/><IxyAttribute z:Ref="i145"/><IxzAttribute z:Ref="i146"/><IyyAttribute z:Ref="i147"/><IyzAttribute z:Ref="i148"/><IzzAttribute z:Ref="i149"/></URDFElement></ChildElements><ElementName>inertial</ElementName><required>false</required><Inertia z:Ref="i143"/><Mass z:Ref="i141"/><Origin z:Ref="i138"/></URDFElement><URDFElement z:Id="i150" i:type="Visual"><Attributes/><ChildElements><URDFElement z:Id="i151" i:type="Origin"><Attributes><Attribute z:Id="i152"><AttributeType>xyz</AttributeType><IsRequired>true</IsRequired><Value i:type="a:ArrayOfdouble" xmlns:a="http://schemas.microsoft.com/2003/10/Serialization/Arrays"><a:double>0</a:double><a:double>0</a:double><a:double>0</a:double></Value></Attribute><Attribute z:Id="i153"><AttributeType>rpy</AttributeType><IsRequired>true</IsRequired><Value i:type="a:ArrayOfdouble" xmlns:a="http://schemas.microsoft.com/2003/10/Serialization/Arrays"><a:double>0</a:double><a:double>0</a:double><a:double>0</a:double></Value></Attribute></Attributes><ChildElements/><ElementName>origin</ElementName><required>false</required><RPYAttribute z:Ref="i153"/><XYZAttribute z:Ref="i152"/><isCustomized>false</isCustomized></URDFElement><URDFElement z:Id="i154" i:type="Geometry"><Attributes/><ChildElements><URDFElement z:Id="i155" i:type="Mesh"><Attributes><Attribute z:Id="i156"><AttributeType>filename</AttributeType><IsRequired>true</IsRequired><Value i:nil="true"/></Attribute></Attributes><ChildElements/><ElementName>mesh</ElementName><required>false</required><FilenameAttribute z:Ref="i156"/></URDFElement></ChildElements><ElementName>geometry</ElementName><required>true</required><Mesh z:Ref="i155"/></URDFElement><URDFElement z:Id="i157" i:type="Material"><Attributes><Attribute z:Id="i158"><AttributeType>name</AttributeType><IsRequired>true</IsRequired><Value i:type="a:string" xmlns:a="http://www.w3.org/2001/XMLSchema"/></Attribute></Attributes><ChildElements><URDFElement z:Id="i159" i:type="Color"><Attributes><Attribute z:Id="i160"><AttributeType>rgba</AttributeType><IsRequired>true</IsRequired><Value i:type="a:ArrayOfdouble" xmlns:a="http://schemas.microsoft.com/2003/10/Serialization/Arrays"><a:double>0.792156862745098</a:double><a:double>0.81960784313725488</a:double><a:double>0.93333333333333335</a:double><a:double>1</a:double></Value></Attribute></Attributes><ChildElements/><ElementName>color</ElementName><required>false</required><RGBAAttribute z:Ref="i160"/></URDFElement><URDFElement z:Id="i161" i:type="Texture"><Attributes><Attribute z:Id="i162"><AttributeType>filename</AttributeType><IsRequired>true</IsRequired><Value i:nil="true"/></Attribute></Attributes><ChildElements/><ElementName>texture</ElementName><required>false</required><FilenameAttribute z:Ref="i162"/><wFilename/></URDFElement></ChildElements><ElementName>material</ElementName><required>false</required><Color z:Ref="i159"/><NameAttribute z:Ref="i158"/><Texture z:Ref="i161"/></URDFElement></ChildElements><ElementName>visual</ElementName><required>false</required><Geometry z:Ref="i154"/><Material z:Ref="i157"/><Origin z:Ref="i151"/></URDFElement><URDFElement z:Id="i163" i:type="Collision"><Attributes/><ChildElements><URDFElement z:Id="i164" i:type="Origin"><Attributes><Attribute z:Id="i165"><AttributeType>xyz</AttributeType><IsRequired>true</IsRequired><Value i:type="a:ArrayOfdouble" xmlns:a="http://schemas.microsoft.com/2003/10/Serialization/Arrays"><a:double>0</a:double><a:double>0</a:double><a:double>0</a:double></Value></Attribute><Attribute z:Id="i166"><AttributeType>rpy</AttributeType><IsRequired>true</IsRequired><Value i:type="a:ArrayOfdouble" xmlns:a="http://schemas.microsoft.com/2003/10/Serialization/Arrays"><a:double>0</a:double><a:double>0</a:double><a:double>0</a:double></Value></Attribute></Attributes><ChildElements/><ElementName>origin</ElementName><required>false</required><RPYAttribute z:Ref="i166"/><XYZAttribute z:Ref="i165"/><isCustomized>false</isCustomized></URDFElement><URDFElement z:Id="i167" i:type="Geometry"><Attributes/><ChildElements><URDFElement z:Id="i168" i:type="Mesh"><Attributes><Attribute z:Id="i169"><AttributeType>filename</AttributeType><IsRequired>true</IsRequired><Value i:nil="true"/></Attribute></Attributes><ChildElements/><ElementName>mesh</ElementName><required>false</required><FilenameAttribute z:Ref="i169"/></URDFElement></ChildElements><ElementName>geometry</ElementName><required>true</required><Mesh z:Ref="i168"/></URDFElement></ChildElements><ElementName>collision</ElementName><required>false</required><Geometry z:Ref="i167"/><Origin z:Ref="i164"/></URDFElement><URDFElement z:Id="i170" i:type="Joint"><Attributes><Attribute z:Id="i171"><AttributeType>name</AttributeType><IsRequired>true</IsRequired><Value i:type="a:string" xmlns:a="http://www.w3.org/2001/XMLSchema">imu</Value></Attribute><Attribute z:Id="i172"><AttributeType>type</AttributeType><IsRequired>true</IsRequired><Value i:type="a:string" xmlns:a="http://www.w3.org/2001/XMLSchema">continuous</Value></Attribute></Attributes><ChildElements><URDFElement z:Id="i173" i:type="Origin"><Attributes><Attribute z:Id="i174"><AttributeType>xyz</AttributeType><IsRequired>true</IsRequired><Value i:type="a:ArrayOfdouble" xmlns:a="http://schemas.microsoft.com/2003/10/Serialization/Arrays"><a:double>0.15399361324346994</a:double><a:double>-0.085457424436671869</a:double><a:double>0.040999999999999481</a:double></Value></Attribute><Attribute z:Id="i175"><AttributeType>rpy</AttributeType><IsRequired>true</IsRequired><Value i:type="a:ArrayOfdouble" xmlns:a="http://schemas.microsoft.com/2003/10/Serialization/Arrays"><a:double>0</a:double><a:double>0</a:double><a:double>0</a:double></Value></Attribute></Attributes><ChildElements/><ElementName>origin</ElementName><required>false</required><RPYAttribute z:Ref="i175"/><XYZAttribute z:Ref="i174"/><isCustomized>false</isCustomized></URDFElement><URDFElement z:Id="i176" i:type="ParentLink"><Attributes><Attribute z:Id="i177"><AttributeType>link</AttributeType><IsRequired>true</IsRequired><Value i:type="a:string" xmlns:a="http://www.w3.org/2001/XMLSchema">base_link</Value></Attribute></Attributes><ChildElements/><ElementName>parent</ElementName><required>true</required><NameAttribute z:Ref="i177"/></URDFElement><URDFElement z:Id="i178" i:type="ChildLink"><Attributes><Attribute z:Id="i179"><AttributeType>link</AttributeType><IsRequired>true</IsRequired><Value i:type="a:string" xmlns:a="http://www.w3.org/2001/XMLSchema">imu_link</Value></Attribute></Attributes><ChildElements/><ElementName>child</ElementName><required>true</required><NameAttribute z:Ref="i179"/></URDFElement><URDFElement z:Id="i180" i:type="Axis"><Attributes><Attribute z:Id="i181"><AttributeType>xyz</AttributeType><IsRequired>true</IsRequired><Value i:type="a:ArrayOfdouble" xmlns:a="http://schemas.microsoft.com/2003/10/Serialization/Arrays"><a:double>0</a:double><a:double>0</a:double><a:double>1</a:double></Value></Attribute></Attributes><ChildElements/><ElementName>axis</ElementName><required>false</required><XYZAttribute z:Ref="i181"/></URDFElement><URDFElement z:Id="i182" i:type="Limit"><Attributes><Attribute z:Id="i183"><AttributeType>lower</AttributeType><IsRequired>false</IsRequired><Value i:nil="true"/></Attribute><Attribute z:Id="i184"><AttributeType>upper</AttributeType><IsRequired>false</IsRequired><Value i:nil="true"/></Attribute><Attribute z:Id="i185"><AttributeType>effort</AttributeType><IsRequired>true</IsRequired><Value i:nil="true"/></Attribute><Attribute z:Id="i186"><AttributeType>velocity</AttributeType><IsRequired>true</IsRequired><Value i:nil="true"/></Attribute></Attributes><ChildElements/><ElementName>limit</ElementName><required>false</required><EffortAttribute z:Ref="i185"/><LowerAttribute z:Ref="i183"/><UpperAttribute z:Ref="i184"/><VelocityAttribute z:Ref="i186"/></URDFElement><URDFElement z:Id="i187" i:type="Calibration"><Attributes><Attribute z:Id="i188"><AttributeType>rising</AttributeType><IsRequired>false</IsRequired><Value i:nil="true"/></Attribute><Attribute z:Id="i189"><AttributeType>falling</AttributeType><IsRequired>false</IsRequired><Value i:nil="true"/></Attribute></Attributes><ChildElements/><ElementName>calibration</ElementName><required>false</required><FallingAttribute z:Ref="i189"/><RisingAttribute z:Ref="i188"/></URDFElement><URDFElement z:Id="i190" i:type="Dynamics"><Attributes><Attribute z:Id="i191"><AttributeType>damping</AttributeType><IsRequired>false</IsRequired><Value i:nil="true"/></Attribute><Attribute z:Id="i192"><AttributeType>friction</AttributeType><IsRequired>false</IsRequired><Value i:nil="true"/></Attribute></Attributes><ChildElements/><ElementName>dynamics</ElementName><required>false</required><DampingAttribute z:Ref="i191"/><FrictionAttribute z:Ref="i192"/></URDFElement><URDFElement z:Id="i193" i:type="SafetyController"><Attributes><Attribute z:Id="i194"><AttributeType>soft_upper_limit</AttributeType><IsRequired>false</IsRequired><Value i:nil="true"/></Attribute><Attribute z:Id="i195"><AttributeType>soft_lower_limit</AttributeType><IsRequired>false</IsRequired><Value i:nil="true"/></Attribute><Attribute z:Id="i196"><AttributeType>k_position</AttributeType><IsRequired>false</IsRequired><Value i:nil="true"/></Attribute><Attribute z:Id="i197"><AttributeType>k_velocity</AttributeType><IsRequired>true</IsRequired><Value i:nil="true"/></Attribute></Attributes><ChildElements/><ElementName>safety_controller</ElementName><required>false</required><KPositionAttribute z:Ref="i196"/><KVelocityAttribute z:Ref="i197"/><SoftLowerAttribute z:Ref="i195"/><SoftUpperAttribute z:Ref="i194"/></URDFElement><URDFElement z:Id="i198" i:type="Mimic"><Attributes><Attribute z:Id="i199"><AttributeType>joint</AttributeType><IsRequired>true</IsRequired><Value i:nil="true"/></Attribute><Attribute z:Id="i200"><AttributeType>multiplier</AttributeType><IsRequired>false</IsRequired><Value i:nil="true"/></Attribute><Attribute z:Id="i201"><AttributeType>offset</AttributeType><IsRequired>false</IsRequired><Value i:nil="true"/></Attribute></Attributes><ChildElements/><ElementName>mimic</ElementName><required>false</required><JointNameAttribute z:Ref="i199"/><MultiplierAttribute z:Ref="i200"/><OffsetAttribute z:Ref="i201"/></URDFElement></ChildElements><ElementName>joint</ElementName><required>false</required><Axis z:Ref="i180"/><AxisName>Axis_imu</AxisName><Calibration z:Ref="i187"/><Child z:Ref="i178"/><CoordinateSystemName>Coordinate System29_imu</CoordinateSystemName><Dynamics z:Ref="i190"/><Limit z:Ref="i182"/><Mimic z:Ref="i198"/><NameAttribute z:Ref="i171"/><Origin z:Ref="i173"/><Parent z:Ref="i176"/><Safety z:Ref="i193"/><TypeAttribute z:Ref="i172"/></URDFElement></ChildElements><ElementName>link</ElementName><required>true</required><Children/><Collision z:Ref="i163"/><Inertial z:Ref="i137"/><Joint z:Ref="i170"/><NameAttribute z:Ref="i136"/><Parent z:Ref="i1"/><STLQualityFine>false</STLQualityFine><SWComponentPIDs xmlns:a="http://schemas.microsoft.com/2003/10/Serialization/Arrays"><a:base64Binary>aEIAAAUAAAD//v8faQBtAHUAXwA0ADAAZABvAC0AMQBAAHIAbwBiAG8AVgAzACgAdQByAGQAZgBfAGMAaABhAG4AZwBlAGQAKQAEAAAAEAAAAAEAAAABAAAAdwkAAA==</a:base64Binary></SWComponentPIDs><SWMainComponentPID i:nil="true"/><Visual z:Ref="i150"/><isFixedFrame>false</isFixedFrame><isIncomplete>false</isIncomplete></Link><Link z:Id="i202"><Attributes><Attribute z:Id="i203"><AttributeType>name</AttributeType><IsRequired>true</IsRequired><Value i:type="a:string" xmlns:a="http://www.w3.org/2001/XMLSchema">right_wheel_link</Value></Attribute></Attributes><ChildElements><URDFElement z:Id="i204" i:type="Inertial"><Attributes/><ChildElements><URDFElement z:Id="i205" i:type="Origin"><Attributes><Attribute z:Id="i206"><AttributeType>xyz</AttributeType><IsRequired>true</IsRequired><Value i:type="a:ArrayOfdouble" xmlns:a="http://schemas.microsoft.com/2003/10/Serialization/Arrays"><a:double>0.00024358782977840221</a:double><a:double>-0.029500099045564304</a:double><a:double>8.011608043645424E-11</a:double></Value></Attribute><Attribute z:Id="i207"><AttributeType>rpy</AttributeType><IsRequired>true</IsRequired><Value i:type="a:ArrayOfdouble" xmlns:a="http://schemas.microsoft.com/2003/10/Serialization/Arrays"><a:double>0</a:double><a:double>0</a:double><a:double>0</a:double></Value></Attribute></Attributes><ChildElements/><ElementName>origin</ElementName><required>false</required><RPYAttribute z:Ref="i207"/><XYZAttribute z:Ref="i206"/><isCustomized>false</isCustomized></URDFElement><URDFElement z:Id="i208" i:type="Mass"><Attributes><Attribute z:Id="i209"><AttributeType>value</AttributeType><IsRequired>true</IsRequired><Value i:type="a:double" xmlns:a="http://www.w3.org/2001/XMLSchema">0.98170665090243969</Value></Attribute></Attributes><ChildElements/><ElementName>mass</ElementName><required>false</required><ValueAttribute z:Ref="i209"/></URDFElement><URDFElement z:Id="i210" i:type="Inertia"><Attributes><Attribute z:Id="i211"><AttributeType>ixx</AttributeType><IsRequired>true</IsRequired><Value i:type="a:double" xmlns:a="http://www.w3.org/2001/XMLSchema">0.0016529885173842311</Value></Attribute><Attribute z:Id="i212"><AttributeType>ixy</AttributeType><IsRequired>true</IsRequired><Value i:type="a:double" xmlns:a="http://www.w3.org/2001/XMLSchema">-1.0124915182156964E-05</Value></Attribute><Attribute z:Id="i213"><AttributeType>ixz</AttributeType><IsRequired>true</IsRequired><Value i:type="a:double" xmlns:a="http://www.w3.org/2001/XMLSchema">1.3027076084651632E-08</Value></Attribute><Attribute z:Id="i214"><AttributeType>iyy</AttributeType><IsRequired>true</IsRequired><Value i:type="a:double" xmlns:a="http://www.w3.org/2001/XMLSchema">0.0028786195096230549</Value></Attribute><Attribute z:Id="i215"><AttributeType>iyz</AttributeType><IsRequired>true</IsRequired><Value i:type="a:double" xmlns:a="http://www.w3.org/2001/XMLSchema">5.3288362588409926E-10</Value></Attribute><Attribute z:Id="i216"><AttributeType>izz</AttributeType><IsRequired>true</IsRequired><Value i:type="a:double" xmlns:a="http://www.w3.org/2001/XMLSchema">0.00165292257365774</Value></Attribute></Attributes><ChildElements/><ElementName>inertia</ElementName><required>false</required><IxxAttribute z:Ref="i211"/><IxyAttribute z:Ref="i212"/><IxzAttribute z:Ref="i213"/><IyyAttribute z:Ref="i214"/><IyzAttribute z:Ref="i215"/><IzzAttribute z:Ref="i216"/></URDFElement></ChildElements><ElementName>inertial</ElementName><required>false</required><Inertia z:Ref="i210"/><Mass z:Ref="i208"/><Origin z:Ref="i205"/></URDFElement><URDFElement z:Id="i217" i:type="Visual"><Attributes/><ChildElements><URDFElement z:Id="i218" i:type="Origin"><Attributes><Attribute z:Id="i219"><AttributeType>xyz</AttributeType><IsRequired>true</IsRequired><Value i:type="a:ArrayOfdouble" xmlns:a="http://schemas.microsoft.com/2003/10/Serialization/Arrays"><a:double>0</a:double><a:double>0</a:double><a:double>0</a:double></Value></Attribute><Attribute z:Id="i220"><AttributeType>rpy</AttributeType><IsRequired>true</IsRequired><Value i:type="a:ArrayOfdouble" xmlns:a="http://schemas.microsoft.com/2003/10/Serialization/Arrays"><a:double>0</a:double><a:double>0</a:double><a:double>0</a:double></Value></Attribute></Attributes><ChildElements/><ElementName>origin</ElementName><required>false</required><RPYAttribute z:Ref="i220"/><XYZAttribute z:Ref="i219"/><isCustomized>false</isCustomized></URDFElement><URDFElement z:Id="i221" i:type="Geometry"><Attributes/><ChildElements><URDFElement z:Id="i222" i:type="Mesh"><Attributes><Attribute z:Id="i223"><AttributeType>filename</AttributeType><IsRequired>true</IsRequired><Value i:nil="true"/></Attribute></Attributes><ChildElements/><ElementName>mesh</ElementName><required>false</required><FilenameAttribute z:Ref="i223"/></URDFElement></ChildElements><ElementName>geometry</ElementName><required>true</required><Mesh z:Ref="i222"/></URDFElement><URDFElement z:Id="i224" i:type="Material"><Attributes><Attribute z:Id="i225"><AttributeType>name</AttributeType><IsRequired>true</IsRequired><Value i:type="a:string" xmlns:a="http://www.w3.org/2001/XMLSchema"/></Attribute></Attributes><ChildElements><URDFElement z:Id="i226" i:type="Color"><Attributes><Attribute z:Id="i227"><AttributeType>rgba</AttributeType><IsRequired>true</IsRequired><Value i:type="a:ArrayOfdouble" xmlns:a="http://schemas.microsoft.com/2003/10/Serialization/Arrays"><a:double>0.2</a:double><a:double>0.2</a:double><a:double>0.2</a:double><a:double>1</a:double></Value></Attribute></Attributes><ChildElements/><ElementName>color</ElementName><required>false</required><RGBAAttribute z:Ref="i227"/></URDFElement><URDFElement z:Id="i228" i:type="Texture"><Attributes><Attribute z:Id="i229"><AttributeType>filename</AttributeType><IsRequired>true</IsRequired><Value i:nil="true"/></Attribute></Attributes><ChildElements/><ElementName>texture</ElementName><required>false</required><FilenameAttribute z:Ref="i229"/><wFilename/></URDFElement></ChildElements><ElementName>material</ElementName><required>false</required><Color z:Ref="i226"/><NameAttribute z:Ref="i225"/><Texture z:Ref="i228"/></URDFElement></ChildElements><ElementName>visual</ElementName><required>false</required><Geometry z:Ref="i221"/><Material z:Ref="i224"/><Origin z:Ref="i218"/></URDFElement><URDFElement z:Id="i230" i:type="Collision"><Attributes/><ChildElements><URDFElement z:Id="i231" i:type="Origin"><Attributes><Attribute z:Id="i232"><AttributeType>xyz</AttributeType><IsRequired>true</IsRequired><Value i:type="a:ArrayOfdouble" xmlns:a="http://schemas.microsoft.com/2003/10/Serialization/Arrays"><a:double>0</a:double><a:double>0</a:double><a:double>0</a:double></Value></Attribute><Attribute z:Id="i233"><AttributeType>rpy</AttributeType><IsRequired>true</IsRequired><Value i:type="a:ArrayOfdouble" xmlns:a="http://schemas.microsoft.com/2003/10/Serialization/Arrays"><a:double>0</a:double><a:double>0</a:double><a:double>0</a:double></Value></Attribute></Attributes><ChildElements/><ElementName>origin</ElementName><required>false</required><RPYAttribute z:Ref="i233"/><XYZAttribute z:Ref="i232"/><isCustomized>false</isCustomized></URDFElement><URDFElement z:Id="i234" i:type="Geometry"><Attributes/><ChildElements><URDFElement z:Id="i235" i:type="Mesh"><Attributes><Attribute z:Id="i236"><AttributeType>filename</AttributeType><IsRequired>true</IsRequired><Value i:nil="true"/></Attribute></Attributes><ChildElements/><ElementName>mesh</ElementName><required>false</required><FilenameAttribute z:Ref="i236"/></URDFElement></ChildElements><ElementName>geometry</ElementName><required>true</required><Mesh z:Ref="i235"/></URDFElement></ChildElements><ElementName>collision</ElementName><required>false</required><Geometry z:Ref="i234"/><Origin z:Ref="i231"/></URDFElement><URDFElement z:Id="i237" i:type="Joint"><Attributes><Attribute z:Id="i238"><AttributeType>name</AttributeType><IsRequired>true</IsRequired><Value i:type="a:string" xmlns:a="http://www.w3.org/2001/XMLSchema">right_wheel</Value></Attribute><Attribute z:Id="i239"><AttributeType>type</AttributeType><IsRequired>true</IsRequired><Value i:type="a:string" xmlns:a="http://www.w3.org/2001/XMLSchema">continuous</Value></Attribute></Attributes><ChildElements><URDFElement z:Id="i240" i:type="Origin"><Attributes><Attribute z:Id="i241"><AttributeType>xyz</AttributeType><IsRequired>true</IsRequired><Value i:type="a:ArrayOfdouble" xmlns:a="http://schemas.microsoft.com/2003/10/Serialization/Arrays"><a:double>0.0015755697007704406</a:double><a:double>-0.17502025768769183</a:double><a:double>0.015000000004217473</a:double></Value></Attribute><Attribute z:Id="i242"><AttributeType>rpy</AttributeType><IsRequired>true</IsRequired><Value i:type="a:ArrayOfdouble" xmlns:a="http://schemas.microsoft.com/2003/10/Serialization/Arrays"><a:double>0</a:double><a:double>0</a:double><a:double>0</a:double></Value></Attribute></Attributes><ChildElements/><ElementName>origin</ElementName><required>false</required><RPYAttribute z:Ref="i242"/><XYZAttribute z:Ref="i241"/><isCustomized>false</isCustomized></URDFElement><URDFElement z:Id="i243" i:type="ParentLink"><Attributes><Attribute z:Id="i244"><AttributeType>link</AttributeType><IsRequired>true</IsRequired><Value i:type="a:string" xmlns:a="http://www.w3.org/2001/XMLSchema">base_link</Value></Attribute></Attributes><ChildElements/><ElementName>parent</ElementName><required>true</required><NameAttribute z:Ref="i244"/></URDFElement><URDFElement z:Id="i245" i:type="ChildLink"><Attributes><Attribute z:Id="i246"><AttributeType>link</AttributeType><IsRequired>true</IsRequired><Value i:type="a:string" xmlns:a="http://www.w3.org/2001/XMLSchema">right_wheel_link</Value></Attribute></Attributes><ChildElements/><ElementName>child</ElementName><required>true</required><NameAttribute z:Ref="i246"/></URDFElement><URDFElement z:Id="i247" i:type="Axis"><Attributes><Attribute z:Id="i248"><AttributeType>xyz</AttributeType><IsRequired>true</IsRequired><Value i:type="a:ArrayOfdouble" xmlns:a="http://schemas.microsoft.com/2003/10/Serialization/Arrays"><a:double>-0.00825691107326283</a:double><a:double>0.99996591112873856</a:double><a:double>0</a:double></Value></Attribute></Attributes><ChildElements/><ElementName>axis</ElementName><required>false</required><XYZAttribute z:Ref="i248"/></URDFElement><URDFElement z:Id="i249" i:type="Limit"><Attributes><Attribute z:Id="i250"><AttributeType>lower</AttributeType><IsRequired>false</IsRequired><Value i:nil="true"/></Attribute><Attribute z:Id="i251"><AttributeType>upper</AttributeType><IsRequired>false</IsRequired><Value i:nil="true"/></Attribute><Attribute z:Id="i252"><AttributeType>effort</AttributeType><IsRequired>true</IsRequired><Value i:nil="true"/></Attribute><Attribute z:Id="i253"><AttributeType>velocity</AttributeType><IsRequired>true</IsRequired><Value i:nil="true"/></Attribute></Attributes><ChildElements/><ElementName>limit</ElementName><required>false</required><EffortAttribute z:Ref="i252"/><LowerAttribute z:Ref="i250"/><UpperAttribute z:Ref="i251"/><VelocityAttribute z:Ref="i253"/></URDFElement><URDFElement z:Id="i254" i:type="Calibration"><Attributes><Attribute z:Id="i255"><AttributeType>rising</AttributeType><IsRequired>false</IsRequired><Value i:nil="true"/></Attribute><Attribute z:Id="i256"><AttributeType>falling</AttributeType><IsRequired>false</IsRequired><Value i:nil="true"/></Attribute></Attributes><ChildElements/><ElementName>calibration</ElementName><required>false</required><FallingAttribute z:Ref="i256"/><RisingAttribute z:Ref="i255"/></URDFElement><URDFElement z:Id="i257" i:type="Dynamics"><Attributes><Attribute z:Id="i258"><AttributeType>damping</AttributeType><IsRequired>false</IsRequired><Value i:nil="true"/></Attribute><Attribute z:Id="i259"><AttributeType>friction</AttributeType><IsRequired>false</IsRequired><Value i:nil="true"/></Attribute></Attributes><ChildElements/><ElementName>dynamics</ElementName><required>false</required><DampingAttribute z:Ref="i258"/><FrictionAttribute z:Ref="i259"/></URDFElement><URDFElement z:Id="i260" i:type="SafetyController"><Attributes><Attribute z:Id="i261"><AttributeType>soft_upper_limit</AttributeType><IsRequired>false</IsRequired><Value i:nil="true"/></Attribute><Attribute z:Id="i262"><AttributeType>soft_lower_limit</AttributeType><IsRequired>false</IsRequired><Value i:nil="true"/></Attribute><Attribute z:Id="i263"><AttributeType>k_position</AttributeType><IsRequired>false</IsRequired><Value i:nil="true"/></Attribute><Attribute z:Id="i264"><AttributeType>k_velocity</AttributeType><IsRequired>true</IsRequired><Value i:nil="true"/></Attribute></Attributes><ChildElements/><ElementName>safety_controller</ElementName><required>false</required><KPositionAttribute z:Ref="i263"/><KVelocityAttribute z:Ref="i264"/><SoftLowerAttribute z:Ref="i262"/><SoftUpperAttribute z:Ref="i261"/></URDFElement><URDFElement z:Id="i265" i:type="Mimic"><Attributes><Attribute z:Id="i266"><AttributeType>joint</AttributeType><IsRequired>true</IsRequired><Value i:nil="true"/></Attribute><Attribute z:Id="i267"><AttributeType>multiplier</AttributeType><IsRequired>false</IsRequired><Value i:nil="true"/></Attribute><Attribute z:Id="i268"><AttributeType>offset</AttributeType><IsRequired>false</IsRequired><Value i:nil="true"/></Attribute></Attributes><ChildElements/><ElementName>mimic</ElementName><required>false</required><JointNameAttribute z:Ref="i266"/><MultiplierAttribute z:Ref="i267"/><OffsetAttribute z:Ref="i268"/></URDFElement></ChildElements><ElementName>joint</ElementName><required>false</required><Axis z:Ref="i247"/><AxisName>Axis2</AxisName><Calibration z:Ref="i254"/><Child z:Ref="i245"/><CoordinateSystemName>Coordinate System6</CoordinateSystemName><Dynamics z:Ref="i257"/><Limit z:Ref="i249"/><Mimic z:Ref="i265"/><NameAttribute z:Ref="i238"/><Origin z:Ref="i240"/><Parent z:Ref="i243"/><Safety z:Ref="i260"/><TypeAttribute z:Ref="i239"/></URDFElement></ChildElements><ElementName>link</ElementName><required>true</required><Children/><Collision z:Ref="i230"/><Inertial z:Ref="i204"/><Joint z:Ref="i237"/><NameAttribute z:Ref="i203"/><Parent z:Ref="i1"/><STLQualityFine>false</STLQualityFine><SWComponentPIDs xmlns:a="http://schemas.microsoft.com/2003/10/Serialization/Arrays"><a:base64Binary>aEIAAAUAAAD//v8gbQBvAHQAbwByAGUAZABpAHQALQA0AEAAcgBvAGIAbwBWADMAKAB1AHIAZABmAF8AYwBoAGEAbgBnAGUAZAApAAQAAAAQAAAAAQAAAAEAAADOBQAA</a:base64Binary></SWComponentPIDs><SWMainComponentPID i:nil="true"/><Visual z:Ref="i217"/><isFixedFrame>false</isFixedFrame><isIncomplete>false</isIncomplete></Link><Link z:Id="i269"><Attributes><Attribute z:Id="i270"><AttributeType>name</AttributeType><IsRequired>true</IsRequired><Value i:type="a:string" xmlns:a="http://www.w3.org/2001/XMLSchema">left_wheel_link</Value></Attribute></Attributes><ChildElements><URDFElement z:Id="i271" i:type="Inertial"><Attributes/><ChildElements><URDFElement z:Id="i272" i:type="Origin"><Attributes><Attribute z:Id="i273"><AttributeType>xyz</AttributeType><IsRequired>true</IsRequired><Value i:type="a:ArrayOfdouble" xmlns:a="http://schemas.microsoft.com/2003/10/Serialization/Arrays"><a:double>-0.00024358782977862425</a:double><a:double>0.029500099045563943</a:double><a:double>8.0114970213429615E-11</a:double></Value></Attribute><Attribute z:Id="i274"><AttributeType>rpy</AttributeType><IsRequired>true</IsRequired><Value i:type="a:ArrayOfdouble" xmlns:a="http://schemas.microsoft.com/2003/10/Serialization/Arrays"><a:double>0</a:double><a:double>0</a:double><a:double>0</a:double></Value></Attribute></Attributes><ChildElements/><ElementName>origin</ElementName><required>false</required><RPYAttribute z:Ref="i274"/><XYZAttribute z:Ref="i273"/><isCustomized>false</isCustomized></URDFElement><URDFElement z:Id="i275" i:type="Mass"><Attributes><Attribute z:Id="i276"><AttributeType>value</AttributeType><IsRequired>true</IsRequired><Value i:type="a:double" xmlns:a="http://www.w3.org/2001/XMLSchema">0.98170665090244258</Value></Attribute></Attributes><ChildElements/><ElementName>mass</ElementName><required>false</required><ValueAttribute z:Ref="i276"/></URDFElement><URDFElement z:Id="i277" i:type="Inertia"><Attributes><Attribute z:Id="i278"><AttributeType>ixx</AttributeType><IsRequired>true</IsRequired><Value i:type="a:double" xmlns:a="http://www.w3.org/2001/XMLSchema">0.0016529912083484673</Value></Attribute><Attribute z:Id="i279"><AttributeType>ixy</AttributeType><IsRequired>true</IsRequired><Value i:type="a:double" xmlns:a="http://www.w3.org/2001/XMLSchema">-1.0124910987100605E-05</Value></Attribute><Attribute z:Id="i280"><AttributeType>ixz</AttributeType><IsRequired>true</IsRequired><Value i:type="a:double" xmlns:a="http://www.w3.org/2001/XMLSchema">-1.4498411509328035E-08</Value></Attribute><Attribute z:Id="i281"><AttributeType>iyy</AttributeType><IsRequired>true</IsRequired><Value i:type="a:double" xmlns:a="http://www.w3.org/2001/XMLSchema">0.0028786195090139259</Value></Attribute><Attribute z:Id="i282"><AttributeType>iyz</AttributeType><IsRequired>true</IsRequired><Value i:type="a:double" xmlns:a="http://www.w3.org/2001/XMLSchema">7.25004217200697E-11</Value></Attribute><Attribute z:Id="i283"><AttributeType>izz</AttributeType><IsRequired>true</IsRequired><Value i:type="a:double" xmlns:a="http://www.w3.org/2001/XMLSchema">0.001652919882344762</Value></Attribute></Attributes><ChildElements/><ElementName>inertia</ElementName><required>false</required><IxxAttribute z:Ref="i278"/><IxyAttribute z:Ref="i279"/><IxzAttribute z:Ref="i280"/><IyyAttribute z:Ref="i281"/><IyzAttribute z:Ref="i282"/><IzzAttribute z:Ref="i283"/></URDFElement></ChildElements><ElementName>inertial</ElementName><required>false</required><Inertia z:Ref="i277"/><Mass z:Ref="i275"/><Origin z:Ref="i272"/></URDFElement><URDFElement z:Id="i284" i:type="Visual"><Attributes/><ChildElements><URDFElement z:Id="i285" i:type="Origin"><Attributes><Attribute z:Id="i286"><AttributeType>xyz</AttributeType><IsRequired>true</IsRequired><Value i:type="a:ArrayOfdouble" xmlns:a="http://schemas.microsoft.com/2003/10/Serialization/Arrays"><a:double>0</a:double><a:double>0</a:double><a:double>0</a:double></Value></Attribute><Attribute z:Id="i287"><AttributeType>rpy</AttributeType><IsRequired>true</IsRequired><Value i:type="a:ArrayOfdouble" xmlns:a="http://schemas.microsoft.com/2003/10/Serialization/Arrays"><a:double>0</a:double><a:double>0</a:double><a:double>0</a:double></Value></Attribute></Attributes><ChildElements/><ElementName>origin</ElementName><required>false</required><RPYAttribute z:Ref="i287"/><XYZAttribute z:Ref="i286"/><isCustomized>false</isCustomized></URDFElement><URDFElement z:Id="i288" i:type="Geometry"><Attributes/><ChildElements><URDFElement z:Id="i289" i:type="Mesh"><Attributes><Attribute z:Id="i290"><AttributeType>filename</AttributeType><IsRequired>true</IsRequired><Value i:nil="true"/></Attribute></Attributes><ChildElements/><ElementName>mesh</ElementName><required>false</required><FilenameAttribute z:Ref="i290"/></URDFElement></ChildElements><ElementName>geometry</ElementName><required>true</required><Mesh z:Ref="i289"/></URDFElement><URDFElement z:Id="i291" i:type="Material"><Attributes><Attribute z:Id="i292"><AttributeType>name</AttributeType><IsRequired>true</IsRequired><Value i:type="a:string" xmlns:a="http://www.w3.org/2001/XMLSchema"/></Attribute></Attributes><ChildElements><URDFElement z:Id="i293" i:type="Color"><Attributes><Attribute z:Id="i294"><AttributeType>rgba</AttributeType><IsRequired>true</IsRequired><Value i:type="a:ArrayOfdouble" xmlns:a="http://schemas.microsoft.com/2003/10/Serialization/Arrays"><a:double>0.2</a:double><a:double>0.2</a:double><a:double>0.2</a:double><a:double>1</a:double></Value></Attribute></Attributes><ChildElements/><ElementName>color</ElementName><required>false</required><RGBAAttribute z:Ref="i294"/></URDFElement><URDFElement z:Id="i295" i:type="Texture"><Attributes><Attribute z:Id="i296"><AttributeType>filename</AttributeType><IsRequired>true</IsRequired><Value i:nil="true"/></Attribute></Attributes><ChildElements/><ElementName>texture</ElementName><required>false</required><FilenameAttribute z:Ref="i296"/><wFilename/></URDFElement></ChildElements><ElementName>material</ElementName><required>false</required><Color z:Ref="i293"/><NameAttribute z:Ref="i292"/><Texture z:Ref="i295"/></URDFElement></ChildElements><ElementName>visual</ElementName><required>false</required><Geometry z:Ref="i288"/><Material z:Ref="i291"/><Origin z:Ref="i285"/></URDFElement><URDFElement z:Id="i297" i:type="Collision"><Attributes/><ChildElements><URDFElement z:Id="i298" i:type="Origin"><Attributes><Attribute z:Id="i299"><AttributeType>xyz</AttributeType><IsRequired>true</IsRequired><Value i:type="a:ArrayOfdouble" xmlns:a="http://schemas.microsoft.com/2003/10/Serialization/Arrays"><a:double>0</a:double><a:double>0</a:double><a:double>0</a:double></Value></Attribute><Attribute z:Id="i300"><AttributeType>rpy</AttributeType><IsRequired>true</IsRequired><Value i:type="a:ArrayOfdouble" xmlns:a="http://schemas.microsoft.com/2003/10/Serialization/Arrays"><a:double>0</a:double><a:double>0</a:double><a:double>0</a:double></Value></Attribute></Attributes><ChildElements/><ElementName>origin</ElementName><required>false</required><RPYAttribute z:Ref="i300"/><XYZAttribute z:Ref="i299"/><isCustomized>false</isCustomized></URDFElement><URDFElement z:Id="i301" i:type="Geometry"><Attributes/><ChildElements><URDFElement z:Id="i302" i:type="Mesh"><Attributes><Attribute z:Id="i303"><AttributeType>filename</AttributeType><IsRequired>true</IsRequired><Value i:nil="true"/></Attribute></Attributes><ChildElements/><ElementName>mesh</ElementName><required>false</required><FilenameAttribute z:Ref="i303"/></URDFElement></ChildElements><ElementName>geometry</ElementName><required>true</required><Mesh z:Ref="i302"/></URDFElement></ChildElements><ElementName>collision</ElementName><required>false</required><Geometry z:Ref="i301"/><Origin z:Ref="i298"/></URDFElement><URDFElement z:Id="i304" i:type="Joint"><Attributes><Attribute z:Id="i305"><AttributeType>name</AttributeType><IsRequired>true</IsRequired><Value i:type="a:string" xmlns:a="http://www.w3.org/2001/XMLSchema">left_wheel</Value></Attribute><Attribute z:Id="i306"><AttributeType>type</AttributeType><IsRequired>true</IsRequired><Value i:type="a:string" xmlns:a="http://www.w3.org/2001/XMLSchema">continuous</Value></Attribute></Attributes><ChildElements><URDFElement z:Id="i307" i:type="Origin"><Attributes><Attribute z:Id="i308"><AttributeType>xyz</AttributeType><IsRequired>true</IsRequired><Value i:type="a:ArrayOfdouble" xmlns:a="http://schemas.microsoft.com/2003/10/Serialization/Arrays"><a:double>-0.001314349174873275</a:double><a:double>0.17496781120736421</a:double><a:double>0.015000000004217529</a:double></Value></Attribute><Attribute z:Id="i309"><AttributeType>rpy</AttributeType><IsRequired>true</IsRequired><Value i:type="a:ArrayOfdouble" xmlns:a="http://schemas.microsoft.com/2003/10/Serialization/Arrays"><a:double>0</a:double><a:double>0</a:double><a:double>0</a:double></Value></Attribute></Attributes><ChildElements/><ElementName>origin</ElementName><required>false</required><RPYAttribute z:Ref="i309"/><XYZAttribute z:Ref="i308"/><isCustomized>false</isCustomized></URDFElement><URDFElement z:Id="i310" i:type="ParentLink"><Attributes><Attribute z:Id="i311"><AttributeType>link</AttributeType><IsRequired>true</IsRequired><Value i:type="a:string" xmlns:a="http://www.w3.org/2001/XMLSchema">base_link</Value></Attribute></Attributes><ChildElements/><ElementName>parent</ElementName><required>true</required><NameAttribute z:Ref="i311"/></URDFElement><URDFElement z:Id="i312" i:type="ChildLink"><Attributes><Attribute z:Id="i313"><AttributeType>link</AttributeType><IsRequired>true</IsRequired><Value i:type="a:string" xmlns:a="http://www.w3.org/2001/XMLSchema">left_wheel_link</Value></Attribute></Attributes><ChildElements/><ElementName>child</ElementName><required>true</required><NameAttribute z:Ref="i313"/></URDFElement><URDFElement z:Id="i314" i:type="Axis"><Attributes><Attribute z:Id="i315"><AttributeType>xyz</AttributeType><IsRequired>true</IsRequired><Value i:type="a:ArrayOfdouble" xmlns:a="http://schemas.microsoft.com/2003/10/Serialization/Arrays"><a:double>0.0082569110732628129</a:double><a:double>-0.99996591112873856</a:double><a:double>0</a:double></Value></Attribute></Attributes><ChildElements/><ElementName>axis</ElementName><required>false</required><XYZAttribute z:Ref="i315"/></URDFElement><URDFElement z:Id="i316" i:type="Limit"><Attributes><Attribute z:Id="i317"><AttributeType>lower</AttributeType><IsRequired>false</IsRequired><Value i:nil="true"/></Attribute><Attribute z:Id="i318"><AttributeType>upper</AttributeType><IsRequired>false</IsRequired><Value i:nil="true"/></Attribute><Attribute z:Id="i319"><AttributeType>effort</AttributeType><IsRequired>true</IsRequired><Value i:nil="true"/></Attribute><Attribute z:Id="i320"><AttributeType>velocity</AttributeType><IsRequired>true</IsRequired><Value i:nil="true"/></Attribute></Attributes><ChildElements/><ElementName>limit</ElementName><required>false</required><EffortAttribute z:Ref="i319"/><LowerAttribute z:Ref="i317"/><UpperAttribute z:Ref="i318"/><VelocityAttribute z:Ref="i320"/></URDFElement><URDFElement z:Id="i321" i:type="Calibration"><Attributes><Attribute z:Id="i322"><AttributeType>rising</AttributeType><IsRequired>false</IsRequired><Value i:nil="true"/></Attribute><Attribute z:Id="i323"><AttributeType>falling</AttributeType><IsRequired>false</IsRequired><Value i:nil="true"/></Attribute></Attributes><ChildElements/><ElementName>calibration</ElementName><required>false</required><FallingAttribute z:Ref="i323"/><RisingAttribute z:Ref="i322"/></URDFElement><URDFElement z:Id="i324" i:type="Dynamics"><Attributes><Attribute z:Id="i325"><AttributeType>damping</AttributeType><IsRequired>false</IsRequired><Value i:nil="true"/></Attribute><Attribute z:Id="i326"><AttributeType>friction</AttributeType><IsRequired>false</IsRequired><Value i:nil="true"/></Attribute></Attributes><ChildElements/><ElementName>dynamics</ElementName><required>false</required><DampingAttribute z:Ref="i325"/><FrictionAttribute z:Ref="i326"/></URDFElement><URDFElement z:Id="i327" i:type="SafetyController"><Attributes><Attribute z:Id="i328"><AttributeType>soft_upper_limit</AttributeType><IsRequired>false</IsRequired><Value i:nil="true"/></Attribute><Attribute z:Id="i329"><AttributeType>soft_lower_limit</AttributeType><IsRequired>false</IsRequired><Value i:nil="true"/></Attribute><Attribute z:Id="i330"><AttributeType>k_position</AttributeType><IsRequired>false</IsRequired><Value i:nil="true"/></Attribute><Attribute z:Id="i331"><AttributeType>k_velocity</AttributeType><IsRequired>true</IsRequired><Value i:nil="true"/></Attribute></Attributes><ChildElements/><ElementName>safety_controller</ElementName><required>false</required><KPositionAttribute z:Ref="i330"/><KVelocityAttribute z:Ref="i331"/><SoftLowerAttribute z:Ref="i329"/><SoftUpperAttribute z:Ref="i328"/></URDFElement><URDFElement z:Id="i332" i:type="Mimic"><Attributes><Attribute z:Id="i333"><AttributeType>joint</AttributeType><IsRequired>true</IsRequired><Value i:nil="true"/></Attribute><Attribute z:Id="i334"><AttributeType>multiplier</AttributeType><IsRequired>false</IsRequired><Value i:nil="true"/></Attribute><Attribute z:Id="i335"><AttributeType>offset</AttributeType><IsRequired>false</IsRequired><Value i:nil="true"/></Attribute></Attributes><ChildElements/><ElementName>mimic</ElementName><required>false</required><JointNameAttribute z:Ref="i333"/><MultiplierAttribute z:Ref="i334"/><OffsetAttribute z:Ref="i335"/></URDFElement></ChildElements><ElementName>joint</ElementName><required>false</required><Axis z:Ref="i314"/><AxisName>Axis3</AxisName><Calibration z:Ref="i321"/><Child z:Ref="i312"/><CoordinateSystemName>Coordinate System7</CoordinateSystemName><Dynamics z:Ref="i324"/><Limit z:Ref="i316"/><Mimic z:Ref="i332"/><NameAttribute z:Ref="i305"/><Origin z:Ref="i307"/><Parent z:Ref="i310"/><Safety z:Ref="i327"/><TypeAttribute z:Ref="i306"/></URDFElement></ChildElements><ElementName>link</ElementName><required>true</required><Children/><Collision z:Ref="i297"/><Inertial z:Ref="i271"/><Joint z:Ref="i304"/><NameAttribute z:Ref="i270"/><Parent z:Ref="i1"/><STLQualityFine>false</STLQualityFine><SWComponentPIDs xmlns:a="http://schemas.microsoft.com/2003/10/Serialization/Arrays"><a:base64Binary>aEIAAAUAAAD//v8gbQBvAHQAbwByAGUAZABpAHQALQAzAEAAcgBvAGIAbwBWADMAKAB1AHIAZABmAF8AYwBoAGEAbgBnAGUAZAApAAQAAAAQAAAAAQAAAAEAAADKAgAA</a:base64Binary></SWComponentPIDs><SWMainComponentPID i:nil="true"/><Visual z:Ref="i284"/><isFixedFrame>false</isFixedFrame><isIncomplete>false</isIncomplete></Link><Link z:Id="i336"><Attributes><Attribute z:Id="i337"><AttributeType>name</AttributeType><IsRequired>true</IsRequired><Value i:type="a:string" xmlns:a="http://www.w3.org/2001/XMLSchema">camera_link</Value></Attribute></Attributes><ChildElements><URDFElement z:Id="i338" i:type="Inertial"><Attributes/><ChildElements><URDFElement z:Id="i339" i:type="Origin"><Attributes><Attribute z:Id="i340"><AttributeType>xyz</AttributeType><IsRequired>true</IsRequired><Value i:type="a:ArrayOfdouble" xmlns:a="http://schemas.microsoft.com/2003/10/Serialization/Arrays"><a:double>-0.028697404385694125</a:double><a:double>-0.0031532314154304464</a:double><a:double>-0.0069642717036180191</a:double></Value></Attribute><Attribute z:Id="i341"><AttributeType>rpy</AttributeType><IsRequired>true</IsRequired><Value i:type="a:ArrayOfdouble" xmlns:a="http://schemas.microsoft.com/2003/10/Serialization/Arrays"><a:double>0</a:double><a:double>0</a:double><a:double>0</a:double></Value></Attribute></Attributes><ChildElements/><ElementName>origin</ElementName><required>false</required><RPYAttribute z:Ref="i341"/><XYZAttribute z:Ref="i340"/><isCustomized>false</isCustomized></URDFElement><URDFElement z:Id="i342" i:type="Mass"><Attributes><Attribute z:Id="i343"><AttributeType>value</AttributeType><IsRequired>true</IsRequired><Value i:type="a:double" xmlns:a="http://www.w3.org/2001/XMLSchema">0.64645488472217061</Value></Attribute></Attributes><ChildElements/><ElementName>mass</ElementName><required>false</required><ValueAttribute z:Ref="i343"/></URDFElement><URDFElement z:Id="i344" i:type="Inertia"><Attributes><Attribute z:Id="i345"><AttributeType>ixx</AttributeType><IsRequired>true</IsRequired><Value i:type="a:double" xmlns:a="http://www.w3.org/2001/XMLSchema">0.0028423827313704009</Value></Attribute><Attribute z:Id="i346"><AttributeType>ixy</AttributeType><IsRequired>true</IsRequired><Value i:type="a:double" xmlns:a="http://www.w3.org/2001/XMLSchema">1.8727304572263625E-05</Value></Attribute><Attribute z:Id="i347"><AttributeType>ixz</AttributeType><IsRequired>true</IsRequired><Value i:type="a:double" xmlns:a="http://www.w3.org/2001/XMLSchema">1.4807509093609594E-07</Value></Attribute><Attribute z:Id="i348"><AttributeType>iyy</AttributeType><IsRequired>true</IsRequired><Value i:type="a:double" xmlns:a="http://www.w3.org/2001/XMLSchema">0.00026375863424418577</Value></Attribute><Attribute z:Id="i349"><AttributeType>iyz</AttributeType><IsRequired>true</IsRequired><Value i:type="a:double" xmlns:a="http://www.w3.org/2001/XMLSchema">-3.33736128214466E-08</Value></Attribute><Attribute z:Id="i350"><AttributeType>izz</AttributeType><IsRequired>true</IsRequired><Value i:type="a:double" xmlns:a="http://www.w3.org/2001/XMLSchema">0.0029627405896730757</Value></Attribute></Attributes><ChildElements/><ElementName>inertia</ElementName><required>false</required><IxxAttribute z:Ref="i345"/><IxyAttribute z:Ref="i346"/><IxzAttribute z:Ref="i347"/><IyyAttribute z:Ref="i348"/><IyzAttribute z:Ref="i349"/><IzzAttribute z:Ref="i350"/></URDFElement></ChildElements><ElementName>inertial</ElementName><required>false</required><Inertia z:Ref="i344"/><Mass z:Ref="i342"/><Origin z:Ref="i339"/></URDFElement><URDFElement z:Id="i351" i:type="Visual"><Attributes/><ChildElements><URDFElement z:Id="i352" i:type="Origin"><Attributes><Attribute z:Id="i353"><AttributeType>xyz</AttributeType><IsRequired>true</IsRequired><Value i:type="a:ArrayOfdouble" xmlns:a="http://schemas.microsoft.com/2003/10/Serialization/Arrays"><a:double>0</a:double><a:double>0</a:double><a:double>0</a:double></Value></Attribute><Attribute z:Id="i354"><AttributeType>rpy</AttributeType><IsRequired>true</IsRequired><Value i:type="a:ArrayOfdouble" xmlns:a="http://schemas.microsoft.com/2003/10/Serialization/Arrays"><a:double>0</a:double><a:double>0</a:double><a:double>0</a:double></Value></Attribute></Attributes><ChildElements/><ElementName>origin</ElementName><required>false</required><RPYAttribute z:Ref="i354"/><XYZAttribute z:Ref="i353"/><isCustomized>false</isCustomized></URDFElement><URDFElement z:Id="i355" i:type="Geometry"><Attributes/><ChildElements><URDFElement z:Id="i356" i:type="Mesh"><Attributes><Attribute z:Id="i357"><AttributeType>filename</AttributeType><IsRequired>true</IsRequired><Value i:nil="true"/></Attribute></Attributes><ChildElements/><ElementName>mesh</ElementName><required>false</required><FilenameAttribute z:Ref="i357"/></URDFElement></ChildElements><ElementName>geometry</ElementName><required>true</required><Mesh z:Ref="i356"/></URDFElement><URDFElement z:Id="i358" i:type="Material"><Attributes><Attribute z:Id="i359"><AttributeType>name</AttributeType><IsRequired>true</IsRequired><Value i:type="a:string" xmlns:a="http://www.w3.org/2001/XMLSchema"/></Attribute></Attributes><ChildElements><URDFElement z:Id="i360" i:type="Color"><Attributes><Attribute z:Id="i361"><AttributeType>rgba</AttributeType><IsRequired>true</IsRequired><Value i:type="a:ArrayOfdouble" xmlns:a="http://schemas.microsoft.com/2003/10/Serialization/Arrays"><a:double>0.75294117647058822</a:double><a:double>0.75294117647058822</a:double><a:double>0.75294117647058822</a:double><a:double>1</a:double></Value></Attribute></Attributes><ChildElements/><ElementName>color</ElementName><required>false</required><RGBAAttribute z:Ref="i361"/></URDFElement><URDFElement z:Id="i362" i:type="Texture"><Attributes><Attribute z:Id="i363"><AttributeType>filename</AttributeType><IsRequired>true</IsRequired><Value i:nil="true"/></Attribute></Attributes><ChildElements/><ElementName>texture</ElementName><required>false</required><FilenameAttribute z:Ref="i363"/><wFilename/></URDFElement></ChildElements><ElementName>material</ElementName><required>false</required><Color z:Ref="i360"/><NameAttribute z:Ref="i359"/><Texture z:Ref="i362"/></URDFElement></ChildElements><ElementName>visual</ElementName><required>false</required><Geometry z:Ref="i355"/><Material z:Ref="i358"/><Origin z:Ref="i352"/></URDFElement><URDFElement z:Id="i364" i:type="Collision"><Attributes/><ChildElements><URDFElement z:Id="i365" i:type="Origin"><Attributes><Attribute z:Id="i366"><AttributeType>xyz</AttributeType><IsRequired>true</IsRequired><Value i:type="a:ArrayOfdouble" xmlns:a="http://schemas.microsoft.com/2003/10/Serialization/Arrays"><a:double>0</a:double><a:double>0</a:double><a:double>0</a:double></Value></Attribute><Attribute z:Id="i367"><AttributeType>rpy</AttributeType><IsRequired>true</IsRequired><Value i:type="a:ArrayOfdouble" xmlns:a="http://schemas.microsoft.com/2003/10/Serialization/Arrays"><a:double>0</a:double><a:double>0</a:double><a:double>0</a:double></Value></Attribute></Attributes><ChildElements/><ElementName>origin</ElementName><required>false</required><RPYAttribute z:Ref="i367"/><XYZAttribute z:Ref="i366"/><isCustomized>false</isCustomized></URDFElement><URDFElement z:Id="i368" i:type="Geometry"><Attributes/><ChildElements><URDFElement z:Id="i369" i:type="Mesh"><Attributes><Attribute z:Id="i370"><AttributeType>filename</AttributeType><IsRequired>true</IsRequired><Value i:nil="true"/></Attribute></Attributes><ChildElements/><ElementName>mesh</ElementName><required>false</required><FilenameAttribute z:Ref="i370"/></URDFElement></ChildElements><ElementName>geometry</ElementName><required>true</required><Mesh z:Ref="i369"/></URDFElement></ChildElements><ElementName>collision</ElementName><required>false</required><Geometry z:Ref="i368"/><Origin z:Ref="i365"/></URDFElement><URDFElement z:Id="i371" i:type="Joint"><Attributes><Attribute z:Id="i372"><AttributeType>name</AttributeType><IsRequired>true</IsRequired><Value i:type="a:string" xmlns:a="http://www.w3.org/2001/XMLSchema">cam</Value></Attribute><Attribute z:Id="i373"><AttributeType>type</AttributeType><IsRequired>true</IsRequired><Value i:type="a:string" xmlns:a="http://www.w3.org/2001/XMLSchema">fixed</Value></Attribute></Attributes><ChildElements><URDFElement z:Id="i374" i:type="Origin"><Attributes><Attribute z:Id="i375"><AttributeType>xyz</AttributeType><IsRequired>true</IsRequired><Value i:type="a:ArrayOfdouble" xmlns:a="http://schemas.microsoft.com/2003/10/Serialization/Arrays"><a:double>0.26495227055491077</a:double><a:double>0.0053582123173611662</a:double><a:double>0.28442516461510226</a:double></Value></Attribute><Attribute z:Id="i376"><AttributeType>rpy</AttributeType><IsRequired>true</IsRequired><Value i:type="a:ArrayOfdouble" xmlns:a="http://schemas.microsoft.com/2003/10/Serialization/Arrays"><a:double>0</a:double><a:double>0</a:double><a:double>0</a:double></Value></Attribute></Attributes><ChildElements/><ElementName>origin</ElementName><required>false</required><RPYAttribute z:Ref="i376"/><XYZAttribute z:Ref="i375"/><isCustomized>false</isCustomized></URDFElement><URDFElement z:Id="i377" i:type="ParentLink"><Attributes><Attribute z:Id="i378"><AttributeType>link</AttributeType><IsRequired>true</IsRequired><Value i:type="a:string" xmlns:a="http://www.w3.org/2001/XMLSchema">base_link</Value></Attribute></Attributes><ChildElements/><ElementName>parent</ElementName><required>true</required><NameAttribute z:Ref="i378"/></URDFElement><URDFElement z:Id="i379" i:type="ChildLink"><Attributes><Attribute z:Id="i380"><AttributeType>link</AttributeType><IsRequired>true</IsRequired><Value i:type="a:string" xmlns:a="http://www.w3.org/2001/XMLSchema">camera_link</Value></Attribute></Attributes><ChildElements/><ElementName>child</ElementName><required>true</required><NameAttribute z:Ref="i380"/></URDFElement><URDFElement z:Id="i381" i:type="Axis"><Attributes><Attribute z:Id="i382"><AttributeType>xyz</AttributeType><IsRequired>true</IsRequired><Value i:type="a:ArrayOfdouble" xmlns:a="http://schemas.microsoft.com/2003/10/Serialization/Arrays"><a:double>0</a:double><a:double>0</a:double><a:double>0</a:double></Value></Attribute></Attributes><ChildElements/><ElementName>axis</ElementName><required>false</required><XYZAttribute z:Ref="i382"/></URDFElement><URDFElement z:Id="i383" i:type="Limit"><Attributes><Attribute z:Id="i384"><AttributeType>lower</AttributeType><IsRequired>false</IsRequired><Value i:nil="true"/></Attribute><Attribute z:Id="i385"><AttributeType>upper</AttributeType><IsRequired>false</IsRequired><Value i:nil="true"/></Attribute><Attribute z:Id="i386"><AttributeType>effort</AttributeType><IsRequired>true</IsRequired><Value i:nil="true"/></Attribute><Attribute z:Id="i387"><AttributeType>velocity</AttributeType><IsRequired>true</IsRequired><Value i:nil="true"/></Attribute></Attributes><ChildElements/><ElementName>limit</ElementName><required>false</required><EffortAttribute z:Ref="i386"/><LowerAttribute z:Ref="i384"/><UpperAttribute z:Ref="i385"/><VelocityAttribute z:Ref="i387"/></URDFElement><URDFElement z:Id="i388" i:type="Calibration"><Attributes><Attribute z:Id="i389"><AttributeType>rising</AttributeType><IsRequired>false</IsRequired><Value i:nil="true"/></Attribute><Attribute z:Id="i390"><AttributeType>falling</AttributeType><IsRequired>false</IsRequired><Value i:nil="true"/></Attribute></Attributes><ChildElements/><ElementName>calibration</ElementName><required>false</required><FallingAttribute z:Ref="i390"/><RisingAttribute z:Ref="i389"/></URDFElement><URDFElement z:Id="i391" i:type="Dynamics"><Attributes><Attribute z:Id="i392"><AttributeType>damping</AttributeType><IsRequired>false</IsRequired><Value i:nil="true"/></Attribute><Attribute z:Id="i393"><AttributeType>friction</AttributeType><IsRequired>false</IsRequired><Value i:nil="true"/></Attribute></Attributes><ChildElements/><ElementName>dynamics</ElementName><required>false</required><DampingAttribute z:Ref="i392"/><FrictionAttribute z:Ref="i393"/></URDFElement><URDFElement z:Id="i394" i:type="SafetyController"><Attributes><Attribute z:Id="i395"><AttributeType>soft_upper_limit</AttributeType><IsRequired>false</IsRequired><Value i:nil="true"/></Attribute><Attribute z:Id="i396"><AttributeType>soft_lower_limit</AttributeType><IsRequired>false</IsRequired><Value i:nil="true"/></Attribute><Attribute z:Id="i397"><AttributeType>k_position</AttributeType><IsRequired>false</IsRequired><Value i:nil="true"/></Attribute><Attribute z:Id="i398"><AttributeType>k_velocity</AttributeType><IsRequired>true</IsRequired><Value i:nil="true"/></Attribute></Attributes><ChildElements/><ElementName>safety_controller</ElementName><required>false</required><KPositionAttribute z:Ref="i397"/><KVelocityAttribute z:Ref="i398"/><SoftLowerAttribute z:Ref="i396"/><SoftUpperAttribute z:Ref="i395"/></URDFElement><URDFElement z:Id="i399" i:type="Mimic"><Attributes><Attribute z:Id="i400"><AttributeType>joint</AttributeType><IsRequired>true</IsRequired><Value i:nil="true"/></Attribute><Attribute z:Id="i401"><AttributeType>multiplier</AttributeType><IsRequired>false</IsRequired><Value i:nil="true"/></Attribute><Attribute z:Id="i402"><AttributeType>offset</AttributeType><IsRequired>false</IsRequired><Value i:nil="true"/></Attribute></Attributes><ChildElements/><ElementName>mimic</ElementName><required>false</required><JointNameAttribute z:Ref="i400"/><MultiplierAttribute z:Ref="i401"/><OffsetAttribute z:Ref="i402"/></URDFElement></ChildElements><ElementName>joint</ElementName><required>false</required><Axis z:Ref="i381"/><AxisName>Axis_cam</AxisName><Calibration z:Ref="i388"/><Child z:Ref="i379"/><CoordinateSystemName>Coordinate System8</CoordinateSystemName><Dynamics z:Ref="i391"/><Limit z:Ref="i383"/><Mimic z:Ref="i399"/><NameAttribute z:Ref="i372"/><Origin z:Ref="i374"/><Parent z:Ref="i377"/><Safety z:Ref="i394"/><TypeAttribute z:Ref="i373"/></URDFElement></ChildElements><ElementName>link</ElementName><required>true</required><Children/><Collision z:Ref="i364"/><Inertial z:Ref="i338"/><Joint z:Ref="i371"/><NameAttribute z:Ref="i337"/><Parent z:Ref="i1"/><STLQualityFine>false</STLQualityFine><SWComponentPIDs xmlns:a="http://schemas.microsoft.com/2003/10/Serialization/Arrays"><a:base64Binary>aEIAAAUAAAD//v8jZgBpAG4AYQBsACAAawBpAG4AZQBjAHQALQAxAEAAcgBvAGIAbwBWADMAKAB1AHIAZABmAF8AYwBoAGEAbgBnAGUAZAApAAQAAAAQAAAAAQAAAAEAAADeBwAA</a:base64Binary></SWComponentPIDs><SWMainComponentPID i:nil="true"/><Visual z:Ref="i351"/><isFixedFrame>false</isFixedFrame><isIncomplete>false</isIncomplete></Link></Children><Collision z:Ref="i29"/><Inertial z:Ref="i3"/><Joint z:Ref="i36"/><NameAttribute z:Ref="i2"/><Parent i:nil="true"/><STLQualityFine>false</STLQualityFine><SWComponentPIDs xmlns:a="http://schemas.microsoft.com/2003/10/Serialization/Arrays"><a:base64Binary>aEIAAAUAAAD//v8mYwB1AG0AXwBiAGEAbgBoAF8AeABlAF8AbABvAG4ALQAzAEAAcgBvAGIAbwBWADMAKAB1AHIAZABmAF8AYwBoAGEAbgBnAGUAZAApAAQAAAAQAAAAAQAAAAEAAACMAQAA</a:base64Binary><a:base64Binary>aEIAAAUAAAD//v8bMgAwAG0AbQAtADIAQAByAG8AYgBvAFYAMwAoAHUAcgBkAGYAXwBjAGgAYQBuAGcAZQBkACkABAAAABAAAAABAAAAAQAAACkCAAA=</a:base64Binary><a:base64Binary>aEIAAAUAAAD//v8bMgAwAG0AbQAtADgAQAByAG8AYgBvAFYAMwAoAHUAcgBkAGYAXwBjAGgAYQBuAGcAZQBkACkABAAAABAAAAABAAAAAQAAAC8CAAA=</a:base64Binary><a:base64Binary>aEIAAAUAAAD//v8gbQBvAHQAbwByAEEAeABpAHMALQAxAEAAcgBvAGIAbwBWADMAKAB1AHIAZABmAF8AYwBoAGEAbgBnAGUAZAApAAQAAAAQAAAAAQAAAAEAAACrAgAA</a:base64Binary><a:base64Binary>aEIAAAUAAAD//v8jbABpAGQAYQByAF8AcAB1AHMAaAB1AHAALQAxAEAAcgBvAGIAbwBWADMAKAB1AHIAZABmAF8AYwBoAGEAbgBnAGUAZAApAAQAAAAQAAAAAQAAAAEAAACHBAAA</a:base64Binary><a:base64Binary>aEIAAAUAAAD//v8ncwB0AGEAbgBkAG8AZgBmAF8ATQAyAF8AMgAwAG0AbQAtADEAQAByAG8AYgBvAFYAMwAoAHUAcgBkAGYAXwBjAGgAYQBuAGcAZQBkACkABAAAABAAAAABAAAAAQAAAMkEAAA=</a:base64Binary><a:base64Binary>aEIAAAUAAAD//v8ncwB0AGEAbgBkAG8AZgBmAF8ATQAyAF8AMgAwAG0AbQAtADMAQAByAG8AYgBvAFYAMwAoAHUAcgBkAGYAXwBjAGgAYQBuAGcAZQBkACkABAAAABAAAAABAAAAAQAAANAEAAA=</a:base64Binary><a:base64Binary>aEIAAAUAAAD//v8ncwB0AGEAbgBkAG8AZgBmAF8ATQAyAF8AMgAwAG0AbQAtADQAQAByAG8AYgBvAFYAMwAoAHUAcgBkAGYAXwBjAGgAYQBuAGcAZQBkACkABAAAABAAAAABAAAAAQAAANYEAAA=</a:base64Binary><a:base64Binary>aEIAAAUAAAD//v8ncwB0AGEAbgBkAG8AZgBmAF8ATQAyAF8AMgAwAG0AbQAtADUAQAByAG8AYgBvAFYAMwAoAHUAcgBkAGYAXwBjAGgAYQBuAGcAZQBkACkABAAAABAAAAABAAAAAQAAANkEAAA=</a:base64Binary><a:base64Binary>aEIAAAUAAAD//v8eYgBhAHQAdABlAHIAeQAtADEAQAByAG8AYgBvAFYAMwAoAHUAcgBkAGYAXwBjAGgAYQBuAGcAZQBkACkABAAAABAAAAABAAAAAQAAANwEAAA=</a:base64Binary><a:base64Binary>aEIAAAUAAAD//v8oaABvAHYAZQByAGIAbwBhAHIAZABfAGQAcgBpAHYAZQByAC0AMQBAAHIAbwBiAG8AVgAzACgAdQByAGQAZgBfAGMAaABhAG4AZwBlAGQAKQAEAAAAEAAAAAEAAAABAAAA3QQAAA==</a:base64Binary><a:base64Binary>aEIAAAUAAAD//v8oYwB1AG0AXwByAGUAbABhAHkAXwBtAHkANABuAF8ANABwAC0AMQBAAHIAbwBiAG8AVgAzACgAdQByAGQAZgBfAGMAaABhAG4AZwBlAGQAKQAEAAAAEAAAAAEAAAABAAAA4QQAAA==</a:base64Binary><a:base64Binary>aEIAAAUAAAD//v8jbABpAGQAYQByAF8AcAB1AHMAaAB1AHAALQAzAEAAcgBvAGIAbwBWADMAKAB1AHIAZABmAF8AYwBoAGEAbgBnAGUAZAApAAQAAAAQAAAAAQAAAAEAAAATBQAA</a:base64Binary><a:base64Binary>aEIAAAUAAAD//v8oMwA2AHYAXwAxADIAdgBfAGMAbwBuAHYAZQByAHQAZQByAC0AMQBAAHIAbwBiAG8AVgAzACgAdQByAGQAZgBfAGMAaABhAG4AZwBlAGQAKQAEAAAAEAAAAAEAAAABAAAAIAUAAA==</a:base64Binary><a:base64Binary>aEIAAAUAAAD//v8jcgBlAG0AbwB0AGUAXwByAGUAbABhAHkALQAxAEAAcgBvAGIAbwBWADMAKAB1AHIAZABmAF8AYwBoAGEAbgBnAGUAZAApAAQAAAAQAAAAAQAAAAEAAAAxBQAA</a:base64Binary><a:base64Binary>aEIAAAUAAAD//v8lYQBsAHUAbQBpAG4AaQB1AG0AXwBiAGEAcwBlAC0AMQBAAHIAbwBiAG8AVgAzACgAdQByAGQAZgBfAGMAaABhAG4AZwBlAGQAKQAEAAAAEAAAAAEAAAABAAAANQUAAA==</a:base64Binary><a:base64Binary>aEIAAAUAAAD//v8icABpAF8AaABhAG4AZwBfAGkAbQB1AC0AMQBAAHIAbwBiAG8AVgAzACgAdQByAGQAZgBfAGMAaABhAG4AZwBlAGQAKQAEAAAAEAAAAAEAAAABAAAAWwUAAA==</a:base64Binary><a:base64Binary>aEIAAAUAAAD//v8jVwBFAEkARABVACAAVABCADIANQBYAFgALQAxAEAAcgBvAGIAbwBWADMAKAB1AHIAZABmAF8AYwBoAGEAbgBnAGUAZAApAAQAAAAQAAAAAQAAAAEAAAB4BQAA</a:base64Binary><a:base64Binary>aEIAAAUAAAD//v8rHwRABD4ERAQ4BDsETAQgAFYALQBzAGwAbwB0ACAAMgAwAHgANAAwAC0AMQBAAHIAbwBiAG8AVgAzACgAdQByAGQAZgBfAGMAaABhAG4AZwBlAGQAKQAEAAAAEAAAAAEAAAABAAAAfgUAAA==</a:base64Binary><a:base64Binary>aEIAAAUAAAD//v8rHwRABD4ERAQ4BDsETAQgAFYALQBzAGwAbwB0ACAAMgAwAHgANAAwAC0AMwBAAHIAbwBiAG8AVgAzACgAdQByAGQAZgBfAGMAaABhAG4AZwBlAGQAKQAEAAAAEAAAAAEAAAABAAAAgAUAAA==</a:base64Binary><a:base64Binary>aEIAAAUAAAD//v88MgAwAHgAMgAwAF8AYQBsAHUAbQBpAG4AdQBtAF8AZQB4AHQAcgB1AHMAaQBvAG4AXwBwAHIAbwBmAGkAbABlACAAMgA2AGMAbQAtADEAQAByAG8AYgBvAFYAMwAoAHUAcgBkAGYAXwBjAGgAYQBuAGcAZQBkACkABAAAABAAAAABAAAAAQAAAJkFAAA=</a:base64Binary><a:base64Binary>aEIAAAUAAAD//v8cMgAwAG0AbQAtADEAMABAAHIAbwBiAG8AVgAzACgAdQByAGQAZgBfAGMAaABhAG4AZwBlAGQAKQAEAAAAEAAAAAEAAAABAAAAygUAAA==</a:base64Binary><a:base64Binary>aEIAAAUAAAD//v8mYwB1AG0AXwBiAGEAbgBoAF8AeABlAF8AbABvAG4ALQA1AEAAcgBvAGIAbwBWADMAKAB1AHIAZABmAF8AYwBoAGEAbgBnAGUAZAApAAQAAAAQAAAAAQAAAAEAAADLBQAA</a:base64Binary><a:base64Binary>aEIAAAUAAAD//v8gbQBvAHQAbwByAEEAeABpAHMALQA0AEAAcgBvAGIAbwBWADMAKAB1AHIAZABmAF8AYwBoAGEAbgBnAGUAZAApAAQAAAAQAAAAAQAAAAEAAADMBQAA</a:base64Binary><a:base64Binary>aEIAAAUAAAD//v8cMgAwAG0AbQAtADEAMQBAAHIAbwBiAG8AVgAzACgAdQByAGQAZgBfAGMAaABhAG4AZwBlAGQAKQAEAAAAEAAAAAEAAAABAAAAzQUAAA==</a:base64Binary><a:base64Binary>aEIAAAUAAAD//v8sYwB1AG0AXwBkAGEAaAB1AG8AbgBnAF8AdAByAHUAbwBjAF8AcwBhAHUALQA1AEAAcgBvAGIAbwBWADMAKAB1AHIAZABmAF8AYwBoAGEAbgBnAGUAZAApAAQAAAAQAAAAAQAAAAEAAAAZBgAA</a:base64Binary><a:base64Binary>aEIAAAUAAAD//v8sYwB1AG0AXwBkAGEAaAB1AG8AbgBnAF8AdAByAHUAbwBjAF8AcwBhAHUALQA2AEAAcgBvAGIAbwBWADMAKAB1AHIAZABmAF8AYwBoAGEAbgBnAGUAZAApAAQAAAAQAAAAAQAAAAEAAAAgBgAA</a:base64Binary><a:base64Binary>aEIAAAUAAAD//v8kZgB1AGwAbABfAGMAbwB2AGUAcgBfAHYAMgAtADEAQAByAG8AYgBvAFYAMwAoAHUAcgBkAGYAXwBjAGgAYQBuAGcAZQBkACkABAAAABAAAAABAAAAAQAAAFwGAAA=</a:base64Binary><a:base64Binary>aEIAAAUAAAD//v8pYwBvAHYAZQByAF8AagBvAGkAbgB0AF8AdgAzAC4AMQAuADIALQAxAEAAcgBvAGIAbwBWADMAKAB1AHIAZABmAF8AYwBoAGEAbgBnAGUAZAApAAQAAAAQAAAAAQAAAAEAAACjBgAA</a:base64Binary><a:base64Binary>aEIAAAUAAAD//v8ZagAxAC0AMQBAAHIAbwBiAG8AVgAzACgAdQByAGQAZgBfAGMAaABhAG4AZwBlAGQAKQAEAAAAEAAAAAEAAAABAAAArAYAAA==</a:base64Binary><a:base64Binary>aEIAAAUAAAD//v8ZagAxAC0AMgBAAHIAbwBiAG8AVgAzACgAdQByAGQAZgBfAGMAaABhAG4AZwBlAGQAKQAEAAAAEAAAAAEAAAABAAAArQYAAA==</a:base64Binary><a:base64Binary>aEIAAAUAAAD//v8ebQBhAHQAeABlAG8AMQAtADEAQAByAG8AYgBvAFYAMwAoAHUAcgBkAGYAXwBjAGgAYQBuAGcAZQBkACkABAAAABAAAAABAAAAAQAAAL0GAAA=</a:base64Binary><a:base64Binary>aEIAAAUAAAD//v8tQQByAGMAYQBkAGUAIABQAHUAcwBoACAAYgB1AHQAdABvAG4AIABhAHMAbQAtADIAQAByAG8AYgBvAFYAMwAoAHUAcgBkAGYAXwBjAGgAYQBuAGcAZQBkACkABAAAABAAAAABAAAAAQAAAM8GAAA=</a:base64Binary><a:base64Binary>aEIAAAUAAAD//v86UwB0AG8AcAAgAFMAdwBpAHQAYwBoACAAUAB1AHMAaAAgAEIAdQB0AHQAbwBuACAATABBAFkAMwA3ACAAKABQAEIAQwApAC0AMwBAAHIAbwBiAG8AVgAzACgAdQByAGQAZgBfAGMAaABhAG4AZwBlAGQAKQAEAAAAEAAAAAEAAAABAAAA9wYAAA==</a:base64Binary><a:base64Binary>aEIAAAUAAAD//v8sYwBvAHYAZQByAF8AdQBwAF8AdgAyAF8AbABpAG4AaABfAG0AaQBjAGEALQAxAEAAcgBvAGIAbwBWADMAKAB1AHIAZABmAF8AYwBoAGEAbgBnAGUAZAApAAQAAAAQAAAAAQAAAAEAAADZBwAA</a:base64Binary><a:base64Binary>aEIAAAUAAAD//v8eYQBsAGkAYgBhAGIAYQAtADEAQAByAG8AYgBvAFYAMwAoAHUAcgBkAGYAXwBjAGgAYQBuAGcAZQBkACkABAAAABAAAAABAAAAAQAAADYIAAA=</a:base64Binary><a:base64Binary>aEIAAAUAAAD//v8aYwBoAGUALQAxAEAAcgBvAGIAbwBWADMAKAB1AHIAZABmAF8AYwBoAGEAbgBnAGUAZAApAAQAAAAQAAAAAQAAAAEAAAA8CAAA</a:base64Binary><a:base64Binary>aEIAAAUAAAD//v8aYwBoAGUALQAyAEAAcgBvAGIAbwBWADMAKAB1AHIAZABmAF8AYwBoAGEAbgBnAGUAZAApAAQAAAAQAAAAAQAAAAEAAABQCAAA</a:base64Binary><a:base64Binary>aEIAAAUAAAD//v8aYwBoAGUALQAzAEAAcgBvAGIAbwBWADMAKAB1AHIAZABmAF8AYwBoAGEAbgBnAGUAZAApAAQAAAAQAAAAAQAAAAEAAABZCAAA</a:base64Binary><a:base64Binary>aEIAAAUAAAD//v8aYwBoAGUALQA0AEAAcgBvAGIAbwBWADMAKAB1AHIAZABmAF8AYwBoAGEAbgBnAGUAZAApAAQAAAAQAAAAAQAAAAEAAABhCAAA</a:base64Binary><a:base64Binary>aEIAAAUAAAD//v8aYwBoAGUALQA1AEAAcgBvAGIAbwBWADMAKAB1AHIAZABmAF8AYwBoAGEAbgBnAGUAZAApAAQAAAAQAAAAAQAAAAEAAABpCAAA</a:base64Binary><a:base64Binary>aEIAAAUAAAD//v8aYwBoAGUALQA2AEAAcgBvAGIAbwBWADMAKAB1AHIAZABmAF8AYwBoAGEAbgBnAGUAZAApAAQAAAAQAAAAAQAAAAEAAABxCAAA</a:base64Binary><a:base64Binary>aEIAAAUAAAD//v8lZwBhAF8AbQBpAG4AaQBwAGMAXwBjAG8AbQBwAC0AMQBAAHIAbwBiAG8AVgAzACgAdQByAGQAZgBfAGMAaABhAG4AZwBlAGQAKQAEAAAAEAAAAAEAAAABAAAAxggAAA==</a:base64Binary><a:base64Binary>aEIAAAUAAAD//v8jZwBhAF8AbQBpAG4AaQBwAGMAXwB2ADIALQAyAEAAcgBvAGIAbwBWADMAKAB1AHIAZABmAF8AYwBoAGEAbgBnAGUAZAApAAQAAAAQAAAAAQAAAAEAAACxCAAA</a:base64Binary><a:base64Binary>aEIAAAUAAAD//v8jZwBhAF8AbQBpAG4AaQBwAGMAXwB2ADIALQAxAEAAcgBvAGIAbwBWADMAKAB1AHIAZABmAF8AYwBoAGEAbgBnAGUAZAApAAQAAAAQAAAAAQAAAAEAAACwCAAA</a:base64Binary><a:base64Binary>aEIAAAUAAAD//v8eaABvAHAAXwBwAGkAbgAtADEAQAByAG8AYgBvAFYAMwAoAHUAcgBkAGYAXwBjAGgAYQBuAGcAZQBkACkABAAAABAAAAABAAAAAQAAAN8IAAA=</a:base64Binary><a:base64Binary>aEIAAAUAAAD//v8fbgBhAG4AZwBfAGMAYQBtAC0AMQBAAHIAbwBiAG8AVgAzACgAdQByAGQAZgBfAGMAaABhAG4AZwBlAGQAKQAEAAAAEAAAAAEAAAABAAAA6ggAAA==</a:base64Binary><a:base64Binary>aEIAAAUAAAD//v81ZwBhAF8AYwBvAG0ALQAxAEAAcgBvAGIAbwBWADMAKAB1AHIAZABmAF8AYwBoAGEAbgBnAGUAZAApAC8AMgAwAHgAMgAwAF8AYQBsAHUAXwBkAG8AYwAxAC0AMgBAAGcAYQBfAGMAbwBtAAQAAAAQAAAAAQAAAAIAAAANCQAAGwAAAA==</a:base64Binary><a:base64Binary>aEIAAAUAAAD//v81ZwBhAF8AYwBvAG0ALQAxAEAAcgBvAGIAbwBWADMAKAB1AHIAZABmAF8AYwBoAGEAbgBnAGUAZAApAC8AMgAwAHgAMgAwAF8AYQBsAHUAXwBkAG8AYwAxAC0AMQBAAGcAYQBfAGMAbwBtAAQAAAAQAAAAAQAAAAIAAAANCQAAGgAAAA==</a:base64Binary><a:base64Binary>aEIAAAUAAAD//v83ZwBhAF8AYwBvAG0ALQAxAEAAcgBvAGIAbwBWADMAKAB1AHIAZABmAF8AYwBoAGEAbgBnAGUAZAApAC8AMgAwAHgAMgAwAF8AYQBsAHUAXwBuAGcAYQBuAGcAMQAtADEAQABnAGEAXwBjAG8AbQAEAAAAEAAAAAEAAAACAAAADQkAABkAAAA=</a:base64Binary><a:base64Binary>aEIAAAUAAAD//v8faABvAHAAXwBuAGEAbgBvAC0AMQBAAHIAbwBiAG8AVgAzACgAdQByAGQAZgBfAGMAaABhAG4AZwBlAGQAKQAEAAAAEAAAAAEAAAABAAAANAkAAA==</a:base64Binary><a:base64Binary>aEIAAAUAAAD//v8hawBlAGcAbwBjAF8AdABhAGIAMQAtADEAQAByAG8AYgBvAFYAMwAoAHUAcgBkAGYAXwBjAGgAYQBuAGcAZQBkACkABAAAABAAAAABAAAAAQAAAG4JAAA=</a:base64Binary><a:base64Binary>aEIAAAUAAAD//v8hawBlAGcAbwBjAF8AdABhAGIAMgAtADEAQAByAG8AYgBvAFYAMwAoAHUAcgBkAGYAXwBjAGgAYQBuAGcAZQBkACkABAAAABAAAAABAAAAAQAAAG8JAAA=</a:base64Binary><a:base64Binary>aEIAAAUAAAD//v8edAByAG8AZABvAG4AZwAtADEAQAByAG8AYgBvAFYAMwAoAHUAcgBkAGYAXwBjAGgAYQBuAGcAZQBkACkABAAAABAAAAABAAAAAQAAAHgJAAA=</a:base64Binary></SWComponentPIDs><SWMainComponentPID i:nil="true"/><Visual z:Ref="i16"/><isFixedFrame>false</isFixedFrame><isIncomplete>false</isIncomplete></Link>
2025-06-27 11:27:38,433 INFO  LinkNode.cs: 35 - Building node base_link
2025-06-27 11:27:38,434 INFO  LinkNode.cs: 35 - Building node lidar_link
2025-06-27 11:27:38,434 INFO  LinkNode.cs: 35 - Building node imu_link
2025-06-27 11:27:38,435 INFO  LinkNode.cs: 35 - Building node right_wheel_link
2025-06-27 11:27:38,435 INFO  LinkNode.cs: 35 - Building node left_wheel_link
2025-06-27 11:27:38,435 INFO  LinkNode.cs: 35 - Building node camera_link
2025-06-27 11:27:38,436 INFO  CommonSwOperations.cs: 221 - Loading SolidWorks components for base_link from D:\DA_Robot\hoc_solid\model_v5_packgo1\robotv2\roboV3(urdf_changed).SLDASM
2025-06-27 11:27:38,438 INFO  CommonSwOperations.cs: 245 - Loading component with PID hB     ???&c u m _ b a n h _ x e _ l o n - 3 @ r o b o V 3 ( u r d f _ c h a n g e d )             ?  
2025-06-27 11:27:38,442 INFO  CommonSwOperations.cs: 254 - Successfully loaded component D:\DA_Robot\hoc_solid\model_v5_packgo1\cum_banh_xe_lon.SLDASM
2025-06-27 11:27:38,442 INFO  CommonSwOperations.cs: 245 - Loading component with PID hB     ???2 0 m m - 2 @ r o b o V 3 ( u r d f _ c h a n g e d )             )  
2025-06-27 11:27:38,442 INFO  CommonSwOperations.cs: 254 - Successfully loaded component D:\DA_Robot\hoc_solid\model_v5_packgo1\20mm.SLDPRT
2025-06-27 11:27:38,443 INFO  CommonSwOperations.cs: 245 - Loading component with PID hB     ???2 0 m m - 8 @ r o b o V 3 ( u r d f _ c h a n g e d )             /  
2025-06-27 11:27:38,443 INFO  CommonSwOperations.cs: 254 - Successfully loaded component D:\DA_Robot\hoc_solid\model_v5_packgo1\20mm.SLDPRT
2025-06-27 11:27:38,443 INFO  CommonSwOperations.cs: 245 - Loading component with PID hB     ??? m o t o r A x i s - 1 @ r o b o V 3 ( u r d f _ c h a n g e d )             ?  
2025-06-27 11:27:38,444 INFO  CommonSwOperations.cs: 254 - Successfully loaded component D:\DA_Robot\hoc_solid\model_v5_packgo1\motorAxis.SLDPRT
2025-06-27 11:27:38,444 INFO  CommonSwOperations.cs: 245 - Loading component with PID hB     ???#l i d a r _ p u s h u p - 1 @ r o b o V 3 ( u r d f _ c h a n g e d )             ?  
2025-06-27 11:27:38,444 INFO  CommonSwOperations.cs: 254 - Successfully loaded component D:\DA_Robot\hoc_solid\model_v5_packgo1\lidar_pushup.SLDPRT
2025-06-27 11:27:38,444 INFO  CommonSwOperations.cs: 245 - Loading component with PID hB     ???'s t a n d o f f _ M 2 _ 2 0 m m - 1 @ r o b o V 3 ( u r d f _ c h a n g e d )             ?  
2025-06-27 11:27:38,445 INFO  CommonSwOperations.cs: 254 - Successfully loaded component D:\DA_Robot\hoc_solid\model_v5_packgo1\standoff_M2_20mm.SLDPRT
2025-06-27 11:27:38,445 INFO  CommonSwOperations.cs: 245 - Loading component with PID hB     ???'s t a n d o f f _ M 2 _ 2 0 m m - 3 @ r o b o V 3 ( u r d f _ c h a n g e d )             ?  
2025-06-27 11:27:38,445 INFO  CommonSwOperations.cs: 254 - Successfully loaded component D:\DA_Robot\hoc_solid\model_v5_packgo1\standoff_M2_20mm.SLDPRT
2025-06-27 11:27:38,445 INFO  CommonSwOperations.cs: 245 - Loading component with PID hB     ???'s t a n d o f f _ M 2 _ 2 0 m m - 4 @ r o b o V 3 ( u r d f _ c h a n g e d )             ?  
2025-06-27 11:27:38,446 INFO  CommonSwOperations.cs: 254 - Successfully loaded component D:\DA_Robot\hoc_solid\model_v5_packgo1\standoff_M2_20mm.SLDPRT
2025-06-27 11:27:38,446 INFO  CommonSwOperations.cs: 245 - Loading component with PID hB     ???'s t a n d o f f _ M 2 _ 2 0 m m - 5 @ r o b o V 3 ( u r d f _ c h a n g e d )             ?  
2025-06-27 11:27:38,446 INFO  CommonSwOperations.cs: 254 - Successfully loaded component D:\DA_Robot\hoc_solid\model_v5_packgo1\standoff_M2_20mm.SLDPRT
2025-06-27 11:27:38,447 INFO  CommonSwOperations.cs: 245 - Loading component with PID hB     ???b a t t e r y - 1 @ r o b o V 3 ( u r d f _ c h a n g e d )             ?  
2025-06-27 11:27:38,447 INFO  CommonSwOperations.cs: 254 - Successfully loaded component D:\DA_Robot\hoc_solid\model_v5_packgo1\battery.SLDPRT
2025-06-27 11:27:38,447 INFO  CommonSwOperations.cs: 245 - Loading component with PID hB     ???(h o v e r b o a r d _ d r i v e r - 1 @ r o b o V 3 ( u r d f _ c h a n g e d )             ?  
2025-06-27 11:27:38,447 INFO  CommonSwOperations.cs: 254 - Successfully loaded component D:\DA_Robot\hoc_solid\model_v5_packgo1\hoverboard_driver.SLDPRT
2025-06-27 11:27:38,448 INFO  CommonSwOperations.cs: 245 - Loading component with PID hB     ???(c u m _ r e l a y _ m y 4 n _ 4 p - 1 @ r o b o V 3 ( u r d f _ c h a n g e d )             ?  
2025-06-27 11:27:38,448 INFO  CommonSwOperations.cs: 254 - Successfully loaded component D:\DA_Robot\hoc_solid\model_v5_packgo1\cum_relay_my4n_4p.SLDASM
2025-06-27 11:27:38,448 INFO  CommonSwOperations.cs: 245 - Loading component with PID hB     ???#l i d a r _ p u s h u p - 3 @ r o b o V 3 ( u r d f _ c h a n g e d )               
2025-06-27 11:27:38,448 INFO  CommonSwOperations.cs: 254 - Successfully loaded component D:\DA_Robot\hoc_solid\model_v5_packgo1\lidar_pushup.SLDPRT
2025-06-27 11:27:38,449 INFO  CommonSwOperations.cs: 245 - Loading component with PID hB     ???(3 6 v _ 1 2 v _ c o n v e r t e r - 1 @ r o b o V 3 ( u r d f _ c h a n g e d )                
2025-06-27 11:27:38,449 INFO  CommonSwOperations.cs: 254 - Successfully loaded component D:\DA_Robot\hoc_solid\model_v5_packgo1\36v_12v_converter.SLDPRT
2025-06-27 11:27:38,449 INFO  CommonSwOperations.cs: 245 - Loading component with PID hB     ???#r e m o t e _ r e l a y - 1 @ r o b o V 3 ( u r d f _ c h a n g e d )             1  
2025-06-27 11:27:38,449 INFO  CommonSwOperations.cs: 254 - Successfully loaded component D:\DA_Robot\hoc_solid\model_v5_packgo1\remote_relay.SLDPRT
2025-06-27 11:27:38,450 INFO  CommonSwOperations.cs: 245 - Loading component with PID hB     ???%a l u m i n i u m _ b a s e - 1 @ r o b o V 3 ( u r d f _ c h a n g e d )             5  
2025-06-27 11:27:38,450 INFO  CommonSwOperations.cs: 254 - Successfully loaded component D:\DA_Robot\hoc_solid\model_v5_packgo1\aluminium_base.SLDPRT
2025-06-27 11:27:38,450 INFO  CommonSwOperations.cs: 245 - Loading component with PID hB     ???"p i _ h a n g _ i m u - 1 @ r o b o V 3 ( u r d f _ c h a n g e d )             [  
2025-06-27 11:27:38,451 INFO  CommonSwOperations.cs: 254 - Successfully loaded component D:\DA_Robot\hoc_solid\model_v5_packgo1\pi_hang_imu.SLDPRT
2025-06-27 11:27:38,451 INFO  CommonSwOperations.cs: 245 - Loading component with PID hB     ???#W E I D U   T B 2 5 X X - 1 @ r o b o V 3 ( u r d f _ c h a n g e d )             x  
2025-06-27 11:27:38,451 INFO  CommonSwOperations.cs: 254 - Successfully loaded component D:\DA_Robot\hoc_solid\model_v5_packgo1\WEIDU TB25XX.SLDASM
2025-06-27 11:27:38,451 INFO  CommonSwOperations.cs: 245 - Loading component with PID hB     ???+@>D8;L  V - s l o t   2 0 x 4 0 - 1 @ r o b o V 3 ( u r d f _ c h a n g e d )             ~  
2025-06-27 11:27:38,452 INFO  CommonSwOperations.cs: 254 - Successfully loaded component D:\DA_Robot\hoc_solid\model_v5_packgo1\??????? V-slot 20x40.SLDPRT
2025-06-27 11:27:38,452 INFO  CommonSwOperations.cs: 245 - Loading component with PID hB     ???+@>D8;L  V - s l o t   2 0 x 4 0 - 3 @ r o b o V 3 ( u r d f _ c h a n g e d )             ?  
2025-06-27 11:27:38,452 INFO  CommonSwOperations.cs: 254 - Successfully loaded component D:\DA_Robot\hoc_solid\model_v5_packgo1\??????? V-slot 20x40.SLDPRT
2025-06-27 11:27:38,452 INFO  CommonSwOperations.cs: 245 - Loading component with PID hB     ???<2 0 x 2 0 _ a l u m i n u m _ e x t r u s i o n _ p r o f i l e   2 6 c m - 1 @ r o b o V 3 ( u r d f _ c h a n g e d )             ?  
2025-06-27 11:27:38,453 INFO  CommonSwOperations.cs: 254 - Successfully loaded component D:\DA_Robot\hoc_solid\model_v5_packgo1\20x20_aluminum_extrusion_profile 26cm.SLDPRT
2025-06-27 11:27:38,453 INFO  CommonSwOperations.cs: 245 - Loading component with PID hB     ???2 0 m m - 1 0 @ r o b o V 3 ( u r d f _ c h a n g e d )             ?  
2025-06-27 11:27:38,453 INFO  CommonSwOperations.cs: 254 - Successfully loaded component D:\DA_Robot\hoc_solid\model_v5_packgo1\20mm.SLDPRT
2025-06-27 11:27:38,453 INFO  CommonSwOperations.cs: 245 - Loading component with PID hB     ???&c u m _ b a n h _ x e _ l o n - 5 @ r o b o V 3 ( u r d f _ c h a n g e d )             ?  
2025-06-27 11:27:38,454 INFO  CommonSwOperations.cs: 254 - Successfully loaded component D:\DA_Robot\hoc_solid\model_v5_packgo1\cum_banh_xe_lon.SLDASM
2025-06-27 11:27:38,454 INFO  CommonSwOperations.cs: 245 - Loading component with PID hB     ??? m o t o r A x i s - 4 @ r o b o V 3 ( u r d f _ c h a n g e d )             ?  
2025-06-27 11:27:38,454 INFO  CommonSwOperations.cs: 254 - Successfully loaded component D:\DA_Robot\hoc_solid\model_v5_packgo1\motorAxis.SLDPRT
2025-06-27 11:27:38,454 INFO  CommonSwOperations.cs: 245 - Loading component with PID hB     ???2 0 m m - 1 1 @ r o b o V 3 ( u r d f _ c h a n g e d )             ?  
2025-06-27 11:27:38,455 INFO  CommonSwOperations.cs: 254 - Successfully loaded component D:\DA_Robot\hoc_solid\model_v5_packgo1\20mm.SLDPRT
2025-06-27 11:27:38,455 INFO  CommonSwOperations.cs: 245 - Loading component with PID hB     ???,c u m _ d a h u o n g _ t r u o c _ s a u - 5 @ r o b o V 3 ( u r d f _ c h a n g e d )               
2025-06-27 11:27:38,455 INFO  CommonSwOperations.cs: 254 - Successfully loaded component D:\DA_Robot\hoc_solid\model_v5_packgo1\cum_dahuong_truoc_sau.SLDASM
2025-06-27 11:27:38,455 INFO  CommonSwOperations.cs: 245 - Loading component with PID hB     ???,c u m _ d a h u o n g _ t r u o c _ s a u - 6 @ r o b o V 3 ( u r d f _ c h a n g e d )                
2025-06-27 11:27:38,455 INFO  CommonSwOperations.cs: 254 - Successfully loaded component D:\DA_Robot\hoc_solid\model_v5_packgo1\cum_dahuong_truoc_sau.SLDASM
2025-06-27 11:27:38,455 INFO  CommonSwOperations.cs: 245 - Loading component with PID hB     ???$f u l l _ c o v e r _ v 2 - 1 @ r o b o V 3 ( u r d f _ c h a n g e d )             \  
2025-06-27 11:27:38,455 INFO  CommonSwOperations.cs: 254 - Successfully loaded component D:\DA_Robot\hoc_solid\model_v5_packgo1\full_cover_v2.SLDASM
2025-06-27 11:27:38,456 INFO  CommonSwOperations.cs: 245 - Loading component with PID hB     ???)c o v e r _ j o i n t _ v 3 . 1 . 2 - 1 @ r o b o V 3 ( u r d f _ c h a n g e d )             ?  
2025-06-27 11:27:38,456 INFO  CommonSwOperations.cs: 254 - Successfully loaded component D:\DA_Robot\hoc_solid\model_v5_packgo1\cover_joint_v3.1.2.SLDPRT
2025-06-27 11:27:38,456 INFO  CommonSwOperations.cs: 245 - Loading component with PID hB     ???j 1 - 1 @ r o b o V 3 ( u r d f _ c h a n g e d )             ?  
2025-06-27 11:27:38,456 INFO  CommonSwOperations.cs: 254 - Successfully loaded component D:\DA_Robot\hoc_solid\model_v5_packgo1\j1.SLDPRT
2025-06-27 11:27:38,457 INFO  CommonSwOperations.cs: 245 - Loading component with PID hB     ???j 1 - 2 @ r o b o V 3 ( u r d f _ c h a n g e d )             ?  
2025-06-27 11:27:38,457 INFO  CommonSwOperations.cs: 254 - Successfully loaded component D:\DA_Robot\hoc_solid\model_v5_packgo1\j1.SLDPRT
2025-06-27 11:27:38,457 INFO  CommonSwOperations.cs: 245 - Loading component with PID hB     ???m a t x e o 1 - 1 @ r o b o V 3 ( u r d f _ c h a n g e d )             ?  
2025-06-27 11:27:38,458 INFO  CommonSwOperations.cs: 254 - Successfully loaded component D:\DA_Robot\hoc_solid\model_v5_packgo1\matxeo1.SLDPRT
2025-06-27 11:27:38,458 INFO  CommonSwOperations.cs: 245 - Loading component with PID hB     ???-A r c a d e   P u s h   b u t t o n   a s m - 2 @ r o b o V 3 ( u r d f _ c h a n g e d )             ?  
2025-06-27 11:27:38,458 INFO  CommonSwOperations.cs: 254 - Successfully loaded component D:\DA_Robot\hoc_solid\model_v5_packgo1\Arcade Push button asm.SLDASM
2025-06-27 11:27:38,458 INFO  CommonSwOperations.cs: 245 - Loading component with PID hB     ???:S t o p   S w i t c h   P u s h   B u t t o n   L A Y 3 7   ( P B C ) - 3 @ r o b o V 3 ( u r d f _ c h a n g e d )             ?  
2025-06-27 11:27:38,459 INFO  CommonSwOperations.cs: 254 - Successfully loaded component D:\DA_Robot\hoc_solid\model_v5_packgo1\Stop Switch Push Button LAY37 (PBC).SLDPRT
2025-06-27 11:27:38,459 INFO  CommonSwOperations.cs: 245 - Loading component with PID hB     ???,c o v e r _ u p _ v 2 _ l i n h _ m i c a - 1 @ r o b o V 3 ( u r d f _ c h a n g e d )             ?  
2025-06-27 11:27:38,459 INFO  CommonSwOperations.cs: 254 - Successfully loaded component D:\DA_Robot\hoc_solid\model_v5_packgo1\cover_up_v2_linh_mica.SLDPRT
2025-06-27 11:27:38,459 INFO  CommonSwOperations.cs: 245 - Loading component with PID hB     ???a l i b a b a - 1 @ r o b o V 3 ( u r d f _ c h a n g e d )             6  
2025-06-27 11:27:38,460 INFO  CommonSwOperations.cs: 254 - Successfully loaded component D:\DA_Robot\hoc_solid\model_v5_packgo1\cam\alibaba.SLDASM
2025-06-27 11:27:38,460 INFO  CommonSwOperations.cs: 245 - Loading component with PID hB     ???c h e - 1 @ r o b o V 3 ( u r d f _ c h a n g e d )             <  
2025-06-27 11:27:38,460 INFO  CommonSwOperations.cs: 254 - Successfully loaded component D:\DA_Robot\hoc_solid\model_v5_packgo1\che\che.SLDPRT
2025-06-27 11:27:38,461 INFO  CommonSwOperations.cs: 245 - Loading component with PID hB     ???c h e - 2 @ r o b o V 3 ( u r d f _ c h a n g e d )             P  
2025-06-27 11:27:38,461 INFO  CommonSwOperations.cs: 254 - Successfully loaded component D:\DA_Robot\hoc_solid\model_v5_packgo1\che\che.SLDPRT
2025-06-27 11:27:38,461 INFO  CommonSwOperations.cs: 245 - Loading component with PID hB     ???c h e - 3 @ r o b o V 3 ( u r d f _ c h a n g e d )             Y  
2025-06-27 11:27:38,461 INFO  CommonSwOperations.cs: 254 - Successfully loaded component D:\DA_Robot\hoc_solid\model_v5_packgo1\che\che.SLDPRT
2025-06-27 11:27:38,462 INFO  CommonSwOperations.cs: 245 - Loading component with PID hB     ???c h e - 4 @ r o b o V 3 ( u r d f _ c h a n g e d )             a  
2025-06-27 11:27:38,462 INFO  CommonSwOperations.cs: 254 - Successfully loaded component D:\DA_Robot\hoc_solid\model_v5_packgo1\che\che.SLDPRT
2025-06-27 11:27:38,462 INFO  CommonSwOperations.cs: 245 - Loading component with PID hB     ???c h e - 5 @ r o b o V 3 ( u r d f _ c h a n g e d )             i  
2025-06-27 11:27:38,462 INFO  CommonSwOperations.cs: 254 - Successfully loaded component D:\DA_Robot\hoc_solid\model_v5_packgo1\che\che.SLDPRT
2025-06-27 11:27:38,463 INFO  CommonSwOperations.cs: 245 - Loading component with PID hB     ???c h e - 6 @ r o b o V 3 ( u r d f _ c h a n g e d )             q  
2025-06-27 11:27:38,463 INFO  CommonSwOperations.cs: 254 - Successfully loaded component D:\DA_Robot\hoc_solid\model_v5_packgo1\che\che.SLDPRT
2025-06-27 11:27:38,463 INFO  CommonSwOperations.cs: 245 - Loading component with PID hB     ???%g a _ m i n i p c _ c o m p - 1 @ r o b o V 3 ( u r d f _ c h a n g e d )             ?  
2025-06-27 11:27:38,464 INFO  CommonSwOperations.cs: 254 - Successfully loaded component D:\DA_Robot\hoc_solid\model_v5_packgo1\robotv2\2nd_floor_v2\ga_minipc_comp.SLDASM
2025-06-27 11:27:38,464 INFO  CommonSwOperations.cs: 245 - Loading component with PID hB     ???#g a _ m i n i p c _ v 2 - 2 @ r o b o V 3 ( u r d f _ c h a n g e d )             ?  
2025-06-27 11:27:38,464 INFO  CommonSwOperations.cs: 254 - Successfully loaded component D:\DA_Robot\hoc_solid\model_v5_packgo1\robotv2\2nd_floor_v2\ga_minipc_v2.SLDASM
2025-06-27 11:27:38,464 INFO  CommonSwOperations.cs: 245 - Loading component with PID hB     ???#g a _ m i n i p c _ v 2 - 1 @ r o b o V 3 ( u r d f _ c h a n g e d )             ?  
2025-06-27 11:27:38,465 INFO  CommonSwOperations.cs: 254 - Successfully loaded component D:\DA_Robot\hoc_solid\model_v5_packgo1\robotv2\2nd_floor_v2\ga_minipc_v2.SLDASM
2025-06-27 11:27:38,465 INFO  CommonSwOperations.cs: 245 - Loading component with PID hB     ???h o p _ p i n - 1 @ r o b o V 3 ( u r d f _ c h a n g e d )             ?  
2025-06-27 11:27:38,465 INFO  CommonSwOperations.cs: 254 - Successfully loaded component D:\DA_Robot\hoc_solid\model_v5_packgo1\robotv2\hop_pin\hop_pin.SLDPRT
2025-06-27 11:27:38,465 INFO  CommonSwOperations.cs: 245 - Loading component with PID hB     ???n a n g _ c a m - 1 @ r o b o V 3 ( u r d f _ c h a n g e d )             ?  
2025-06-27 11:27:38,466 INFO  CommonSwOperations.cs: 254 - Successfully loaded component D:\DA_Robot\hoc_solid\model_v5_packgo1\robotv2\nang_cam.SLDPRT
2025-06-27 11:27:38,466 INFO  CommonSwOperations.cs: 245 - Loading component with PID hB     ???5g a _ c o m - 1 @ r o b o V 3 ( u r d f _ c h a n g e d ) / 2 0 x 2 0 _ a l u _ d o c 1 - 2 @ g a _ c o m             	     
2025-06-27 11:27:38,682 INFO  CommonSwOperations.cs: 254 - Successfully loaded component D:\DA_Robot\hoc_solid\model_v5_packgo1\robotv2\ga_tablet\20x20_alu_doc1.SLDPRT
2025-06-27 11:27:38,683 INFO  CommonSwOperations.cs: 245 - Loading component with PID hB     ???5g a _ c o m - 1 @ r o b o V 3 ( u r d f _ c h a n g e d ) / 2 0 x 2 0 _ a l u _ d o c 1 - 1 @ g a _ c o m             	     
2025-06-27 11:27:38,683 INFO  CommonSwOperations.cs: 254 - Successfully loaded component D:\DA_Robot\hoc_solid\model_v5_packgo1\robotv2\ga_tablet\20x20_alu_doc1.SLDPRT
2025-06-27 11:27:38,683 INFO  CommonSwOperations.cs: 245 - Loading component with PID hB     ???7g a _ c o m - 1 @ r o b o V 3 ( u r d f _ c h a n g e d ) / 2 0 x 2 0 _ a l u _ n g a n g 1 - 1 @ g a _ c o m             	     
2025-06-27 11:27:38,684 INFO  CommonSwOperations.cs: 254 - Successfully loaded component D:\DA_Robot\hoc_solid\model_v5_packgo1\robotv2\ga_tablet\20x20_alu_ngang1.SLDPRT
2025-06-27 11:27:38,684 INFO  CommonSwOperations.cs: 245 - Loading component with PID hB     ???h o p _ n a n o - 1 @ r o b o V 3 ( u r d f _ c h a n g e d )             4	  
2025-06-27 11:27:38,685 INFO  CommonSwOperations.cs: 254 - Successfully loaded component D:\DA_Robot\hoc_solid\model_v5_packgo1\robotv2\hop_nano.SLDPRT
2025-06-27 11:27:38,685 INFO  CommonSwOperations.cs: 245 - Loading component with PID hB     ???!k e g o c _ t a b 1 - 1 @ r o b o V 3 ( u r d f _ c h a n g e d )             n	  
2025-06-27 11:27:38,685 INFO  CommonSwOperations.cs: 254 - Successfully loaded component D:\DA_Robot\hoc_solid\model_v5_packgo1\tablet_new\kegoc_tab1.SLDPRT
2025-06-27 11:27:38,686 INFO  CommonSwOperations.cs: 245 - Loading component with PID hB     ???!k e g o c _ t a b 2 - 1 @ r o b o V 3 ( u r d f _ c h a n g e d )             o	  
2025-06-27 11:27:38,686 INFO  CommonSwOperations.cs: 254 - Successfully loaded component D:\DA_Robot\hoc_solid\model_v5_packgo1\tablet_new\kegoc_tab2.SLDPRT
2025-06-27 11:27:38,686 INFO  CommonSwOperations.cs: 245 - Loading component with PID hB     ???t r o d o n g - 1 @ r o b o V 3 ( u r d f _ c h a n g e d )             x	  
2025-06-27 11:27:38,686 INFO  CommonSwOperations.cs: 254 - Successfully loaded component D:\DA_Robot\hoc_solid\model_v5_packgo1\robotv2\trodong.SLDPRT
2025-06-27 11:27:38,687 INFO  CommonSwOperations.cs: 230 - Loaded 54 components for link base_link
2025-06-27 11:27:38,687 INFO  CommonSwOperations.cs: 221 - Loading SolidWorks components for lidar_link from D:\DA_Robot\hoc_solid\model_v5_packgo1\robotv2\roboV3(urdf_changed).SLDASM
2025-06-27 11:27:38,687 INFO  CommonSwOperations.cs: 245 - Loading component with PID hB     ???X 3 _ L i d a r - 1 @ r o b o V 3 ( u r d f _ c h a n g e d )             ?  
2025-06-27 11:27:38,687 INFO  CommonSwOperations.cs: 254 - Successfully loaded component D:\DA_Robot\hoc_solid\model_v5_packgo1\X3_Lidar.SLDPRT
2025-06-27 11:27:38,688 INFO  CommonSwOperations.cs: 230 - Loaded 1 components for link lidar_link
2025-06-27 11:27:38,688 INFO  CommonSwOperations.cs: 221 - Loading SolidWorks components for imu_link from D:\DA_Robot\hoc_solid\model_v5_packgo1\robotv2\roboV3(urdf_changed).SLDASM
2025-06-27 11:27:38,688 INFO  CommonSwOperations.cs: 245 - Loading component with PID hB     ???i m u _ 4 0 d o - 1 @ r o b o V 3 ( u r d f _ c h a n g e d )             w	  
2025-06-27 11:27:38,688 INFO  CommonSwOperations.cs: 254 - Successfully loaded component D:\DA_Robot\hoc_solid\model_v5_packgo1\robotv2\imu_40do.SLDPRT
2025-06-27 11:27:38,689 INFO  CommonSwOperations.cs: 230 - Loaded 1 components for link imu_link
2025-06-27 11:27:38,689 INFO  CommonSwOperations.cs: 221 - Loading SolidWorks components for right_wheel_link from D:\DA_Robot\hoc_solid\model_v5_packgo1\robotv2\roboV3(urdf_changed).SLDASM
2025-06-27 11:27:38,689 INFO  CommonSwOperations.cs: 245 - Loading component with PID hB     ??? m o t o r e d i t - 4 @ r o b o V 3 ( u r d f _ c h a n g e d )             ?  
2025-06-27 11:27:38,689 INFO  CommonSwOperations.cs: 254 - Successfully loaded component D:\DA_Robot\hoc_solid\model_v5_packgo1\motoredit.SLDPRT
2025-06-27 11:27:38,690 INFO  CommonSwOperations.cs: 230 - Loaded 1 components for link right_wheel_link
2025-06-27 11:27:38,690 INFO  CommonSwOperations.cs: 221 - Loading SolidWorks components for left_wheel_link from D:\DA_Robot\hoc_solid\model_v5_packgo1\robotv2\roboV3(urdf_changed).SLDASM
2025-06-27 11:27:38,690 INFO  CommonSwOperations.cs: 245 - Loading component with PID hB     ??? m o t o r e d i t - 3 @ r o b o V 3 ( u r d f _ c h a n g e d )             ?  
2025-06-27 11:27:38,690 INFO  CommonSwOperations.cs: 254 - Successfully loaded component D:\DA_Robot\hoc_solid\model_v5_packgo1\motoredit.SLDPRT
2025-06-27 11:27:38,691 INFO  CommonSwOperations.cs: 230 - Loaded 1 components for link left_wheel_link
2025-06-27 11:27:38,691 INFO  CommonSwOperations.cs: 221 - Loading SolidWorks components for camera_link from D:\DA_Robot\hoc_solid\model_v5_packgo1\robotv2\roboV3(urdf_changed).SLDASM
2025-06-27 11:27:38,691 INFO  CommonSwOperations.cs: 245 - Loading component with PID hB     ???#f i n a l   k i n e c t - 1 @ r o b o V 3 ( u r d f _ c h a n g e d )             ?  
2025-06-27 11:27:38,692 INFO  CommonSwOperations.cs: 254 - Successfully loaded component D:\DA_Robot\hoc_solid\model_v5_packgo1\lib\final kinect.SLDASM
2025-06-27 11:27:38,692 INFO  CommonSwOperations.cs: 230 - Loaded 1 components for link camera_link
2025-06-27 11:27:39,367 INFO  SwAddin.cs: 344 - Showing property manager
2025-06-27 11:27:47,387 INFO  ExportPropertyManager.cs: 1018 - OnComboboxSelectionChanged called. This method no longer throws an Exception. It just silently does nothing. Ok, except for this logging message
2025-06-27 11:27:48,926 INFO  ExportPropertyManager.cs: 1018 - OnComboboxSelectionChanged called. This method no longer throws an Exception. It just silently does nothing. Ok, except for this logging message
2025-06-27 11:27:57,412 INFO  ExportPropertyManager.cs: 1018 - OnComboboxSelectionChanged called. This method no longer throws an Exception. It just silently does nothing. Ok, except for this logging message
2025-06-27 11:28:04,093 INFO  ExportPropertyManager.cs: 1018 - OnComboboxSelectionChanged called. This method no longer throws an Exception. It just silently does nothing. Ok, except for this logging message
2025-06-27 11:28:28,304 INFO  ExportPropertyManager.cs: 1018 - OnComboboxSelectionChanged called. This method no longer throws an Exception. It just silently does nothing. Ok, except for this logging message
2025-06-27 11:28:33,133 INFO  ExportPropertyManager.cs: 1018 - OnComboboxSelectionChanged called. This method no longer throws an Exception. It just silently does nothing. Ok, except for this logging message
2025-06-27 11:28:36,679 INFO  ExportPropertyManager.cs: 416 - Configuration canceled
2025-06-27 11:28:36,747 INFO  ExportPropertyManager.cs: 1142 - AfterClose called. This method no longer throws an Exception. It just silently does nothing. Ok, except for this logging message
2025-06-27 11:28:59,773 INFO  SwAddin.cs: 294 - Assembly export called for file roboV3(urdf_changed).SLDASM
2025-06-27 11:29:01,531 INFO  SwAddin.cs: 313 - Saving assembly
2025-06-27 11:29:02,754 INFO  SwAddin.cs: 316 - Opening property manager
2025-06-27 11:29:02,755 INFO  ExportHelperExtension.cs: 1125 - Retrieving features of type [CoordSys] from roboV3(urdf_changed).SLDASM
2025-06-27 11:29:02,756 INFO  ExportHelperExtension.cs: 1136 - Found 313 in roboV3(urdf_changed).SLDASM
2025-06-27 11:29:02,759 INFO  ExportHelperExtension.cs: 1145 - Found 18 features of type [CoordSys] in roboV3(urdf_changed).SLDASM
2025-06-27 11:29:02,760 INFO  ExportHelperExtension.cs: 1148 - Proceeding through assembly components
2025-06-27 11:29:02,760 INFO  ExportHelperExtension.cs: 1160 - 60 components to check
2025-06-27 11:29:02,761 INFO  ExportHelperExtension.cs: 1125 - Retrieving features of type [CoordSys] from motorAxis-1
2025-06-27 11:29:02,762 INFO  ExportHelperExtension.cs: 1136 - Found 30 in motorAxis-1
2025-06-27 11:29:02,762 INFO  ExportHelperExtension.cs: 1145 - Found 0 features of type [CoordSys] in motorAxis-1
2025-06-27 11:29:02,763 INFO  ExportHelperExtension.cs: 1125 - Retrieving features of type [CoordSys] from standoff_M2_20mm-1
2025-06-27 11:29:02,763 INFO  ExportHelperExtension.cs: 1136 - Found 31 in standoff_M2_20mm-1
2025-06-27 11:29:02,764 INFO  ExportHelperExtension.cs: 1145 - Found 0 features of type [CoordSys] in standoff_M2_20mm-1
2025-06-27 11:29:02,764 INFO  ExportHelperExtension.cs: 1125 - Retrieving features of type [CoordSys] from standoff_M2_20mm-5
2025-06-27 11:29:02,765 INFO  ExportHelperExtension.cs: 1136 - Found 31 in standoff_M2_20mm-5
2025-06-27 11:29:02,765 INFO  ExportHelperExtension.cs: 1145 - Found 0 features of type [CoordSys] in standoff_M2_20mm-5
2025-06-27 11:29:02,765 INFO  ExportHelperExtension.cs: 1125 - Retrieving features of type [CoordSys] from remote_relay-1
2025-06-27 11:29:02,767 INFO  ExportHelperExtension.cs: 1136 - Found 28 in remote_relay-1
2025-06-27 11:29:02,768 INFO  ExportHelperExtension.cs: 1145 - Found 0 features of type [CoordSys] in remote_relay-1
2025-06-27 11:29:02,768 INFO  ExportHelperExtension.cs: 1125 - Retrieving features of type [CoordSys] from motoredit-3
2025-06-27 11:29:02,769 INFO  ExportHelperExtension.cs: 1136 - Found 40 in motoredit-3
2025-06-27 11:29:02,770 INFO  ExportHelperExtension.cs: 1145 - Found 0 features of type [CoordSys] in motoredit-3
2025-06-27 11:29:02,770 INFO  ExportHelperExtension.cs: 1125 - Retrieving features of type [CoordSys] from X3_Lidar-1
2025-06-27 11:29:02,771 INFO  ExportHelperExtension.cs: 1136 - Found 90 in X3_Lidar-1
2025-06-27 11:29:02,772 INFO  ExportHelperExtension.cs: 1145 - Found 0 features of type [CoordSys] in X3_Lidar-1
2025-06-27 11:29:02,773 INFO  ExportHelperExtension.cs: 1125 - Retrieving features of type [CoordSys] from standoff_M2_20mm-4
2025-06-27 11:29:02,774 INFO  ExportHelperExtension.cs: 1136 - Found 31 in standoff_M2_20mm-4
2025-06-27 11:29:02,774 INFO  ExportHelperExtension.cs: 1145 - Found 0 features of type [CoordSys] in standoff_M2_20mm-4
2025-06-27 11:29:02,775 INFO  ExportHelperExtension.cs: 1125 - Retrieving features of type [CoordSys] from battery-1
2025-06-27 11:29:02,775 INFO  ExportHelperExtension.cs: 1136 - Found 28 in battery-1
2025-06-27 11:29:02,776 INFO  ExportHelperExtension.cs: 1145 - Found 0 features of type [CoordSys] in battery-1
2025-06-27 11:29:02,776 INFO  ExportHelperExtension.cs: 1125 - Retrieving features of type [CoordSys] from 36v_12v_converter-1
2025-06-27 11:29:02,777 INFO  ExportHelperExtension.cs: 1136 - Found 29 in 36v_12v_converter-1
2025-06-27 11:29:02,778 INFO  ExportHelperExtension.cs: 1145 - Found 0 features of type [CoordSys] in 36v_12v_converter-1
2025-06-27 11:29:02,778 INFO  ExportHelperExtension.cs: 1125 - Retrieving features of type [CoordSys] from cum_relay_my4n_4p-1
2025-06-27 11:29:02,778 INFO  ExportHelperExtension.cs: 1136 - Found 27 in cum_relay_my4n_4p-1
2025-06-27 11:29:02,780 INFO  ExportHelperExtension.cs: 1145 - Found 0 features of type [CoordSys] in cum_relay_my4n_4p-1
2025-06-27 11:29:02,781 INFO  ExportHelperExtension.cs: 1125 - Retrieving features of type [CoordSys] from hoverboard_driver-1
2025-06-27 11:29:02,781 INFO  ExportHelperExtension.cs: 1136 - Found 25 in hoverboard_driver-1
2025-06-27 11:29:02,781 INFO  ExportHelperExtension.cs: 1145 - Found 0 features of type [CoordSys] in hoverboard_driver-1
2025-06-27 11:29:02,782 INFO  ExportHelperExtension.cs: 1125 - Retrieving features of type [CoordSys] from ??????? V-slot 20x40-3
2025-06-27 11:29:02,782 INFO  ExportHelperExtension.cs: 1136 - Found 30 in ??????? V-slot 20x40-3
2025-06-27 11:29:02,783 INFO  ExportHelperExtension.cs: 1145 - Found 0 features of type [CoordSys] in ??????? V-slot 20x40-3
2025-06-27 11:29:02,784 INFO  ExportHelperExtension.cs: 1125 - Retrieving features of type [CoordSys] from cover_joint_v3.1.2-1
2025-06-27 11:29:02,784 INFO  ExportHelperExtension.cs: 1136 - Found 35 in cover_joint_v3.1.2-1
2025-06-27 11:29:02,785 INFO  ExportHelperExtension.cs: 1145 - Found 0 features of type [CoordSys] in cover_joint_v3.1.2-1
2025-06-27 11:29:02,785 INFO  ExportHelperExtension.cs: 1125 - Retrieving features of type [CoordSys] from j1-2
2025-06-27 11:29:02,786 INFO  ExportHelperExtension.cs: 1136 - Found 32 in j1-2
2025-06-27 11:29:02,786 INFO  ExportHelperExtension.cs: 1145 - Found 0 features of type [CoordSys] in j1-2
2025-06-27 11:29:02,787 INFO  ExportHelperExtension.cs: 1125 - Retrieving features of type [CoordSys] from cum_dahuong_truoc_sau-5
2025-06-27 11:29:02,788 INFO  ExportHelperExtension.cs: 1136 - Found 53 in cum_dahuong_truoc_sau-5
2025-06-27 11:29:02,789 INFO  ExportHelperExtension.cs: 1145 - Found 0 features of type [CoordSys] in cum_dahuong_truoc_sau-5
2025-06-27 11:29:02,789 INFO  ExportHelperExtension.cs: 1125 - Retrieving features of type [CoordSys] from motoredit-4
2025-06-27 11:29:02,789 INFO  ExportHelperExtension.cs: 1136 - Found 40 in motoredit-4
2025-06-27 11:29:02,790 INFO  ExportHelperExtension.cs: 1145 - Found 0 features of type [CoordSys] in motoredit-4
2025-06-27 11:29:02,794 INFO  ExportHelperExtension.cs: 1125 - Retrieving features of type [CoordSys] from cum_banh_xe_lon-3
2025-06-27 11:29:02,812 INFO  ExportHelperExtension.cs: 1136 - Found 27 in cum_banh_xe_lon-3
2025-06-27 11:29:02,813 INFO  ExportHelperExtension.cs: 1145 - Found 0 features of type [CoordSys] in cum_banh_xe_lon-3
2025-06-27 11:29:02,813 INFO  ExportHelperExtension.cs: 1125 - Retrieving features of type [CoordSys] from WEIDU TB25XX-1
2025-06-27 11:29:02,814 INFO  ExportHelperExtension.cs: 1136 - Found 101 in WEIDU TB25XX-1
2025-06-27 11:29:02,815 INFO  ExportHelperExtension.cs: 1145 - Found 0 features of type [CoordSys] in WEIDU TB25XX-1
2025-06-27 11:29:02,816 INFO  ExportHelperExtension.cs: 1125 - Retrieving features of type [CoordSys] from 20mm-2
2025-06-27 11:29:02,816 INFO  ExportHelperExtension.cs: 1136 - Found 40 in 20mm-2
2025-06-27 11:29:02,816 INFO  ExportHelperExtension.cs: 1145 - Found 0 features of type [CoordSys] in 20mm-2
2025-06-27 11:29:02,817 INFO  ExportHelperExtension.cs: 1125 - Retrieving features of type [CoordSys] from 20mm-8
2025-06-27 11:29:02,817 INFO  ExportHelperExtension.cs: 1136 - Found 40 in 20mm-8
2025-06-27 11:29:02,818 INFO  ExportHelperExtension.cs: 1145 - Found 0 features of type [CoordSys] in 20mm-8
2025-06-27 11:29:02,818 INFO  ExportHelperExtension.cs: 1125 - Retrieving features of type [CoordSys] from lidar_pushup-1
2025-06-27 11:29:02,819 INFO  ExportHelperExtension.cs: 1136 - Found 34 in lidar_pushup-1
2025-06-27 11:29:02,820 INFO  ExportHelperExtension.cs: 1145 - Found 0 features of type [CoordSys] in lidar_pushup-1
2025-06-27 11:29:02,820 INFO  ExportHelperExtension.cs: 1125 - Retrieving features of type [CoordSys] from standoff_M2_20mm-3
2025-06-27 11:29:02,820 INFO  ExportHelperExtension.cs: 1136 - Found 31 in standoff_M2_20mm-3
2025-06-27 11:29:02,821 INFO  ExportHelperExtension.cs: 1145 - Found 0 features of type [CoordSys] in standoff_M2_20mm-3
2025-06-27 11:29:02,821 INFO  ExportHelperExtension.cs: 1125 - Retrieving features of type [CoordSys] from lidar_pushup-3
2025-06-27 11:29:02,821 INFO  ExportHelperExtension.cs: 1136 - Found 34 in lidar_pushup-3
2025-06-27 11:29:02,821 INFO  ExportHelperExtension.cs: 1145 - Found 0 features of type [CoordSys] in lidar_pushup-3
2025-06-27 11:29:02,822 INFO  ExportHelperExtension.cs: 1125 - Retrieving features of type [CoordSys] from pi_hang_imu-1
2025-06-27 11:29:02,822 INFO  ExportHelperExtension.cs: 1136 - Found 33 in pi_hang_imu-1
2025-06-27 11:29:02,823 INFO  ExportHelperExtension.cs: 1145 - Found 0 features of type [CoordSys] in pi_hang_imu-1
2025-06-27 11:29:02,823 INFO  ExportHelperExtension.cs: 1125 - Retrieving features of type [CoordSys] from ??????? V-slot 20x40-1
2025-06-27 11:29:02,823 INFO  ExportHelperExtension.cs: 1136 - Found 30 in ??????? V-slot 20x40-1
2025-06-27 11:29:02,824 INFO  ExportHelperExtension.cs: 1145 - Found 0 features of type [CoordSys] in ??????? V-slot 20x40-1
2025-06-27 11:29:02,824 INFO  ExportHelperExtension.cs: 1125 - Retrieving features of type [CoordSys] from 20mm-10
2025-06-27 11:29:02,824 INFO  ExportHelperExtension.cs: 1136 - Found 40 in 20mm-10
2025-06-27 11:29:02,825 INFO  ExportHelperExtension.cs: 1145 - Found 0 features of type [CoordSys] in 20mm-10
2025-06-27 11:29:02,825 INFO  ExportHelperExtension.cs: 1125 - Retrieving features of type [CoordSys] from motorAxis-4
2025-06-27 11:29:02,826 INFO  ExportHelperExtension.cs: 1136 - Found 30 in motorAxis-4
2025-06-27 11:29:02,826 INFO  ExportHelperExtension.cs: 1145 - Found 0 features of type [CoordSys] in motorAxis-4
2025-06-27 11:29:02,826 INFO  ExportHelperExtension.cs: 1125 - Retrieving features of type [CoordSys] from cum_dahuong_truoc_sau-6
2025-06-27 11:29:02,827 INFO  ExportHelperExtension.cs: 1136 - Found 53 in cum_dahuong_truoc_sau-6
2025-06-27 11:29:02,827 INFO  ExportHelperExtension.cs: 1145 - Found 0 features of type [CoordSys] in cum_dahuong_truoc_sau-6
2025-06-27 11:29:02,827 INFO  ExportHelperExtension.cs: 1125 - Retrieving features of type [CoordSys] from full_cover_v2-1
2025-06-27 11:29:02,828 INFO  ExportHelperExtension.cs: 1136 - Found 29 in full_cover_v2-1
2025-06-27 11:29:02,828 INFO  ExportHelperExtension.cs: 1145 - Found 0 features of type [CoordSys] in full_cover_v2-1
2025-06-27 11:29:02,829 INFO  ExportHelperExtension.cs: 1125 - Retrieving features of type [CoordSys] from cover_up_v2-1
2025-06-27 11:29:02,829 INFO  ExportHelperExtension.cs: 1136 - Found 26 in cover_up_v2-1
2025-06-27 11:29:02,830 INFO  ExportHelperExtension.cs: 1145 - Found 0 features of type [CoordSys] in cover_up_v2-1
2025-06-27 11:29:02,830 INFO  ExportHelperExtension.cs: 1125 - Retrieving features of type [CoordSys] from aluminium_base-1
2025-06-27 11:29:02,830 INFO  ExportHelperExtension.cs: 1136 - Found 35 in aluminium_base-1
2025-06-27 11:29:02,831 INFO  ExportHelperExtension.cs: 1145 - Found 0 features of type [CoordSys] in aluminium_base-1
2025-06-27 11:29:02,831 INFO  ExportHelperExtension.cs: 1125 - Retrieving features of type [CoordSys] from 20x20_aluminum_extrusion_profile 26cm-1
2025-06-27 11:29:02,831 INFO  ExportHelperExtension.cs: 1136 - Found 25 in 20x20_aluminum_extrusion_profile 26cm-1
2025-06-27 11:29:02,831 INFO  ExportHelperExtension.cs: 1145 - Found 0 features of type [CoordSys] in 20x20_aluminum_extrusion_profile 26cm-1
2025-06-27 11:29:02,832 INFO  ExportHelperExtension.cs: 1125 - Retrieving features of type [CoordSys] from 20mm-11
2025-06-27 11:29:02,832 INFO  ExportHelperExtension.cs: 1136 - Found 40 in 20mm-11
2025-06-27 11:29:02,832 INFO  ExportHelperExtension.cs: 1145 - Found 0 features of type [CoordSys] in 20mm-11
2025-06-27 11:29:02,833 INFO  ExportHelperExtension.cs: 1125 - Retrieving features of type [CoordSys] from cum_banh_xe_lon-5
2025-06-27 11:29:02,833 INFO  ExportHelperExtension.cs: 1136 - Found 27 in cum_banh_xe_lon-5
2025-06-27 11:29:02,833 INFO  ExportHelperExtension.cs: 1145 - Found 0 features of type [CoordSys] in cum_banh_xe_lon-5
2025-06-27 11:29:02,834 INFO  ExportHelperExtension.cs: 1125 - Retrieving features of type [CoordSys] from j1-1
2025-06-27 11:29:02,834 INFO  ExportHelperExtension.cs: 1136 - Found 32 in j1-1
2025-06-27 11:29:02,835 INFO  ExportHelperExtension.cs: 1145 - Found 0 features of type [CoordSys] in j1-1
2025-06-27 11:29:02,835 INFO  ExportHelperExtension.cs: 1125 - Retrieving features of type [CoordSys] from matxeo1-1
2025-06-27 11:29:02,835 INFO  ExportHelperExtension.cs: 1136 - Found 27 in matxeo1-1
2025-06-27 11:29:02,836 INFO  ExportHelperExtension.cs: 1145 - Found 0 features of type [CoordSys] in matxeo1-1
2025-06-27 11:29:02,836 INFO  ExportHelperExtension.cs: 1125 - Retrieving features of type [CoordSys] from Stop Switch Push Button LAY37 (PBC)-3
2025-06-27 11:29:02,837 INFO  ExportHelperExtension.cs: 1136 - Found 63 in Stop Switch Push Button LAY37 (PBC)-3
2025-06-27 11:29:02,838 INFO  ExportHelperExtension.cs: 1145 - Found 0 features of type [CoordSys] in Stop Switch Push Button LAY37 (PBC)-3
2025-06-27 11:29:02,838 INFO  ExportHelperExtension.cs: 1125 - Retrieving features of type [CoordSys] from cover_up_v2_linh-1
2025-06-27 11:29:02,838 INFO  ExportHelperExtension.cs: 1136 - Found 26 in cover_up_v2_linh-1
2025-06-27 11:29:02,839 INFO  ExportHelperExtension.cs: 1145 - Found 0 features of type [CoordSys] in cover_up_v2_linh-1
2025-06-27 11:29:02,839 INFO  ExportHelperExtension.cs: 1125 - Retrieving features of type [CoordSys] from cover_up_v2_linh_mica-1
2025-06-27 11:29:02,840 INFO  ExportHelperExtension.cs: 1136 - Found 28 in cover_up_v2_linh_mica-1
2025-06-27 11:29:02,841 INFO  ExportHelperExtension.cs: 1145 - Found 0 features of type [CoordSys] in cover_up_v2_linh_mica-1
2025-06-27 11:29:02,841 INFO  ExportHelperExtension.cs: 1125 - Retrieving features of type [CoordSys] from Arcade Push button asm-2
2025-06-27 11:29:02,842 INFO  ExportHelperExtension.cs: 1136 - Found 56 in Arcade Push button asm-2
2025-06-27 11:29:02,842 INFO  ExportHelperExtension.cs: 1145 - Found 0 features of type [CoordSys] in Arcade Push button asm-2
2025-06-27 11:29:02,843 INFO  ExportHelperExtension.cs: 1125 - Retrieving features of type [CoordSys] from final kinect-1
2025-06-27 11:29:02,843 INFO  ExportHelperExtension.cs: 1136 - Found 27 in final kinect-1
2025-06-27 11:29:02,843 INFO  ExportHelperExtension.cs: 1145 - Found 0 features of type [CoordSys] in final kinect-1
2025-06-27 11:29:02,843 INFO  ExportHelperExtension.cs: 1125 - Retrieving features of type [CoordSys] from alibaba-1
2025-06-27 11:29:02,845 INFO  ExportHelperExtension.cs: 1136 - Found 35 in alibaba-1
2025-06-27 11:29:02,846 INFO  ExportHelperExtension.cs: 1145 - Found 0 features of type [CoordSys] in alibaba-1
2025-06-27 11:29:02,846 INFO  ExportHelperExtension.cs: 1125 - Retrieving features of type [CoordSys] from che-1
2025-06-27 11:29:02,846 INFO  ExportHelperExtension.cs: 1136 - Found 25 in che-1
2025-06-27 11:29:02,847 INFO  ExportHelperExtension.cs: 1145 - Found 0 features of type [CoordSys] in che-1
2025-06-27 11:29:02,847 INFO  ExportHelperExtension.cs: 1125 - Retrieving features of type [CoordSys] from che-2
2025-06-27 11:29:02,847 INFO  ExportHelperExtension.cs: 1136 - Found 25 in che-2
2025-06-27 11:29:02,848 INFO  ExportHelperExtension.cs: 1145 - Found 0 features of type [CoordSys] in che-2
2025-06-27 11:29:02,848 INFO  ExportHelperExtension.cs: 1125 - Retrieving features of type [CoordSys] from ga_minipc_v2-2
2025-06-27 11:29:02,848 INFO  ExportHelperExtension.cs: 1136 - Found 31 in ga_minipc_v2-2
2025-06-27 11:29:02,849 INFO  ExportHelperExtension.cs: 1145 - Found 0 features of type [CoordSys] in ga_minipc_v2-2
2025-06-27 11:29:02,849 INFO  ExportHelperExtension.cs: 1125 - Retrieving features of type [CoordSys] from hop_pin-1
2025-06-27 11:29:02,850 INFO  ExportHelperExtension.cs: 1136 - Found 27 in hop_pin-1
2025-06-27 11:29:02,850 INFO  ExportHelperExtension.cs: 1145 - Found 0 features of type [CoordSys] in hop_pin-1
2025-06-27 11:29:02,850 INFO  ExportHelperExtension.cs: 1125 - Retrieving features of type [CoordSys] from che-3
2025-06-27 11:29:02,850 INFO  ExportHelperExtension.cs: 1136 - Found 25 in che-3
2025-06-27 11:29:02,851 INFO  ExportHelperExtension.cs: 1145 - Found 0 features of type [CoordSys] in che-3
2025-06-27 11:29:02,851 INFO  ExportHelperExtension.cs: 1125 - Retrieving features of type [CoordSys] from che-5
2025-06-27 11:29:02,851 INFO  ExportHelperExtension.cs: 1136 - Found 25 in che-5
2025-06-27 11:29:02,851 INFO  ExportHelperExtension.cs: 1145 - Found 0 features of type [CoordSys] in che-5
2025-06-27 11:29:02,852 INFO  ExportHelperExtension.cs: 1125 - Retrieving features of type [CoordSys] from ga_minipc_comp-1
2025-06-27 11:29:02,852 INFO  ExportHelperExtension.cs: 1136 - Found 40 in ga_minipc_comp-1
2025-06-27 11:29:02,852 INFO  ExportHelperExtension.cs: 1145 - Found 0 features of type [CoordSys] in ga_minipc_comp-1
2025-06-27 11:29:02,853 INFO  ExportHelperExtension.cs: 1125 - Retrieving features of type [CoordSys] from nang_cam-1
2025-06-27 11:29:02,853 INFO  ExportHelperExtension.cs: 1136 - Found 25 in nang_cam-1
2025-06-27 11:29:02,854 INFO  ExportHelperExtension.cs: 1145 - Found 0 features of type [CoordSys] in nang_cam-1
2025-06-27 11:29:02,854 INFO  ExportHelperExtension.cs: 1125 - Retrieving features of type [CoordSys] from hop_nano-1
2025-06-27 11:29:02,854 INFO  ExportHelperExtension.cs: 1136 - Found 35 in hop_nano-1
2025-06-27 11:29:02,855 INFO  ExportHelperExtension.cs: 1145 - Found 0 features of type [CoordSys] in hop_nano-1
2025-06-27 11:29:02,855 INFO  ExportHelperExtension.cs: 1125 - Retrieving features of type [CoordSys] from kegoc_tab2-1
2025-06-27 11:29:02,855 INFO  ExportHelperExtension.cs: 1136 - Found 25 in kegoc_tab2-1
2025-06-27 11:29:02,856 INFO  ExportHelperExtension.cs: 1145 - Found 0 features of type [CoordSys] in kegoc_tab2-1
2025-06-27 11:29:02,856 INFO  ExportHelperExtension.cs: 1125 - Retrieving features of type [CoordSys] from trodong-1
2025-06-27 11:29:02,856 INFO  ExportHelperExtension.cs: 1136 - Found 25 in trodong-1
2025-06-27 11:29:02,857 INFO  ExportHelperExtension.cs: 1145 - Found 0 features of type [CoordSys] in trodong-1
2025-06-27 11:29:02,857 INFO  ExportHelperExtension.cs: 1125 - Retrieving features of type [CoordSys] from kegoc_tab1-1
2025-06-27 11:29:02,857 INFO  ExportHelperExtension.cs: 1136 - Found 25 in kegoc_tab1-1
2025-06-27 11:29:02,857 INFO  ExportHelperExtension.cs: 1145 - Found 0 features of type [CoordSys] in kegoc_tab1-1
2025-06-27 11:29:02,858 INFO  ExportHelperExtension.cs: 1125 - Retrieving features of type [CoordSys] from op_tablet-1
2025-06-27 11:29:02,858 INFO  ExportHelperExtension.cs: 1136 - Found 37 in op_tablet-1
2025-06-27 11:29:02,858 INFO  ExportHelperExtension.cs: 1145 - Found 0 features of type [CoordSys] in op_tablet-1
2025-06-27 11:29:02,859 INFO  ExportHelperExtension.cs: 1125 - Retrieving features of type [CoordSys] from ga_minipc_v2-1
2025-06-27 11:29:02,859 INFO  ExportHelperExtension.cs: 1136 - Found 31 in ga_minipc_v2-1
2025-06-27 11:29:02,859 INFO  ExportHelperExtension.cs: 1145 - Found 0 features of type [CoordSys] in ga_minipc_v2-1
2025-06-27 11:29:02,860 INFO  ExportHelperExtension.cs: 1125 - Retrieving features of type [CoordSys] from che-4
2025-06-27 11:29:02,860 INFO  ExportHelperExtension.cs: 1136 - Found 25 in che-4
2025-06-27 11:29:02,860 INFO  ExportHelperExtension.cs: 1145 - Found 0 features of type [CoordSys] in che-4
2025-06-27 11:29:02,860 INFO  ExportHelperExtension.cs: 1125 - Retrieving features of type [CoordSys] from che-6
2025-06-27 11:29:02,861 INFO  ExportHelperExtension.cs: 1136 - Found 25 in che-6
2025-06-27 11:29:02,861 INFO  ExportHelperExtension.cs: 1145 - Found 0 features of type [CoordSys] in che-6
2025-06-27 11:29:02,861 INFO  ExportHelperExtension.cs: 1125 - Retrieving features of type [CoordSys] from ga_com-1
2025-06-27 11:29:02,862 INFO  ExportHelperExtension.cs: 1136 - Found 33 in ga_com-1
2025-06-27 11:29:02,862 INFO  ExportHelperExtension.cs: 1145 - Found 0 features of type [CoordSys] in ga_com-1
2025-06-27 11:29:02,862 INFO  ExportHelperExtension.cs: 1125 - Retrieving features of type [CoordSys] from imu_40do-1
2025-06-27 11:29:02,862 INFO  ExportHelperExtension.cs: 1136 - Found 25 in imu_40do-1
2025-06-27 11:29:02,863 INFO  ExportHelperExtension.cs: 1145 - Found 0 features of type [CoordSys] in imu_40do-1
2025-06-27 11:29:02,863 INFO  ExportHelperExtension.cs: 1125 - Retrieving features of type [RefAxis] from roboV3(urdf_changed).SLDASM
2025-06-27 11:29:02,864 INFO  ExportHelperExtension.cs: 1136 - Found 313 in roboV3(urdf_changed).SLDASM
2025-06-27 11:29:02,865 INFO  ExportHelperExtension.cs: 1145 - Found 12 features of type [RefAxis] in roboV3(urdf_changed).SLDASM
2025-06-27 11:29:02,865 INFO  ExportHelperExtension.cs: 1148 - Proceeding through assembly components
2025-06-27 11:29:02,865 INFO  ExportHelperExtension.cs: 1160 - 60 components to check
2025-06-27 11:29:02,865 INFO  ExportHelperExtension.cs: 1125 - Retrieving features of type [RefAxis] from motorAxis-1
2025-06-27 11:29:02,865 INFO  ExportHelperExtension.cs: 1136 - Found 30 in motorAxis-1
2025-06-27 11:29:02,865 INFO  ExportHelperExtension.cs: 1145 - Found 0 features of type [RefAxis] in motorAxis-1
2025-06-27 11:29:02,865 INFO  ExportHelperExtension.cs: 1125 - Retrieving features of type [RefAxis] from standoff_M2_20mm-1
2025-06-27 11:29:02,866 INFO  ExportHelperExtension.cs: 1136 - Found 31 in standoff_M2_20mm-1
2025-06-27 11:29:02,866 INFO  ExportHelperExtension.cs: 1145 - Found 0 features of type [RefAxis] in standoff_M2_20mm-1
2025-06-27 11:29:02,866 INFO  ExportHelperExtension.cs: 1125 - Retrieving features of type [RefAxis] from standoff_M2_20mm-5
2025-06-27 11:29:02,867 INFO  ExportHelperExtension.cs: 1136 - Found 31 in standoff_M2_20mm-5
2025-06-27 11:29:02,867 INFO  ExportHelperExtension.cs: 1145 - Found 0 features of type [RefAxis] in standoff_M2_20mm-5
2025-06-27 11:29:02,867 INFO  ExportHelperExtension.cs: 1125 - Retrieving features of type [RefAxis] from remote_relay-1
2025-06-27 11:29:02,867 INFO  ExportHelperExtension.cs: 1136 - Found 28 in remote_relay-1
2025-06-27 11:29:02,868 INFO  ExportHelperExtension.cs: 1145 - Found 0 features of type [RefAxis] in remote_relay-1
2025-06-27 11:29:02,868 INFO  ExportHelperExtension.cs: 1125 - Retrieving features of type [RefAxis] from motoredit-3
2025-06-27 11:29:02,868 INFO  ExportHelperExtension.cs: 1136 - Found 40 in motoredit-3
2025-06-27 11:29:02,869 INFO  ExportHelperExtension.cs: 1145 - Found 0 features of type [RefAxis] in motoredit-3
2025-06-27 11:29:02,869 INFO  ExportHelperExtension.cs: 1125 - Retrieving features of type [RefAxis] from X3_Lidar-1
2025-06-27 11:29:02,869 INFO  ExportHelperExtension.cs: 1136 - Found 90 in X3_Lidar-1
2025-06-27 11:29:02,870 INFO  ExportHelperExtension.cs: 1145 - Found 0 features of type [RefAxis] in X3_Lidar-1
2025-06-27 11:29:02,870 INFO  ExportHelperExtension.cs: 1125 - Retrieving features of type [RefAxis] from standoff_M2_20mm-4
2025-06-27 11:29:02,870 INFO  ExportHelperExtension.cs: 1136 - Found 31 in standoff_M2_20mm-4
2025-06-27 11:29:02,871 INFO  ExportHelperExtension.cs: 1145 - Found 0 features of type [RefAxis] in standoff_M2_20mm-4
2025-06-27 11:29:02,871 INFO  ExportHelperExtension.cs: 1125 - Retrieving features of type [RefAxis] from battery-1
2025-06-27 11:29:02,881 INFO  ExportHelperExtension.cs: 1136 - Found 28 in battery-1
2025-06-27 11:29:02,881 INFO  ExportHelperExtension.cs: 1145 - Found 0 features of type [RefAxis] in battery-1
2025-06-27 11:29:02,882 INFO  ExportHelperExtension.cs: 1125 - Retrieving features of type [RefAxis] from 36v_12v_converter-1
2025-06-27 11:29:02,882 INFO  ExportHelperExtension.cs: 1136 - Found 29 in 36v_12v_converter-1
2025-06-27 11:29:02,882 INFO  ExportHelperExtension.cs: 1145 - Found 0 features of type [RefAxis] in 36v_12v_converter-1
2025-06-27 11:29:02,883 INFO  ExportHelperExtension.cs: 1125 - Retrieving features of type [RefAxis] from cum_relay_my4n_4p-1
2025-06-27 11:29:02,883 INFO  ExportHelperExtension.cs: 1136 - Found 27 in cum_relay_my4n_4p-1
2025-06-27 11:29:02,884 INFO  ExportHelperExtension.cs: 1145 - Found 0 features of type [RefAxis] in cum_relay_my4n_4p-1
2025-06-27 11:29:02,884 INFO  ExportHelperExtension.cs: 1125 - Retrieving features of type [RefAxis] from hoverboard_driver-1
2025-06-27 11:29:02,898 INFO  ExportHelperExtension.cs: 1136 - Found 25 in hoverboard_driver-1
2025-06-27 11:29:02,898 INFO  ExportHelperExtension.cs: 1145 - Found 0 features of type [RefAxis] in hoverboard_driver-1
2025-06-27 11:29:02,899 INFO  ExportHelperExtension.cs: 1125 - Retrieving features of type [RefAxis] from ??????? V-slot 20x40-3
2025-06-27 11:29:02,899 INFO  ExportHelperExtension.cs: 1136 - Found 30 in ??????? V-slot 20x40-3
2025-06-27 11:29:02,899 INFO  ExportHelperExtension.cs: 1145 - Found 0 features of type [RefAxis] in ??????? V-slot 20x40-3
2025-06-27 11:29:02,900 INFO  ExportHelperExtension.cs: 1125 - Retrieving features of type [RefAxis] from cover_joint_v3.1.2-1
2025-06-27 11:29:02,900 INFO  ExportHelperExtension.cs: 1136 - Found 35 in cover_joint_v3.1.2-1
2025-06-27 11:29:02,900 INFO  ExportHelperExtension.cs: 1145 - Found 0 features of type [RefAxis] in cover_joint_v3.1.2-1
2025-06-27 11:29:02,900 INFO  ExportHelperExtension.cs: 1125 - Retrieving features of type [RefAxis] from j1-2
2025-06-27 11:29:02,901 INFO  ExportHelperExtension.cs: 1136 - Found 32 in j1-2
2025-06-27 11:29:02,901 INFO  ExportHelperExtension.cs: 1145 - Found 0 features of type [RefAxis] in j1-2
2025-06-27 11:29:02,901 INFO  ExportHelperExtension.cs: 1125 - Retrieving features of type [RefAxis] from cum_dahuong_truoc_sau-5
2025-06-27 11:29:02,902 INFO  ExportHelperExtension.cs: 1136 - Found 53 in cum_dahuong_truoc_sau-5
2025-06-27 11:29:02,902 INFO  ExportHelperExtension.cs: 1145 - Found 0 features of type [RefAxis] in cum_dahuong_truoc_sau-5
2025-06-27 11:29:02,902 INFO  ExportHelperExtension.cs: 1125 - Retrieving features of type [RefAxis] from motoredit-4
2025-06-27 11:29:02,903 INFO  ExportHelperExtension.cs: 1136 - Found 40 in motoredit-4
2025-06-27 11:29:02,903 INFO  ExportHelperExtension.cs: 1145 - Found 0 features of type [RefAxis] in motoredit-4
2025-06-27 11:29:02,903 INFO  ExportHelperExtension.cs: 1125 - Retrieving features of type [RefAxis] from cum_banh_xe_lon-3
2025-06-27 11:29:02,904 INFO  ExportHelperExtension.cs: 1136 - Found 27 in cum_banh_xe_lon-3
2025-06-27 11:29:02,904 INFO  ExportHelperExtension.cs: 1145 - Found 0 features of type [RefAxis] in cum_banh_xe_lon-3
2025-06-27 11:29:02,904 INFO  ExportHelperExtension.cs: 1125 - Retrieving features of type [RefAxis] from WEIDU TB25XX-1
2025-06-27 11:29:02,905 INFO  ExportHelperExtension.cs: 1136 - Found 101 in WEIDU TB25XX-1
2025-06-27 11:29:02,905 INFO  ExportHelperExtension.cs: 1145 - Found 0 features of type [RefAxis] in WEIDU TB25XX-1
2025-06-27 11:29:02,906 INFO  ExportHelperExtension.cs: 1125 - Retrieving features of type [RefAxis] from 20mm-2
2025-06-27 11:29:02,906 INFO  ExportHelperExtension.cs: 1136 - Found 40 in 20mm-2
2025-06-27 11:29:02,906 INFO  ExportHelperExtension.cs: 1145 - Found 0 features of type [RefAxis] in 20mm-2
2025-06-27 11:29:02,907 INFO  ExportHelperExtension.cs: 1125 - Retrieving features of type [RefAxis] from 20mm-8
2025-06-27 11:29:02,907 INFO  ExportHelperExtension.cs: 1136 - Found 40 in 20mm-8
2025-06-27 11:29:02,907 INFO  ExportHelperExtension.cs: 1145 - Found 0 features of type [RefAxis] in 20mm-8
2025-06-27 11:29:02,907 INFO  ExportHelperExtension.cs: 1125 - Retrieving features of type [RefAxis] from lidar_pushup-1
2025-06-27 11:29:02,908 INFO  ExportHelperExtension.cs: 1136 - Found 34 in lidar_pushup-1
2025-06-27 11:29:02,908 INFO  ExportHelperExtension.cs: 1145 - Found 1 features of type [RefAxis] in lidar_pushup-1
2025-06-27 11:29:02,908 INFO  ExportHelperExtension.cs: 1125 - Retrieving features of type [RefAxis] from standoff_M2_20mm-3
2025-06-27 11:29:02,909 INFO  ExportHelperExtension.cs: 1136 - Found 31 in standoff_M2_20mm-3
2025-06-27 11:29:02,909 INFO  ExportHelperExtension.cs: 1145 - Found 0 features of type [RefAxis] in standoff_M2_20mm-3
2025-06-27 11:29:02,909 INFO  ExportHelperExtension.cs: 1125 - Retrieving features of type [RefAxis] from lidar_pushup-3
2025-06-27 11:29:02,909 INFO  ExportHelperExtension.cs: 1136 - Found 34 in lidar_pushup-3
2025-06-27 11:29:02,910 INFO  ExportHelperExtension.cs: 1145 - Found 1 features of type [RefAxis] in lidar_pushup-3
2025-06-27 11:29:02,910 INFO  ExportHelperExtension.cs: 1125 - Retrieving features of type [RefAxis] from pi_hang_imu-1
2025-06-27 11:29:02,910 INFO  ExportHelperExtension.cs: 1136 - Found 33 in pi_hang_imu-1
2025-06-27 11:29:02,911 INFO  ExportHelperExtension.cs: 1145 - Found 4 features of type [RefAxis] in pi_hang_imu-1
2025-06-27 11:29:02,911 INFO  ExportHelperExtension.cs: 1125 - Retrieving features of type [RefAxis] from ??????? V-slot 20x40-1
2025-06-27 11:29:02,911 INFO  ExportHelperExtension.cs: 1136 - Found 30 in ??????? V-slot 20x40-1
2025-06-27 11:29:02,912 INFO  ExportHelperExtension.cs: 1145 - Found 0 features of type [RefAxis] in ??????? V-slot 20x40-1
2025-06-27 11:29:02,912 INFO  ExportHelperExtension.cs: 1125 - Retrieving features of type [RefAxis] from 20mm-10
2025-06-27 11:29:02,912 INFO  ExportHelperExtension.cs: 1136 - Found 40 in 20mm-10
2025-06-27 11:29:02,912 INFO  ExportHelperExtension.cs: 1145 - Found 0 features of type [RefAxis] in 20mm-10
2025-06-27 11:29:02,913 INFO  ExportHelperExtension.cs: 1125 - Retrieving features of type [RefAxis] from motorAxis-4
2025-06-27 11:29:02,913 INFO  ExportHelperExtension.cs: 1136 - Found 30 in motorAxis-4
2025-06-27 11:29:02,913 INFO  ExportHelperExtension.cs: 1145 - Found 0 features of type [RefAxis] in motorAxis-4
2025-06-27 11:29:02,914 INFO  ExportHelperExtension.cs: 1125 - Retrieving features of type [RefAxis] from cum_dahuong_truoc_sau-6
2025-06-27 11:29:02,914 INFO  ExportHelperExtension.cs: 1136 - Found 53 in cum_dahuong_truoc_sau-6
2025-06-27 11:29:02,914 INFO  ExportHelperExtension.cs: 1145 - Found 0 features of type [RefAxis] in cum_dahuong_truoc_sau-6
2025-06-27 11:29:02,914 INFO  ExportHelperExtension.cs: 1125 - Retrieving features of type [RefAxis] from full_cover_v2-1
2025-06-27 11:29:02,914 INFO  ExportHelperExtension.cs: 1136 - Found 29 in full_cover_v2-1
2025-06-27 11:29:02,914 INFO  ExportHelperExtension.cs: 1145 - Found 0 features of type [RefAxis] in full_cover_v2-1
2025-06-27 11:29:02,914 INFO  ExportHelperExtension.cs: 1125 - Retrieving features of type [RefAxis] from cover_up_v2-1
2025-06-27 11:29:02,915 INFO  ExportHelperExtension.cs: 1136 - Found 26 in cover_up_v2-1
2025-06-27 11:29:02,915 INFO  ExportHelperExtension.cs: 1145 - Found 0 features of type [RefAxis] in cover_up_v2-1
2025-06-27 11:29:02,915 INFO  ExportHelperExtension.cs: 1125 - Retrieving features of type [RefAxis] from aluminium_base-1
2025-06-27 11:29:02,916 INFO  ExportHelperExtension.cs: 1136 - Found 35 in aluminium_base-1
2025-06-27 11:29:02,916 INFO  ExportHelperExtension.cs: 1145 - Found 0 features of type [RefAxis] in aluminium_base-1
2025-06-27 11:29:02,916 INFO  ExportHelperExtension.cs: 1125 - Retrieving features of type [RefAxis] from 20x20_aluminum_extrusion_profile 26cm-1
2025-06-27 11:29:02,916 INFO  ExportHelperExtension.cs: 1136 - Found 25 in 20x20_aluminum_extrusion_profile 26cm-1
2025-06-27 11:29:02,917 INFO  ExportHelperExtension.cs: 1145 - Found 0 features of type [RefAxis] in 20x20_aluminum_extrusion_profile 26cm-1
2025-06-27 11:29:02,917 INFO  ExportHelperExtension.cs: 1125 - Retrieving features of type [RefAxis] from 20mm-11
2025-06-27 11:29:02,917 INFO  ExportHelperExtension.cs: 1136 - Found 40 in 20mm-11
2025-06-27 11:29:02,918 INFO  ExportHelperExtension.cs: 1145 - Found 0 features of type [RefAxis] in 20mm-11
2025-06-27 11:29:02,918 INFO  ExportHelperExtension.cs: 1125 - Retrieving features of type [RefAxis] from cum_banh_xe_lon-5
2025-06-27 11:29:02,918 INFO  ExportHelperExtension.cs: 1136 - Found 27 in cum_banh_xe_lon-5
2025-06-27 11:29:02,919 INFO  ExportHelperExtension.cs: 1145 - Found 0 features of type [RefAxis] in cum_banh_xe_lon-5
2025-06-27 11:29:02,919 INFO  ExportHelperExtension.cs: 1125 - Retrieving features of type [RefAxis] from j1-1
2025-06-27 11:29:02,919 INFO  ExportHelperExtension.cs: 1136 - Found 32 in j1-1
2025-06-27 11:29:02,919 INFO  ExportHelperExtension.cs: 1145 - Found 0 features of type [RefAxis] in j1-1
2025-06-27 11:29:02,920 INFO  ExportHelperExtension.cs: 1125 - Retrieving features of type [RefAxis] from matxeo1-1
2025-06-27 11:29:02,920 INFO  ExportHelperExtension.cs: 1136 - Found 27 in matxeo1-1
2025-06-27 11:29:02,920 INFO  ExportHelperExtension.cs: 1145 - Found 0 features of type [RefAxis] in matxeo1-1
2025-06-27 11:29:02,921 INFO  ExportHelperExtension.cs: 1125 - Retrieving features of type [RefAxis] from Stop Switch Push Button LAY37 (PBC)-3
2025-06-27 11:29:02,921 INFO  ExportHelperExtension.cs: 1136 - Found 63 in Stop Switch Push Button LAY37 (PBC)-3
2025-06-27 11:29:02,921 INFO  ExportHelperExtension.cs: 1145 - Found 0 features of type [RefAxis] in Stop Switch Push Button LAY37 (PBC)-3
2025-06-27 11:29:02,922 INFO  ExportHelperExtension.cs: 1125 - Retrieving features of type [RefAxis] from cover_up_v2_linh-1
2025-06-27 11:29:02,922 INFO  ExportHelperExtension.cs: 1136 - Found 26 in cover_up_v2_linh-1
2025-06-27 11:29:02,922 INFO  ExportHelperExtension.cs: 1145 - Found 0 features of type [RefAxis] in cover_up_v2_linh-1
2025-06-27 11:29:02,922 INFO  ExportHelperExtension.cs: 1125 - Retrieving features of type [RefAxis] from cover_up_v2_linh_mica-1
2025-06-27 11:29:02,923 INFO  ExportHelperExtension.cs: 1136 - Found 28 in cover_up_v2_linh_mica-1
2025-06-27 11:29:02,923 INFO  ExportHelperExtension.cs: 1145 - Found 0 features of type [RefAxis] in cover_up_v2_linh_mica-1
2025-06-27 11:29:02,923 INFO  ExportHelperExtension.cs: 1125 - Retrieving features of type [RefAxis] from Arcade Push button asm-2
2025-06-27 11:29:02,924 INFO  ExportHelperExtension.cs: 1136 - Found 56 in Arcade Push button asm-2
2025-06-27 11:29:02,924 INFO  ExportHelperExtension.cs: 1145 - Found 0 features of type [RefAxis] in Arcade Push button asm-2
2025-06-27 11:29:02,924 INFO  ExportHelperExtension.cs: 1125 - Retrieving features of type [RefAxis] from final kinect-1
2025-06-27 11:29:02,925 INFO  ExportHelperExtension.cs: 1136 - Found 27 in final kinect-1
2025-06-27 11:29:02,925 INFO  ExportHelperExtension.cs: 1145 - Found 0 features of type [RefAxis] in final kinect-1
2025-06-27 11:29:02,925 INFO  ExportHelperExtension.cs: 1125 - Retrieving features of type [RefAxis] from alibaba-1
2025-06-27 11:29:02,926 INFO  ExportHelperExtension.cs: 1136 - Found 35 in alibaba-1
2025-06-27 11:29:02,926 INFO  ExportHelperExtension.cs: 1145 - Found 0 features of type [RefAxis] in alibaba-1
2025-06-27 11:29:02,926 INFO  ExportHelperExtension.cs: 1125 - Retrieving features of type [RefAxis] from che-1
2025-06-27 11:29:02,927 INFO  ExportHelperExtension.cs: 1136 - Found 25 in che-1
2025-06-27 11:29:02,927 INFO  ExportHelperExtension.cs: 1145 - Found 0 features of type [RefAxis] in che-1
2025-06-27 11:29:02,927 INFO  ExportHelperExtension.cs: 1125 - Retrieving features of type [RefAxis] from che-2
2025-06-27 11:29:02,927 INFO  ExportHelperExtension.cs: 1136 - Found 25 in che-2
2025-06-27 11:29:02,928 INFO  ExportHelperExtension.cs: 1145 - Found 0 features of type [RefAxis] in che-2
2025-06-27 11:29:02,928 INFO  ExportHelperExtension.cs: 1125 - Retrieving features of type [RefAxis] from ga_minipc_v2-2
2025-06-27 11:29:02,928 INFO  ExportHelperExtension.cs: 1136 - Found 31 in ga_minipc_v2-2
2025-06-27 11:29:02,929 INFO  ExportHelperExtension.cs: 1145 - Found 0 features of type [RefAxis] in ga_minipc_v2-2
2025-06-27 11:29:02,929 INFO  ExportHelperExtension.cs: 1125 - Retrieving features of type [RefAxis] from hop_pin-1
2025-06-27 11:29:02,929 INFO  ExportHelperExtension.cs: 1136 - Found 27 in hop_pin-1
2025-06-27 11:29:02,929 INFO  ExportHelperExtension.cs: 1145 - Found 0 features of type [RefAxis] in hop_pin-1
2025-06-27 11:29:02,930 INFO  ExportHelperExtension.cs: 1125 - Retrieving features of type [RefAxis] from che-3
2025-06-27 11:29:02,930 INFO  ExportHelperExtension.cs: 1136 - Found 25 in che-3
2025-06-27 11:29:02,930 INFO  ExportHelperExtension.cs: 1145 - Found 0 features of type [RefAxis] in che-3
2025-06-27 11:29:02,931 INFO  ExportHelperExtension.cs: 1125 - Retrieving features of type [RefAxis] from che-5
2025-06-27 11:29:02,931 INFO  ExportHelperExtension.cs: 1136 - Found 25 in che-5
2025-06-27 11:29:02,931 INFO  ExportHelperExtension.cs: 1145 - Found 0 features of type [RefAxis] in che-5
2025-06-27 11:29:02,932 INFO  ExportHelperExtension.cs: 1125 - Retrieving features of type [RefAxis] from ga_minipc_comp-1
2025-06-27 11:29:02,932 INFO  ExportHelperExtension.cs: 1136 - Found 40 in ga_minipc_comp-1
2025-06-27 11:29:02,932 INFO  ExportHelperExtension.cs: 1145 - Found 0 features of type [RefAxis] in ga_minipc_comp-1
2025-06-27 11:29:02,933 INFO  ExportHelperExtension.cs: 1125 - Retrieving features of type [RefAxis] from nang_cam-1
2025-06-27 11:29:02,933 INFO  ExportHelperExtension.cs: 1136 - Found 25 in nang_cam-1
2025-06-27 11:29:02,933 INFO  ExportHelperExtension.cs: 1145 - Found 0 features of type [RefAxis] in nang_cam-1
2025-06-27 11:29:02,934 INFO  ExportHelperExtension.cs: 1125 - Retrieving features of type [RefAxis] from hop_nano-1
2025-06-27 11:29:02,934 INFO  ExportHelperExtension.cs: 1136 - Found 35 in hop_nano-1
2025-06-27 11:29:02,934 INFO  ExportHelperExtension.cs: 1145 - Found 0 features of type [RefAxis] in hop_nano-1
2025-06-27 11:29:02,935 INFO  ExportHelperExtension.cs: 1125 - Retrieving features of type [RefAxis] from kegoc_tab2-1
2025-06-27 11:29:02,935 INFO  ExportHelperExtension.cs: 1136 - Found 25 in kegoc_tab2-1
2025-06-27 11:29:02,935 INFO  ExportHelperExtension.cs: 1145 - Found 0 features of type [RefAxis] in kegoc_tab2-1
2025-06-27 11:29:02,935 INFO  ExportHelperExtension.cs: 1125 - Retrieving features of type [RefAxis] from trodong-1
2025-06-27 11:29:02,936 INFO  ExportHelperExtension.cs: 1136 - Found 25 in trodong-1
2025-06-27 11:29:02,936 INFO  ExportHelperExtension.cs: 1145 - Found 0 features of type [RefAxis] in trodong-1
2025-06-27 11:29:02,936 INFO  ExportHelperExtension.cs: 1125 - Retrieving features of type [RefAxis] from kegoc_tab1-1
2025-06-27 11:29:02,937 INFO  ExportHelperExtension.cs: 1136 - Found 25 in kegoc_tab1-1
2025-06-27 11:29:02,937 INFO  ExportHelperExtension.cs: 1145 - Found 0 features of type [RefAxis] in kegoc_tab1-1
2025-06-27 11:29:02,937 INFO  ExportHelperExtension.cs: 1125 - Retrieving features of type [RefAxis] from op_tablet-1
2025-06-27 11:29:02,938 INFO  ExportHelperExtension.cs: 1136 - Found 37 in op_tablet-1
2025-06-27 11:29:02,938 INFO  ExportHelperExtension.cs: 1145 - Found 0 features of type [RefAxis] in op_tablet-1
2025-06-27 11:29:02,938 INFO  ExportHelperExtension.cs: 1125 - Retrieving features of type [RefAxis] from ga_minipc_v2-1
2025-06-27 11:29:02,939 INFO  ExportHelperExtension.cs: 1136 - Found 31 in ga_minipc_v2-1
2025-06-27 11:29:02,939 INFO  ExportHelperExtension.cs: 1145 - Found 0 features of type [RefAxis] in ga_minipc_v2-1
2025-06-27 11:29:02,939 INFO  ExportHelperExtension.cs: 1125 - Retrieving features of type [RefAxis] from che-4
2025-06-27 11:29:02,940 INFO  ExportHelperExtension.cs: 1136 - Found 25 in che-4
2025-06-27 11:29:02,940 INFO  ExportHelperExtension.cs: 1145 - Found 0 features of type [RefAxis] in che-4
2025-06-27 11:29:02,940 INFO  ExportHelperExtension.cs: 1125 - Retrieving features of type [RefAxis] from che-6
2025-06-27 11:29:02,941 INFO  ExportHelperExtension.cs: 1136 - Found 25 in che-6
2025-06-27 11:29:02,941 INFO  ExportHelperExtension.cs: 1145 - Found 0 features of type [RefAxis] in che-6
2025-06-27 11:29:02,941 INFO  ExportHelperExtension.cs: 1125 - Retrieving features of type [RefAxis] from ga_com-1
2025-06-27 11:29:02,942 INFO  ExportHelperExtension.cs: 1136 - Found 33 in ga_com-1
2025-06-27 11:29:02,942 INFO  ExportHelperExtension.cs: 1145 - Found 0 features of type [RefAxis] in ga_com-1
2025-06-27 11:29:02,942 INFO  ExportHelperExtension.cs: 1125 - Retrieving features of type [RefAxis] from imu_40do-1
2025-06-27 11:29:02,943 INFO  ExportHelperExtension.cs: 1136 - Found 25 in imu_40do-1
2025-06-27 11:29:02,943 INFO  ExportHelperExtension.cs: 1145 - Found 0 features of type [RefAxis] in imu_40do-1
2025-06-27 11:29:02,983 INFO  SwAddin.cs: 339 - Loading config tree
2025-06-27 11:29:02,984 INFO  ConfigurationSerialization.cs: 276 - URDF Configuration found
<Link z:Id="i1" xmlns="http://schemas.datacontract.org/2004/07/SW2URDF" xmlns:i="http://www.w3.org/2001/XMLSchema-instance" xmlns:z="http://schemas.microsoft.com/2003/10/Serialization/"><Attributes><Attribute z:Id="i2"><AttributeType>name</AttributeType><IsRequired>true</IsRequired><Value i:type="a:string" xmlns:a="http://www.w3.org/2001/XMLSchema">base_link</Value></Attribute></Attributes><ChildElements><URDFElement z:Id="i3" i:type="Inertial"><Attributes/><ChildElements><URDFElement z:Id="i4" i:type="Origin"><Attributes><Attribute z:Id="i5"><AttributeType>xyz</AttributeType><IsRequired>true</IsRequired><Value i:type="a:ArrayOfdouble" xmlns:a="http://schemas.microsoft.com/2003/10/Serialization/Arrays"><a:double>0.0283696678283355</a:double><a:double>-0.0053387669522444448</a:double><a:double>0.070976161328204557</a:double></Value></Attribute><Attribute z:Id="i6"><AttributeType>rpy</AttributeType><IsRequired>true</IsRequired><Value i:type="a:ArrayOfdouble" xmlns:a="http://schemas.microsoft.com/2003/10/Serialization/Arrays"><a:double>0</a:double><a:double>0</a:double><a:double>0</a:double></Value></Attribute></Attributes><ChildElements/><ElementName>origin</ElementName><required>false</required><RPYAttribute z:Ref="i6"/><XYZAttribute z:Ref="i5"/><isCustomized>false</isCustomized></URDFElement><URDFElement z:Id="i7" i:type="Mass"><Attributes><Attribute z:Id="i8"><AttributeType>value</AttributeType><IsRequired>true</IsRequired><Value i:type="a:double" xmlns:a="http://www.w3.org/2001/XMLSchema">9.396190686586456</Value></Attribute></Attributes><ChildElements/><ElementName>mass</ElementName><required>false</required><ValueAttribute z:Ref="i8"/></URDFElement><URDFElement z:Id="i9" i:type="Inertia"><Attributes><Attribute z:Id="i10"><AttributeType>ixx</AttributeType><IsRequired>true</IsRequired><Value i:type="a:double" xmlns:a="http://www.w3.org/2001/XMLSchema">0.037750785721450249</Value></Attribute><Attribute z:Id="i11"><AttributeType>ixy</AttributeType><IsRequired>true</IsRequired><Value i:type="a:double" xmlns:a="http://www.w3.org/2001/XMLSchema">-0.00025260952951414417</Value></Attribute><Attribute z:Id="i12"><AttributeType>ixz</AttributeType><IsRequired>true</IsRequired><Value i:type="a:double" xmlns:a="http://www.w3.org/2001/XMLSchema">0.00047244512505706555</Value></Attribute><Attribute z:Id="i13"><AttributeType>iyy</AttributeType><IsRequired>true</IsRequired><Value i:type="a:double" xmlns:a="http://www.w3.org/2001/XMLSchema">0.059669282857082596</Value></Attribute><Attribute z:Id="i14"><AttributeType>iyz</AttributeType><IsRequired>true</IsRequired><Value i:type="a:double" xmlns:a="http://www.w3.org/2001/XMLSchema">-6.2380513801288206E-07</Value></Attribute><Attribute z:Id="i15"><AttributeType>izz</AttributeType><IsRequired>true</IsRequired><Value i:type="a:double" xmlns:a="http://www.w3.org/2001/XMLSchema">0.074553113262024712</Value></Attribute></Attributes><ChildElements/><ElementName>inertia</ElementName><required>false</required><IxxAttribute z:Ref="i10"/><IxyAttribute z:Ref="i11"/><IxzAttribute z:Ref="i12"/><IyyAttribute z:Ref="i13"/><IyzAttribute z:Ref="i14"/><IzzAttribute z:Ref="i15"/></URDFElement></ChildElements><ElementName>inertial</ElementName><required>false</required><Inertia z:Ref="i9"/><Mass z:Ref="i7"/><Origin z:Ref="i4"/></URDFElement><URDFElement z:Id="i16" i:type="Visual"><Attributes/><ChildElements><URDFElement z:Id="i17" i:type="Origin"><Attributes><Attribute z:Id="i18"><AttributeType>xyz</AttributeType><IsRequired>true</IsRequired><Value i:type="a:ArrayOfdouble" xmlns:a="http://schemas.microsoft.com/2003/10/Serialization/Arrays"><a:double>0</a:double><a:double>0</a:double><a:double>0</a:double></Value></Attribute><Attribute z:Id="i19"><AttributeType>rpy</AttributeType><IsRequired>true</IsRequired><Value i:type="a:ArrayOfdouble" xmlns:a="http://schemas.microsoft.com/2003/10/Serialization/Arrays"><a:double>0</a:double><a:double>0</a:double><a:double>0</a:double></Value></Attribute></Attributes><ChildElements/><ElementName>origin</ElementName><required>false</required><RPYAttribute z:Ref="i19"/><XYZAttribute z:Ref="i18"/><isCustomized>false</isCustomized></URDFElement><URDFElement z:Id="i20" i:type="Geometry"><Attributes/><ChildElements><URDFElement z:Id="i21" i:type="Mesh"><Attributes><Attribute z:Id="i22"><AttributeType>filename</AttributeType><IsRequired>true</IsRequired><Value i:nil="true"/></Attribute></Attributes><ChildElements/><ElementName>mesh</ElementName><required>false</required><FilenameAttribute z:Ref="i22"/></URDFElement></ChildElements><ElementName>geometry</ElementName><required>true</required><Mesh z:Ref="i21"/></URDFElement><URDFElement z:Id="i23" i:type="Material"><Attributes><Attribute z:Id="i24"><AttributeType>name</AttributeType><IsRequired>true</IsRequired><Value i:type="a:string" xmlns:a="http://www.w3.org/2001/XMLSchema"/></Attribute></Attributes><ChildElements><URDFElement z:Id="i25" i:type="Color"><Attributes><Attribute z:Id="i26"><AttributeType>rgba</AttributeType><IsRequired>true</IsRequired><Value i:type="a:ArrayOfdouble" xmlns:a="http://schemas.microsoft.com/2003/10/Serialization/Arrays"><a:double>0.75294117647058822</a:double><a:double>0.75294117647058822</a:double><a:double>0.75294117647058822</a:double><a:double>1</a:double></Value></Attribute></Attributes><ChildElements/><ElementName>color</ElementName><required>false</required><RGBAAttribute z:Ref="i26"/></URDFElement><URDFElement z:Id="i27" i:type="Texture"><Attributes><Attribute z:Id="i28"><AttributeType>filename</AttributeType><IsRequired>true</IsRequired><Value i:nil="true"/></Attribute></Attributes><ChildElements/><ElementName>texture</ElementName><required>false</required><FilenameAttribute z:Ref="i28"/><wFilename/></URDFElement></ChildElements><ElementName>material</ElementName><required>false</required><Color z:Ref="i25"/><NameAttribute z:Ref="i24"/><Texture z:Ref="i27"/></URDFElement></ChildElements><ElementName>visual</ElementName><required>false</required><Geometry z:Ref="i20"/><Material z:Ref="i23"/><Origin z:Ref="i17"/></URDFElement><URDFElement z:Id="i29" i:type="Collision"><Attributes/><ChildElements><URDFElement z:Id="i30" i:type="Origin"><Attributes><Attribute z:Id="i31"><AttributeType>xyz</AttributeType><IsRequired>true</IsRequired><Value i:type="a:ArrayOfdouble" xmlns:a="http://schemas.microsoft.com/2003/10/Serialization/Arrays"><a:double>0</a:double><a:double>0</a:double><a:double>0</a:double></Value></Attribute><Attribute z:Id="i32"><AttributeType>rpy</AttributeType><IsRequired>true</IsRequired><Value i:type="a:ArrayOfdouble" xmlns:a="http://schemas.microsoft.com/2003/10/Serialization/Arrays"><a:double>0</a:double><a:double>0</a:double><a:double>0</a:double></Value></Attribute></Attributes><ChildElements/><ElementName>origin</ElementName><required>false</required><RPYAttribute z:Ref="i32"/><XYZAttribute z:Ref="i31"/><isCustomized>false</isCustomized></URDFElement><URDFElement z:Id="i33" i:type="Geometry"><Attributes/><ChildElements><URDFElement z:Id="i34" i:type="Mesh"><Attributes><Attribute z:Id="i35"><AttributeType>filename</AttributeType><IsRequired>true</IsRequired><Value i:nil="true"/></Attribute></Attributes><ChildElements/><ElementName>mesh</ElementName><required>false</required><FilenameAttribute z:Ref="i35"/></URDFElement></ChildElements><ElementName>geometry</ElementName><required>true</required><Mesh z:Ref="i34"/></URDFElement></ChildElements><ElementName>collision</ElementName><required>false</required><Geometry z:Ref="i33"/><Origin z:Ref="i30"/></URDFElement><URDFElement z:Id="i36" i:type="Joint"><Attributes><Attribute z:Id="i37"><AttributeType>name</AttributeType><IsRequired>true</IsRequired><Value i:type="a:string" xmlns:a="http://www.w3.org/2001/XMLSchema"/></Attribute><Attribute z:Id="i38"><AttributeType>type</AttributeType><IsRequired>true</IsRequired><Value i:type="a:string" xmlns:a="http://www.w3.org/2001/XMLSchema"/></Attribute></Attributes><ChildElements><URDFElement z:Id="i39" i:type="Origin"><Attributes><Attribute z:Id="i40"><AttributeType>xyz</AttributeType><IsRequired>true</IsRequired><Value i:type="a:ArrayOfdouble" xmlns:a="http://schemas.microsoft.com/2003/10/Serialization/Arrays"><a:double>0</a:double><a:double>0</a:double><a:double>0</a:double></Value></Attribute><Attribute z:Id="i41"><AttributeType>rpy</AttributeType><IsRequired>true</IsRequired><Value i:type="a:ArrayOfdouble" xmlns:a="http://schemas.microsoft.com/2003/10/Serialization/Arrays"><a:double>0</a:double><a:double>0</a:double><a:double>0</a:double></Value></Attribute></Attributes><ChildElements/><ElementName>origin</ElementName><required>false</required><RPYAttribute z:Ref="i41"/><XYZAttribute z:Ref="i40"/><isCustomized>false</isCustomized></URDFElement><URDFElement z:Id="i42" i:type="ParentLink"><Attributes><Attribute z:Id="i43"><AttributeType>link</AttributeType><IsRequired>true</IsRequired><Value i:type="a:string" xmlns:a="http://www.w3.org/2001/XMLSchema"/></Attribute></Attributes><ChildElements/><ElementName>parent</ElementName><required>true</required><NameAttribute z:Ref="i43"/></URDFElement><URDFElement z:Id="i44" i:type="ChildLink"><Attributes><Attribute z:Id="i45"><AttributeType>link</AttributeType><IsRequired>true</IsRequired><Value i:type="a:string" xmlns:a="http://www.w3.org/2001/XMLSchema"/></Attribute></Attributes><ChildElements/><ElementName>child</ElementName><required>true</required><NameAttribute z:Ref="i45"/></URDFElement><URDFElement z:Id="i46" i:type="Axis"><Attributes><Attribute z:Id="i47"><AttributeType>xyz</AttributeType><IsRequired>true</IsRequired><Value i:type="a:ArrayOfdouble" xmlns:a="http://schemas.microsoft.com/2003/10/Serialization/Arrays"><a:double>0</a:double><a:double>0</a:double><a:double>0</a:double></Value></Attribute></Attributes><ChildElements/><ElementName>axis</ElementName><required>false</required><XYZAttribute z:Ref="i47"/></URDFElement><URDFElement z:Id="i48" i:type="Limit"><Attributes><Attribute z:Id="i49"><AttributeType>lower</AttributeType><IsRequired>false</IsRequired><Value i:nil="true"/></Attribute><Attribute z:Id="i50"><AttributeType>upper</AttributeType><IsRequired>false</IsRequired><Value i:nil="true"/></Attribute><Attribute z:Id="i51"><AttributeType>effort</AttributeType><IsRequired>true</IsRequired><Value i:nil="true"/></Attribute><Attribute z:Id="i52"><AttributeType>velocity</AttributeType><IsRequired>true</IsRequired><Value i:nil="true"/></Attribute></Attributes><ChildElements/><ElementName>limit</ElementName><required>false</required><EffortAttribute z:Ref="i51"/><LowerAttribute z:Ref="i49"/><UpperAttribute z:Ref="i50"/><VelocityAttribute z:Ref="i52"/></URDFElement><URDFElement z:Id="i53" i:type="Calibration"><Attributes><Attribute z:Id="i54"><AttributeType>rising</AttributeType><IsRequired>false</IsRequired><Value i:nil="true"/></Attribute><Attribute z:Id="i55"><AttributeType>falling</AttributeType><IsRequired>false</IsRequired><Value i:nil="true"/></Attribute></Attributes><ChildElements/><ElementName>calibration</ElementName><required>false</required><FallingAttribute z:Ref="i55"/><RisingAttribute z:Ref="i54"/></URDFElement><URDFElement z:Id="i56" i:type="Dynamics"><Attributes><Attribute z:Id="i57"><AttributeType>damping</AttributeType><IsRequired>false</IsRequired><Value i:nil="true"/></Attribute><Attribute z:Id="i58"><AttributeType>friction</AttributeType><IsRequired>false</IsRequired><Value i:nil="true"/></Attribute></Attributes><ChildElements/><ElementName>dynamics</ElementName><required>false</required><DampingAttribute z:Ref="i57"/><FrictionAttribute z:Ref="i58"/></URDFElement><URDFElement z:Id="i59" i:type="SafetyController"><Attributes><Attribute z:Id="i60"><AttributeType>soft_upper_limit</AttributeType><IsRequired>false</IsRequired><Value i:nil="true"/></Attribute><Attribute z:Id="i61"><AttributeType>soft_lower_limit</AttributeType><IsRequired>false</IsRequired><Value i:nil="true"/></Attribute><Attribute z:Id="i62"><AttributeType>k_position</AttributeType><IsRequired>false</IsRequired><Value i:nil="true"/></Attribute><Attribute z:Id="i63"><AttributeType>k_velocity</AttributeType><IsRequired>true</IsRequired><Value i:nil="true"/></Attribute></Attributes><ChildElements/><ElementName>safety_controller</ElementName><required>false</required><KPositionAttribute z:Ref="i62"/><KVelocityAttribute z:Ref="i63"/><SoftLowerAttribute z:Ref="i61"/><SoftUpperAttribute z:Ref="i60"/></URDFElement><URDFElement z:Id="i64" i:type="Mimic"><Attributes><Attribute z:Id="i65"><AttributeType>joint</AttributeType><IsRequired>true</IsRequired><Value i:nil="true"/></Attribute><Attribute z:Id="i66"><AttributeType>multiplier</AttributeType><IsRequired>false</IsRequired><Value i:nil="true"/></Attribute><Attribute z:Id="i67"><AttributeType>offset</AttributeType><IsRequired>false</IsRequired><Value i:nil="true"/></Attribute></Attributes><ChildElements/><ElementName>mimic</ElementName><required>false</required><JointNameAttribute z:Ref="i65"/><MultiplierAttribute z:Ref="i66"/><OffsetAttribute z:Ref="i67"/></URDFElement></ChildElements><ElementName>joint</ElementName><required>false</required><Axis z:Ref="i46"/><AxisName/><Calibration z:Ref="i53"/><Child z:Ref="i44"/><CoordinateSystemName>Coordinate System1</CoordinateSystemName><Dynamics z:Ref="i56"/><Limit z:Ref="i48"/><Mimic z:Ref="i64"/><NameAttribute z:Ref="i37"/><Origin z:Ref="i39"/><Parent z:Ref="i42"/><Safety z:Ref="i59"/><TypeAttribute z:Ref="i38"/></URDFElement></ChildElements><ElementName>link</ElementName><required>true</required><Children><Link z:Id="i68"><Attributes><Attribute z:Id="i69"><AttributeType>name</AttributeType><IsRequired>true</IsRequired><Value i:type="a:string" xmlns:a="http://www.w3.org/2001/XMLSchema">lidar_link</Value></Attribute></Attributes><ChildElements><URDFElement z:Id="i70" i:type="Inertial"><Attributes/><ChildElements><URDFElement z:Id="i71" i:type="Origin"><Attributes><Attribute z:Id="i72"><AttributeType>xyz</AttributeType><IsRequired>true</IsRequired><Value i:type="a:ArrayOfdouble" xmlns:a="http://schemas.microsoft.com/2003/10/Serialization/Arrays"><a:double>0.014838317136805057</a:double><a:double>0.00044768343099887975</a:double><a:double>-0.021153620818728069</a:double></Value></Attribute><Attribute z:Id="i73"><AttributeType>rpy</AttributeType><IsRequired>true</IsRequired><Value i:type="a:ArrayOfdouble" xmlns:a="http://schemas.microsoft.com/2003/10/Serialization/Arrays"><a:double>0</a:double><a:double>0</a:double><a:double>0</a:double></Value></Attribute></Attributes><ChildElements/><ElementName>origin</ElementName><required>false</required><RPYAttribute z:Ref="i73"/><XYZAttribute z:Ref="i72"/><isCustomized>false</isCustomized></URDFElement><URDFElement z:Id="i74" i:type="Mass"><Attributes><Attribute z:Id="i75"><AttributeType>value</AttributeType><IsRequired>true</IsRequired><Value i:type="a:double" xmlns:a="http://www.w3.org/2001/XMLSchema">0.031240912740486168</Value></Attribute></Attributes><ChildElements/><ElementName>mass</ElementName><required>false</required><ValueAttribute z:Ref="i75"/></URDFElement><URDFElement z:Id="i76" i:type="Inertia"><Attributes><Attribute z:Id="i77"><AttributeType>ixx</AttributeType><IsRequired>true</IsRequired><Value i:type="a:double" xmlns:a="http://www.w3.org/2001/XMLSchema">8.8802637080853618E-06</Value></Attribute><Attribute z:Id="i78"><AttributeType>ixy</AttributeType><IsRequired>true</IsRequired><Value i:type="a:double" xmlns:a="http://www.w3.org/2001/XMLSchema">-1.7766449426414631E-07</Value></Attribute><Attribute z:Id="i79"><AttributeType>ixz</AttributeType><IsRequired>true</IsRequired><Value i:type="a:double" xmlns:a="http://www.w3.org/2001/XMLSchema">1.1302767990892899E-07</Value></Attribute><Attribute z:Id="i80"><AttributeType>iyy</AttributeType><IsRequired>true</IsRequired><Value i:type="a:double" xmlns:a="http://www.w3.org/2001/XMLSchema">1.4491001820374183E-05</Value></Attribute><Attribute z:Id="i81"><AttributeType>iyz</AttributeType><IsRequired>true</IsRequired><Value i:type="a:double" xmlns:a="http://www.w3.org/2001/XMLSchema">3.4607611495900329E-08</Value></Attribute><Attribute z:Id="i82"><AttributeType>izz</AttributeType><IsRequired>true</IsRequired><Value i:type="a:double" xmlns:a="http://www.w3.org/2001/XMLSchema">2.2528909951833517E-05</Value></Attribute></Attributes><ChildElements/><ElementName>inertia</ElementName><required>false</required><IxxAttribute z:Ref="i77"/><IxyAttribute z:Ref="i78"/><IxzAttribute z:Ref="i79"/><IyyAttribute z:Ref="i80"/><IyzAttribute z:Ref="i81"/><IzzAttribute z:Ref="i82"/></URDFElement></ChildElements><ElementName>inertial</ElementName><required>false</required><Inertia z:Ref="i76"/><Mass z:Ref="i74"/><Origin z:Ref="i71"/></URDFElement><URDFElement z:Id="i83" i:type="Visual"><Attributes/><ChildElements><URDFElement z:Id="i84" i:type="Origin"><Attributes><Attribute z:Id="i85"><AttributeType>xyz</AttributeType><IsRequired>true</IsRequired><Value i:type="a:ArrayOfdouble" xmlns:a="http://schemas.microsoft.com/2003/10/Serialization/Arrays"><a:double>0</a:double><a:double>0</a:double><a:double>0</a:double></Value></Attribute><Attribute z:Id="i86"><AttributeType>rpy</AttributeType><IsRequired>true</IsRequired><Value i:type="a:ArrayOfdouble" xmlns:a="http://schemas.microsoft.com/2003/10/Serialization/Arrays"><a:double>0</a:double><a:double>0</a:double><a:double>0</a:double></Value></Attribute></Attributes><ChildElements/><ElementName>origin</ElementName><required>false</required><RPYAttribute z:Ref="i86"/><XYZAttribute z:Ref="i85"/><isCustomized>false</isCustomized></URDFElement><URDFElement z:Id="i87" i:type="Geometry"><Attributes/><ChildElements><URDFElement z:Id="i88" i:type="Mesh"><Attributes><Attribute z:Id="i89"><AttributeType>filename</AttributeType><IsRequired>true</IsRequired><Value i:nil="true"/></Attribute></Attributes><ChildElements/><ElementName>mesh</ElementName><required>false</required><FilenameAttribute z:Ref="i89"/></URDFElement></ChildElements><ElementName>geometry</ElementName><required>true</required><Mesh z:Ref="i88"/></URDFElement><URDFElement z:Id="i90" i:type="Material"><Attributes><Attribute z:Id="i91"><AttributeType>name</AttributeType><IsRequired>true</IsRequired><Value i:type="a:string" xmlns:a="http://www.w3.org/2001/XMLSchema"/></Attribute></Attributes><ChildElements><URDFElement z:Id="i92" i:type="Color"><Attributes><Attribute z:Id="i93"><AttributeType>rgba</AttributeType><IsRequired>true</IsRequired><Value i:type="a:ArrayOfdouble" xmlns:a="http://schemas.microsoft.com/2003/10/Serialization/Arrays"><a:double>0.792156862745098</a:double><a:double>0.81960784313725488</a:double><a:double>0.93333333333333335</a:double><a:double>1</a:double></Value></Attribute></Attributes><ChildElements/><ElementName>color</ElementName><required>false</required><RGBAAttribute z:Ref="i93"/></URDFElement><URDFElement z:Id="i94" i:type="Texture"><Attributes><Attribute z:Id="i95"><AttributeType>filename</AttributeType><IsRequired>true</IsRequired><Value i:nil="true"/></Attribute></Attributes><ChildElements/><ElementName>texture</ElementName><required>false</required><FilenameAttribute z:Ref="i95"/><wFilename/></URDFElement></ChildElements><ElementName>material</ElementName><required>false</required><Color z:Ref="i92"/><NameAttribute z:Ref="i91"/><Texture z:Ref="i94"/></URDFElement></ChildElements><ElementName>visual</ElementName><required>false</required><Geometry z:Ref="i87"/><Material z:Ref="i90"/><Origin z:Ref="i84"/></URDFElement><URDFElement z:Id="i96" i:type="Collision"><Attributes/><ChildElements><URDFElement z:Id="i97" i:type="Origin"><Attributes><Attribute z:Id="i98"><AttributeType>xyz</AttributeType><IsRequired>true</IsRequired><Value i:type="a:ArrayOfdouble" xmlns:a="http://schemas.microsoft.com/2003/10/Serialization/Arrays"><a:double>0</a:double><a:double>0</a:double><a:double>0</a:double></Value></Attribute><Attribute z:Id="i99"><AttributeType>rpy</AttributeType><IsRequired>true</IsRequired><Value i:type="a:ArrayOfdouble" xmlns:a="http://schemas.microsoft.com/2003/10/Serialization/Arrays"><a:double>0</a:double><a:double>0</a:double><a:double>0</a:double></Value></Attribute></Attributes><ChildElements/><ElementName>origin</ElementName><required>false</required><RPYAttribute z:Ref="i99"/><XYZAttribute z:Ref="i98"/><isCustomized>false</isCustomized></URDFElement><URDFElement z:Id="i100" i:type="Geometry"><Attributes/><ChildElements><URDFElement z:Id="i101" i:type="Mesh"><Attributes><Attribute z:Id="i102"><AttributeType>filename</AttributeType><IsRequired>true</IsRequired><Value i:nil="true"/></Attribute></Attributes><ChildElements/><ElementName>mesh</ElementName><required>false</required><FilenameAttribute z:Ref="i102"/></URDFElement></ChildElements><ElementName>geometry</ElementName><required>true</required><Mesh z:Ref="i101"/></URDFElement></ChildElements><ElementName>collision</ElementName><required>false</required><Geometry z:Ref="i100"/><Origin z:Ref="i97"/></URDFElement><URDFElement z:Id="i103" i:type="Joint"><Attributes><Attribute z:Id="i104"><AttributeType>name</AttributeType><IsRequired>true</IsRequired><Value i:type="a:string" xmlns:a="http://www.w3.org/2001/XMLSchema">lidar</Value></Attribute><Attribute z:Id="i105"><AttributeType>type</AttributeType><IsRequired>true</IsRequired><Value i:type="a:string" xmlns:a="http://www.w3.org/2001/XMLSchema">fixed</Value></Attribute></Attributes><ChildElements><URDFElement z:Id="i106" i:type="Origin"><Attributes><Attribute z:Id="i107"><AttributeType>xyz</AttributeType><IsRequired>true</IsRequired><Value i:type="a:ArrayOfdouble" xmlns:a="http://schemas.microsoft.com/2003/10/Serialization/Arrays"><a:double>0.15566672564358219</a:double><a:double>0.0011277706563345147</a:double><a:double>0.14609999999809897</a:double></Value></Attribute><Attribute z:Id="i108"><AttributeType>rpy</AttributeType><IsRequired>true</IsRequired><Value i:type="a:ArrayOfdouble" xmlns:a="http://schemas.microsoft.com/2003/10/Serialization/Arrays"><a:double>0</a:double><a:double>0</a:double><a:double>0</a:double></Value></Attribute></Attributes><ChildElements/><ElementName>origin</ElementName><required>false</required><RPYAttribute z:Ref="i108"/><XYZAttribute z:Ref="i107"/><isCustomized>false</isCustomized></URDFElement><URDFElement z:Id="i109" i:type="ParentLink"><Attributes><Attribute z:Id="i110"><AttributeType>link</AttributeType><IsRequired>true</IsRequired><Value i:type="a:string" xmlns:a="http://www.w3.org/2001/XMLSchema">base_link</Value></Attribute></Attributes><ChildElements/><ElementName>parent</ElementName><required>true</required><NameAttribute z:Ref="i110"/></URDFElement><URDFElement z:Id="i111" i:type="ChildLink"><Attributes><Attribute z:Id="i112"><AttributeType>link</AttributeType><IsRequired>true</IsRequired><Value i:type="a:string" xmlns:a="http://www.w3.org/2001/XMLSchema">lidar_link</Value></Attribute></Attributes><ChildElements/><ElementName>child</ElementName><required>true</required><NameAttribute z:Ref="i112"/></URDFElement><URDFElement z:Id="i113" i:type="Axis"><Attributes><Attribute z:Id="i114"><AttributeType>xyz</AttributeType><IsRequired>true</IsRequired><Value i:type="a:ArrayOfdouble" xmlns:a="http://schemas.microsoft.com/2003/10/Serialization/Arrays"><a:double>0</a:double><a:double>0</a:double><a:double>0</a:double></Value></Attribute></Attributes><ChildElements/><ElementName>axis</ElementName><required>false</required><XYZAttribute z:Ref="i114"/></URDFElement><URDFElement z:Id="i115" i:type="Limit"><Attributes><Attribute z:Id="i116"><AttributeType>lower</AttributeType><IsRequired>false</IsRequired><Value i:nil="true"/></Attribute><Attribute z:Id="i117"><AttributeType>upper</AttributeType><IsRequired>false</IsRequired><Value i:nil="true"/></Attribute><Attribute z:Id="i118"><AttributeType>effort</AttributeType><IsRequired>true</IsRequired><Value i:nil="true"/></Attribute><Attribute z:Id="i119"><AttributeType>velocity</AttributeType><IsRequired>true</IsRequired><Value i:nil="true"/></Attribute></Attributes><ChildElements/><ElementName>limit</ElementName><required>false</required><EffortAttribute z:Ref="i118"/><LowerAttribute z:Ref="i116"/><UpperAttribute z:Ref="i117"/><VelocityAttribute z:Ref="i119"/></URDFElement><URDFElement z:Id="i120" i:type="Calibration"><Attributes><Attribute z:Id="i121"><AttributeType>rising</AttributeType><IsRequired>false</IsRequired><Value i:nil="true"/></Attribute><Attribute z:Id="i122"><AttributeType>falling</AttributeType><IsRequired>false</IsRequired><Value i:nil="true"/></Attribute></Attributes><ChildElements/><ElementName>calibration</ElementName><required>false</required><FallingAttribute z:Ref="i122"/><RisingAttribute z:Ref="i121"/></URDFElement><URDFElement z:Id="i123" i:type="Dynamics"><Attributes><Attribute z:Id="i124"><AttributeType>damping</AttributeType><IsRequired>false</IsRequired><Value i:nil="true"/></Attribute><Attribute z:Id="i125"><AttributeType>friction</AttributeType><IsRequired>false</IsRequired><Value i:nil="true"/></Attribute></Attributes><ChildElements/><ElementName>dynamics</ElementName><required>false</required><DampingAttribute z:Ref="i124"/><FrictionAttribute z:Ref="i125"/></URDFElement><URDFElement z:Id="i126" i:type="SafetyController"><Attributes><Attribute z:Id="i127"><AttributeType>soft_upper_limit</AttributeType><IsRequired>false</IsRequired><Value i:nil="true"/></Attribute><Attribute z:Id="i128"><AttributeType>soft_lower_limit</AttributeType><IsRequired>false</IsRequired><Value i:nil="true"/></Attribute><Attribute z:Id="i129"><AttributeType>k_position</AttributeType><IsRequired>false</IsRequired><Value i:nil="true"/></Attribute><Attribute z:Id="i130"><AttributeType>k_velocity</AttributeType><IsRequired>true</IsRequired><Value i:nil="true"/></Attribute></Attributes><ChildElements/><ElementName>safety_controller</ElementName><required>false</required><KPositionAttribute z:Ref="i129"/><KVelocityAttribute z:Ref="i130"/><SoftLowerAttribute z:Ref="i128"/><SoftUpperAttribute z:Ref="i127"/></URDFElement><URDFElement z:Id="i131" i:type="Mimic"><Attributes><Attribute z:Id="i132"><AttributeType>joint</AttributeType><IsRequired>true</IsRequired><Value i:nil="true"/></Attribute><Attribute z:Id="i133"><AttributeType>multiplier</AttributeType><IsRequired>false</IsRequired><Value i:nil="true"/></Attribute><Attribute z:Id="i134"><AttributeType>offset</AttributeType><IsRequired>false</IsRequired><Value i:nil="true"/></Attribute></Attributes><ChildElements/><ElementName>mimic</ElementName><required>false</required><JointNameAttribute z:Ref="i132"/><MultiplierAttribute z:Ref="i133"/><OffsetAttribute z:Ref="i134"/></URDFElement></ChildElements><ElementName>joint</ElementName><required>false</required><Axis z:Ref="i113"/><AxisName>Axis_lidar</AxisName><Calibration z:Ref="i120"/><Child z:Ref="i111"/><CoordinateSystemName>Coordinate System2</CoordinateSystemName><Dynamics z:Ref="i123"/><Limit z:Ref="i115"/><Mimic z:Ref="i131"/><NameAttribute z:Ref="i104"/><Origin z:Ref="i106"/><Parent z:Ref="i109"/><Safety z:Ref="i126"/><TypeAttribute z:Ref="i105"/></URDFElement></ChildElements><ElementName>link</ElementName><required>true</required><Children/><Collision z:Ref="i96"/><Inertial z:Ref="i70"/><Joint z:Ref="i103"/><NameAttribute z:Ref="i69"/><Parent z:Ref="i1"/><STLQualityFine>false</STLQualityFine><SWComponentPIDs xmlns:a="http://schemas.microsoft.com/2003/10/Serialization/Arrays"><a:base64Binary>aEIAAAUAAAD//v8fWAAzAF8ATABpAGQAYQByAC0AMQBAAHIAbwBiAG8AVgAzACgAdQByAGQAZgBfAGMAaABhAG4AZwBlAGQAKQAEAAAAEAAAAAEAAAABAAAAiwQAAA==</a:base64Binary></SWComponentPIDs><SWMainComponentPID i:nil="true"/><Visual z:Ref="i83"/><isFixedFrame>false</isFixedFrame><isIncomplete>false</isIncomplete></Link><Link z:Id="i135"><Attributes><Attribute z:Id="i136"><AttributeType>name</AttributeType><IsRequired>true</IsRequired><Value i:type="a:string" xmlns:a="http://www.w3.org/2001/XMLSchema">imu_link</Value></Attribute></Attributes><ChildElements><URDFElement z:Id="i137" i:type="Inertial"><Attributes/><ChildElements><URDFElement z:Id="i138" i:type="Origin"><Attributes><Attribute z:Id="i139"><AttributeType>xyz</AttributeType><IsRequired>true</IsRequired><Value i:type="a:ArrayOfdouble" xmlns:a="http://schemas.microsoft.com/2003/10/Serialization/Arrays"><a:double>-0.012652845066781104</a:double><a:double>-0.012693666023714495</a:double><a:double>-0.00550000000000006</a:double></Value></Attribute><Attribute z:Id="i140"><AttributeType>rpy</AttributeType><IsRequired>true</IsRequired><Value i:type="a:ArrayOfdouble" xmlns:a="http://schemas.microsoft.com/2003/10/Serialization/Arrays"><a:double>0</a:double><a:double>0</a:double><a:double>0</a:double></Value></Attribute></Attributes><ChildElements/><ElementName>origin</ElementName><required>false</required><RPYAttribute z:Ref="i140"/><XYZAttribute z:Ref="i139"/><isCustomized>false</isCustomized></URDFElement><URDFElement z:Id="i141" i:type="Mass"><Attributes><Attribute z:Id="i142"><AttributeType>value</AttributeType><IsRequired>true</IsRequired><Value i:type="a:double" xmlns:a="http://www.w3.org/2001/XMLSchema">0.0071204927508749152</Value></Attribute></Attributes><ChildElements/><ElementName>mass</ElementName><required>false</required><ValueAttribute z:Ref="i142"/></URDFElement><URDFElement z:Id="i143" i:type="Inertia"><Attributes><Attribute z:Id="i144"><AttributeType>ixx</AttributeType><IsRequired>true</IsRequired><Value i:type="a:double" xmlns:a="http://www.w3.org/2001/XMLSchema">4.5609851561914559E-07</Value></Attribute><Attribute z:Id="i145"><AttributeType>ixy</AttributeType><IsRequired>true</IsRequired><Value i:type="a:double" xmlns:a="http://www.w3.org/2001/XMLSchema">9.3184393074195757E-09</Value></Attribute><Attribute z:Id="i146"><AttributeType>ixz</AttributeType><IsRequired>true</IsRequired><Value i:type="a:double" xmlns:a="http://www.w3.org/2001/XMLSchema">-1.1102832568513459E-22</Value></Attribute><Attribute z:Id="i147"><AttributeType>iyy</AttributeType><IsRequired>true</IsRequired><Value i:type="a:double" xmlns:a="http://www.w3.org/2001/XMLSchema">4.5615854575030384E-07</Value></Attribute><Attribute z:Id="i148"><AttributeType>iyz</AttributeType><IsRequired>true</IsRequired><Value i:type="a:double" xmlns:a="http://www.w3.org/2001/XMLSchema">-1.4286879436499486E-21</Value></Attribute><Attribute z:Id="i149"><AttributeType>izz</AttributeType><IsRequired>true</IsRequired><Value i:type="a:double" xmlns:a="http://www.w3.org/2001/XMLSchema">7.686604575601382E-07</Value></Attribute></Attributes><ChildElements/><ElementName>inertia</ElementName><required>false</required><IxxAttribute z:Ref="i144"/><IxyAttribute z:Ref="i145"/><IxzAttribute z:Ref="i146"/><IyyAttribute z:Ref="i147"/><IyzAttribute z:Ref="i148"/><IzzAttribute z:Ref="i149"/></URDFElement></ChildElements><ElementName>inertial</ElementName><required>false</required><Inertia z:Ref="i143"/><Mass z:Ref="i141"/><Origin z:Ref="i138"/></URDFElement><URDFElement z:Id="i150" i:type="Visual"><Attributes/><ChildElements><URDFElement z:Id="i151" i:type="Origin"><Attributes><Attribute z:Id="i152"><AttributeType>xyz</AttributeType><IsRequired>true</IsRequired><Value i:type="a:ArrayOfdouble" xmlns:a="http://schemas.microsoft.com/2003/10/Serialization/Arrays"><a:double>0</a:double><a:double>0</a:double><a:double>0</a:double></Value></Attribute><Attribute z:Id="i153"><AttributeType>rpy</AttributeType><IsRequired>true</IsRequired><Value i:type="a:ArrayOfdouble" xmlns:a="http://schemas.microsoft.com/2003/10/Serialization/Arrays"><a:double>0</a:double><a:double>0</a:double><a:double>0</a:double></Value></Attribute></Attributes><ChildElements/><ElementName>origin</ElementName><required>false</required><RPYAttribute z:Ref="i153"/><XYZAttribute z:Ref="i152"/><isCustomized>false</isCustomized></URDFElement><URDFElement z:Id="i154" i:type="Geometry"><Attributes/><ChildElements><URDFElement z:Id="i155" i:type="Mesh"><Attributes><Attribute z:Id="i156"><AttributeType>filename</AttributeType><IsRequired>true</IsRequired><Value i:nil="true"/></Attribute></Attributes><ChildElements/><ElementName>mesh</ElementName><required>false</required><FilenameAttribute z:Ref="i156"/></URDFElement></ChildElements><ElementName>geometry</ElementName><required>true</required><Mesh z:Ref="i155"/></URDFElement><URDFElement z:Id="i157" i:type="Material"><Attributes><Attribute z:Id="i158"><AttributeType>name</AttributeType><IsRequired>true</IsRequired><Value i:type="a:string" xmlns:a="http://www.w3.org/2001/XMLSchema"/></Attribute></Attributes><ChildElements><URDFElement z:Id="i159" i:type="Color"><Attributes><Attribute z:Id="i160"><AttributeType>rgba</AttributeType><IsRequired>true</IsRequired><Value i:type="a:ArrayOfdouble" xmlns:a="http://schemas.microsoft.com/2003/10/Serialization/Arrays"><a:double>0.792156862745098</a:double><a:double>0.81960784313725488</a:double><a:double>0.93333333333333335</a:double><a:double>1</a:double></Value></Attribute></Attributes><ChildElements/><ElementName>color</ElementName><required>false</required><RGBAAttribute z:Ref="i160"/></URDFElement><URDFElement z:Id="i161" i:type="Texture"><Attributes><Attribute z:Id="i162"><AttributeType>filename</AttributeType><IsRequired>true</IsRequired><Value i:nil="true"/></Attribute></Attributes><ChildElements/><ElementName>texture</ElementName><required>false</required><FilenameAttribute z:Ref="i162"/><wFilename/></URDFElement></ChildElements><ElementName>material</ElementName><required>false</required><Color z:Ref="i159"/><NameAttribute z:Ref="i158"/><Texture z:Ref="i161"/></URDFElement></ChildElements><ElementName>visual</ElementName><required>false</required><Geometry z:Ref="i154"/><Material z:Ref="i157"/><Origin z:Ref="i151"/></URDFElement><URDFElement z:Id="i163" i:type="Collision"><Attributes/><ChildElements><URDFElement z:Id="i164" i:type="Origin"><Attributes><Attribute z:Id="i165"><AttributeType>xyz</AttributeType><IsRequired>true</IsRequired><Value i:type="a:ArrayOfdouble" xmlns:a="http://schemas.microsoft.com/2003/10/Serialization/Arrays"><a:double>0</a:double><a:double>0</a:double><a:double>0</a:double></Value></Attribute><Attribute z:Id="i166"><AttributeType>rpy</AttributeType><IsRequired>true</IsRequired><Value i:type="a:ArrayOfdouble" xmlns:a="http://schemas.microsoft.com/2003/10/Serialization/Arrays"><a:double>0</a:double><a:double>0</a:double><a:double>0</a:double></Value></Attribute></Attributes><ChildElements/><ElementName>origin</ElementName><required>false</required><RPYAttribute z:Ref="i166"/><XYZAttribute z:Ref="i165"/><isCustomized>false</isCustomized></URDFElement><URDFElement z:Id="i167" i:type="Geometry"><Attributes/><ChildElements><URDFElement z:Id="i168" i:type="Mesh"><Attributes><Attribute z:Id="i169"><AttributeType>filename</AttributeType><IsRequired>true</IsRequired><Value i:nil="true"/></Attribute></Attributes><ChildElements/><ElementName>mesh</ElementName><required>false</required><FilenameAttribute z:Ref="i169"/></URDFElement></ChildElements><ElementName>geometry</ElementName><required>true</required><Mesh z:Ref="i168"/></URDFElement></ChildElements><ElementName>collision</ElementName><required>false</required><Geometry z:Ref="i167"/><Origin z:Ref="i164"/></URDFElement><URDFElement z:Id="i170" i:type="Joint"><Attributes><Attribute z:Id="i171"><AttributeType>name</AttributeType><IsRequired>true</IsRequired><Value i:type="a:string" xmlns:a="http://www.w3.org/2001/XMLSchema">imu</Value></Attribute><Attribute z:Id="i172"><AttributeType>type</AttributeType><IsRequired>true</IsRequired><Value i:type="a:string" xmlns:a="http://www.w3.org/2001/XMLSchema">continuous</Value></Attribute></Attributes><ChildElements><URDFElement z:Id="i173" i:type="Origin"><Attributes><Attribute z:Id="i174"><AttributeType>xyz</AttributeType><IsRequired>true</IsRequired><Value i:type="a:ArrayOfdouble" xmlns:a="http://schemas.microsoft.com/2003/10/Serialization/Arrays"><a:double>0.15399361324346994</a:double><a:double>-0.085457424436671869</a:double><a:double>0.040999999999999481</a:double></Value></Attribute><Attribute z:Id="i175"><AttributeType>rpy</AttributeType><IsRequired>true</IsRequired><Value i:type="a:ArrayOfdouble" xmlns:a="http://schemas.microsoft.com/2003/10/Serialization/Arrays"><a:double>0</a:double><a:double>0</a:double><a:double>0</a:double></Value></Attribute></Attributes><ChildElements/><ElementName>origin</ElementName><required>false</required><RPYAttribute z:Ref="i175"/><XYZAttribute z:Ref="i174"/><isCustomized>false</isCustomized></URDFElement><URDFElement z:Id="i176" i:type="ParentLink"><Attributes><Attribute z:Id="i177"><AttributeType>link</AttributeType><IsRequired>true</IsRequired><Value i:type="a:string" xmlns:a="http://www.w3.org/2001/XMLSchema">base_link</Value></Attribute></Attributes><ChildElements/><ElementName>parent</ElementName><required>true</required><NameAttribute z:Ref="i177"/></URDFElement><URDFElement z:Id="i178" i:type="ChildLink"><Attributes><Attribute z:Id="i179"><AttributeType>link</AttributeType><IsRequired>true</IsRequired><Value i:type="a:string" xmlns:a="http://www.w3.org/2001/XMLSchema">imu_link</Value></Attribute></Attributes><ChildElements/><ElementName>child</ElementName><required>true</required><NameAttribute z:Ref="i179"/></URDFElement><URDFElement z:Id="i180" i:type="Axis"><Attributes><Attribute z:Id="i181"><AttributeType>xyz</AttributeType><IsRequired>true</IsRequired><Value i:type="a:ArrayOfdouble" xmlns:a="http://schemas.microsoft.com/2003/10/Serialization/Arrays"><a:double>0</a:double><a:double>0</a:double><a:double>1</a:double></Value></Attribute></Attributes><ChildElements/><ElementName>axis</ElementName><required>false</required><XYZAttribute z:Ref="i181"/></URDFElement><URDFElement z:Id="i182" i:type="Limit"><Attributes><Attribute z:Id="i183"><AttributeType>lower</AttributeType><IsRequired>false</IsRequired><Value i:nil="true"/></Attribute><Attribute z:Id="i184"><AttributeType>upper</AttributeType><IsRequired>false</IsRequired><Value i:nil="true"/></Attribute><Attribute z:Id="i185"><AttributeType>effort</AttributeType><IsRequired>true</IsRequired><Value i:nil="true"/></Attribute><Attribute z:Id="i186"><AttributeType>velocity</AttributeType><IsRequired>true</IsRequired><Value i:nil="true"/></Attribute></Attributes><ChildElements/><ElementName>limit</ElementName><required>false</required><EffortAttribute z:Ref="i185"/><LowerAttribute z:Ref="i183"/><UpperAttribute z:Ref="i184"/><VelocityAttribute z:Ref="i186"/></URDFElement><URDFElement z:Id="i187" i:type="Calibration"><Attributes><Attribute z:Id="i188"><AttributeType>rising</AttributeType><IsRequired>false</IsRequired><Value i:nil="true"/></Attribute><Attribute z:Id="i189"><AttributeType>falling</AttributeType><IsRequired>false</IsRequired><Value i:nil="true"/></Attribute></Attributes><ChildElements/><ElementName>calibration</ElementName><required>false</required><FallingAttribute z:Ref="i189"/><RisingAttribute z:Ref="i188"/></URDFElement><URDFElement z:Id="i190" i:type="Dynamics"><Attributes><Attribute z:Id="i191"><AttributeType>damping</AttributeType><IsRequired>false</IsRequired><Value i:nil="true"/></Attribute><Attribute z:Id="i192"><AttributeType>friction</AttributeType><IsRequired>false</IsRequired><Value i:nil="true"/></Attribute></Attributes><ChildElements/><ElementName>dynamics</ElementName><required>false</required><DampingAttribute z:Ref="i191"/><FrictionAttribute z:Ref="i192"/></URDFElement><URDFElement z:Id="i193" i:type="SafetyController"><Attributes><Attribute z:Id="i194"><AttributeType>soft_upper_limit</AttributeType><IsRequired>false</IsRequired><Value i:nil="true"/></Attribute><Attribute z:Id="i195"><AttributeType>soft_lower_limit</AttributeType><IsRequired>false</IsRequired><Value i:nil="true"/></Attribute><Attribute z:Id="i196"><AttributeType>k_position</AttributeType><IsRequired>false</IsRequired><Value i:nil="true"/></Attribute><Attribute z:Id="i197"><AttributeType>k_velocity</AttributeType><IsRequired>true</IsRequired><Value i:nil="true"/></Attribute></Attributes><ChildElements/><ElementName>safety_controller</ElementName><required>false</required><KPositionAttribute z:Ref="i196"/><KVelocityAttribute z:Ref="i197"/><SoftLowerAttribute z:Ref="i195"/><SoftUpperAttribute z:Ref="i194"/></URDFElement><URDFElement z:Id="i198" i:type="Mimic"><Attributes><Attribute z:Id="i199"><AttributeType>joint</AttributeType><IsRequired>true</IsRequired><Value i:nil="true"/></Attribute><Attribute z:Id="i200"><AttributeType>multiplier</AttributeType><IsRequired>false</IsRequired><Value i:nil="true"/></Attribute><Attribute z:Id="i201"><AttributeType>offset</AttributeType><IsRequired>false</IsRequired><Value i:nil="true"/></Attribute></Attributes><ChildElements/><ElementName>mimic</ElementName><required>false</required><JointNameAttribute z:Ref="i199"/><MultiplierAttribute z:Ref="i200"/><OffsetAttribute z:Ref="i201"/></URDFElement></ChildElements><ElementName>joint</ElementName><required>false</required><Axis z:Ref="i180"/><AxisName>Axis_imu</AxisName><Calibration z:Ref="i187"/><Child z:Ref="i178"/><CoordinateSystemName>Coordinate System29_imu</CoordinateSystemName><Dynamics z:Ref="i190"/><Limit z:Ref="i182"/><Mimic z:Ref="i198"/><NameAttribute z:Ref="i171"/><Origin z:Ref="i173"/><Parent z:Ref="i176"/><Safety z:Ref="i193"/><TypeAttribute z:Ref="i172"/></URDFElement></ChildElements><ElementName>link</ElementName><required>true</required><Children/><Collision z:Ref="i163"/><Inertial z:Ref="i137"/><Joint z:Ref="i170"/><NameAttribute z:Ref="i136"/><Parent z:Ref="i1"/><STLQualityFine>false</STLQualityFine><SWComponentPIDs xmlns:a="http://schemas.microsoft.com/2003/10/Serialization/Arrays"><a:base64Binary>aEIAAAUAAAD//v8faQBtAHUAXwA0ADAAZABvAC0AMQBAAHIAbwBiAG8AVgAzACgAdQByAGQAZgBfAGMAaABhAG4AZwBlAGQAKQAEAAAAEAAAAAEAAAABAAAAdwkAAA==</a:base64Binary></SWComponentPIDs><SWMainComponentPID i:nil="true"/><Visual z:Ref="i150"/><isFixedFrame>false</isFixedFrame><isIncomplete>false</isIncomplete></Link><Link z:Id="i202"><Attributes><Attribute z:Id="i203"><AttributeType>name</AttributeType><IsRequired>true</IsRequired><Value i:type="a:string" xmlns:a="http://www.w3.org/2001/XMLSchema">right_wheel_link</Value></Attribute></Attributes><ChildElements><URDFElement z:Id="i204" i:type="Inertial"><Attributes/><ChildElements><URDFElement z:Id="i205" i:type="Origin"><Attributes><Attribute z:Id="i206"><AttributeType>xyz</AttributeType><IsRequired>true</IsRequired><Value i:type="a:ArrayOfdouble" xmlns:a="http://schemas.microsoft.com/2003/10/Serialization/Arrays"><a:double>0.00024358782977840221</a:double><a:double>-0.029500099045564304</a:double><a:double>8.011608043645424E-11</a:double></Value></Attribute><Attribute z:Id="i207"><AttributeType>rpy</AttributeType><IsRequired>true</IsRequired><Value i:type="a:ArrayOfdouble" xmlns:a="http://schemas.microsoft.com/2003/10/Serialization/Arrays"><a:double>0</a:double><a:double>0</a:double><a:double>0</a:double></Value></Attribute></Attributes><ChildElements/><ElementName>origin</ElementName><required>false</required><RPYAttribute z:Ref="i207"/><XYZAttribute z:Ref="i206"/><isCustomized>false</isCustomized></URDFElement><URDFElement z:Id="i208" i:type="Mass"><Attributes><Attribute z:Id="i209"><AttributeType>value</AttributeType><IsRequired>true</IsRequired><Value i:type="a:double" xmlns:a="http://www.w3.org/2001/XMLSchema">0.98170665090243969</Value></Attribute></Attributes><ChildElements/><ElementName>mass</ElementName><required>false</required><ValueAttribute z:Ref="i209"/></URDFElement><URDFElement z:Id="i210" i:type="Inertia"><Attributes><Attribute z:Id="i211"><AttributeType>ixx</AttributeType><IsRequired>true</IsRequired><Value i:type="a:double" xmlns:a="http://www.w3.org/2001/XMLSchema">0.0016529885173842311</Value></Attribute><Attribute z:Id="i212"><AttributeType>ixy</AttributeType><IsRequired>true</IsRequired><Value i:type="a:double" xmlns:a="http://www.w3.org/2001/XMLSchema">-1.0124915182156964E-05</Value></Attribute><Attribute z:Id="i213"><AttributeType>ixz</AttributeType><IsRequired>true</IsRequired><Value i:type="a:double" xmlns:a="http://www.w3.org/2001/XMLSchema">1.3027076084651632E-08</Value></Attribute><Attribute z:Id="i214"><AttributeType>iyy</AttributeType><IsRequired>true</IsRequired><Value i:type="a:double" xmlns:a="http://www.w3.org/2001/XMLSchema">0.0028786195096230549</Value></Attribute><Attribute z:Id="i215"><AttributeType>iyz</AttributeType><IsRequired>true</IsRequired><Value i:type="a:double" xmlns:a="http://www.w3.org/2001/XMLSchema">5.3288362588409926E-10</Value></Attribute><Attribute z:Id="i216"><AttributeType>izz</AttributeType><IsRequired>true</IsRequired><Value i:type="a:double" xmlns:a="http://www.w3.org/2001/XMLSchema">0.00165292257365774</Value></Attribute></Attributes><ChildElements/><ElementName>inertia</ElementName><required>false</required><IxxAttribute z:Ref="i211"/><IxyAttribute z:Ref="i212"/><IxzAttribute z:Ref="i213"/><IyyAttribute z:Ref="i214"/><IyzAttribute z:Ref="i215"/><IzzAttribute z:Ref="i216"/></URDFElement></ChildElements><ElementName>inertial</ElementName><required>false</required><Inertia z:Ref="i210"/><Mass z:Ref="i208"/><Origin z:Ref="i205"/></URDFElement><URDFElement z:Id="i217" i:type="Visual"><Attributes/><ChildElements><URDFElement z:Id="i218" i:type="Origin"><Attributes><Attribute z:Id="i219"><AttributeType>xyz</AttributeType><IsRequired>true</IsRequired><Value i:type="a:ArrayOfdouble" xmlns:a="http://schemas.microsoft.com/2003/10/Serialization/Arrays"><a:double>0</a:double><a:double>0</a:double><a:double>0</a:double></Value></Attribute><Attribute z:Id="i220"><AttributeType>rpy</AttributeType><IsRequired>true</IsRequired><Value i:type="a:ArrayOfdouble" xmlns:a="http://schemas.microsoft.com/2003/10/Serialization/Arrays"><a:double>0</a:double><a:double>0</a:double><a:double>0</a:double></Value></Attribute></Attributes><ChildElements/><ElementName>origin</ElementName><required>false</required><RPYAttribute z:Ref="i220"/><XYZAttribute z:Ref="i219"/><isCustomized>false</isCustomized></URDFElement><URDFElement z:Id="i221" i:type="Geometry"><Attributes/><ChildElements><URDFElement z:Id="i222" i:type="Mesh"><Attributes><Attribute z:Id="i223"><AttributeType>filename</AttributeType><IsRequired>true</IsRequired><Value i:nil="true"/></Attribute></Attributes><ChildElements/><ElementName>mesh</ElementName><required>false</required><FilenameAttribute z:Ref="i223"/></URDFElement></ChildElements><ElementName>geometry</ElementName><required>true</required><Mesh z:Ref="i222"/></URDFElement><URDFElement z:Id="i224" i:type="Material"><Attributes><Attribute z:Id="i225"><AttributeType>name</AttributeType><IsRequired>true</IsRequired><Value i:type="a:string" xmlns:a="http://www.w3.org/2001/XMLSchema"/></Attribute></Attributes><ChildElements><URDFElement z:Id="i226" i:type="Color"><Attributes><Attribute z:Id="i227"><AttributeType>rgba</AttributeType><IsRequired>true</IsRequired><Value i:type="a:ArrayOfdouble" xmlns:a="http://schemas.microsoft.com/2003/10/Serialization/Arrays"><a:double>0.2</a:double><a:double>0.2</a:double><a:double>0.2</a:double><a:double>1</a:double></Value></Attribute></Attributes><ChildElements/><ElementName>color</ElementName><required>false</required><RGBAAttribute z:Ref="i227"/></URDFElement><URDFElement z:Id="i228" i:type="Texture"><Attributes><Attribute z:Id="i229"><AttributeType>filename</AttributeType><IsRequired>true</IsRequired><Value i:nil="true"/></Attribute></Attributes><ChildElements/><ElementName>texture</ElementName><required>false</required><FilenameAttribute z:Ref="i229"/><wFilename/></URDFElement></ChildElements><ElementName>material</ElementName><required>false</required><Color z:Ref="i226"/><NameAttribute z:Ref="i225"/><Texture z:Ref="i228"/></URDFElement></ChildElements><ElementName>visual</ElementName><required>false</required><Geometry z:Ref="i221"/><Material z:Ref="i224"/><Origin z:Ref="i218"/></URDFElement><URDFElement z:Id="i230" i:type="Collision"><Attributes/><ChildElements><URDFElement z:Id="i231" i:type="Origin"><Attributes><Attribute z:Id="i232"><AttributeType>xyz</AttributeType><IsRequired>true</IsRequired><Value i:type="a:ArrayOfdouble" xmlns:a="http://schemas.microsoft.com/2003/10/Serialization/Arrays"><a:double>0</a:double><a:double>0</a:double><a:double>0</a:double></Value></Attribute><Attribute z:Id="i233"><AttributeType>rpy</AttributeType><IsRequired>true</IsRequired><Value i:type="a:ArrayOfdouble" xmlns:a="http://schemas.microsoft.com/2003/10/Serialization/Arrays"><a:double>0</a:double><a:double>0</a:double><a:double>0</a:double></Value></Attribute></Attributes><ChildElements/><ElementName>origin</ElementName><required>false</required><RPYAttribute z:Ref="i233"/><XYZAttribute z:Ref="i232"/><isCustomized>false</isCustomized></URDFElement><URDFElement z:Id="i234" i:type="Geometry"><Attributes/><ChildElements><URDFElement z:Id="i235" i:type="Mesh"><Attributes><Attribute z:Id="i236"><AttributeType>filename</AttributeType><IsRequired>true</IsRequired><Value i:nil="true"/></Attribute></Attributes><ChildElements/><ElementName>mesh</ElementName><required>false</required><FilenameAttribute z:Ref="i236"/></URDFElement></ChildElements><ElementName>geometry</ElementName><required>true</required><Mesh z:Ref="i235"/></URDFElement></ChildElements><ElementName>collision</ElementName><required>false</required><Geometry z:Ref="i234"/><Origin z:Ref="i231"/></URDFElement><URDFElement z:Id="i237" i:type="Joint"><Attributes><Attribute z:Id="i238"><AttributeType>name</AttributeType><IsRequired>true</IsRequired><Value i:type="a:string" xmlns:a="http://www.w3.org/2001/XMLSchema">right_wheel</Value></Attribute><Attribute z:Id="i239"><AttributeType>type</AttributeType><IsRequired>true</IsRequired><Value i:type="a:string" xmlns:a="http://www.w3.org/2001/XMLSchema">continuous</Value></Attribute></Attributes><ChildElements><URDFElement z:Id="i240" i:type="Origin"><Attributes><Attribute z:Id="i241"><AttributeType>xyz</AttributeType><IsRequired>true</IsRequired><Value i:type="a:ArrayOfdouble" xmlns:a="http://schemas.microsoft.com/2003/10/Serialization/Arrays"><a:double>0.0015755697007704406</a:double><a:double>-0.17502025768769183</a:double><a:double>0.015000000004217473</a:double></Value></Attribute><Attribute z:Id="i242"><AttributeType>rpy</AttributeType><IsRequired>true</IsRequired><Value i:type="a:ArrayOfdouble" xmlns:a="http://schemas.microsoft.com/2003/10/Serialization/Arrays"><a:double>0</a:double><a:double>0</a:double><a:double>0</a:double></Value></Attribute></Attributes><ChildElements/><ElementName>origin</ElementName><required>false</required><RPYAttribute z:Ref="i242"/><XYZAttribute z:Ref="i241"/><isCustomized>false</isCustomized></URDFElement><URDFElement z:Id="i243" i:type="ParentLink"><Attributes><Attribute z:Id="i244"><AttributeType>link</AttributeType><IsRequired>true</IsRequired><Value i:type="a:string" xmlns:a="http://www.w3.org/2001/XMLSchema">base_link</Value></Attribute></Attributes><ChildElements/><ElementName>parent</ElementName><required>true</required><NameAttribute z:Ref="i244"/></URDFElement><URDFElement z:Id="i245" i:type="ChildLink"><Attributes><Attribute z:Id="i246"><AttributeType>link</AttributeType><IsRequired>true</IsRequired><Value i:type="a:string" xmlns:a="http://www.w3.org/2001/XMLSchema">right_wheel_link</Value></Attribute></Attributes><ChildElements/><ElementName>child</ElementName><required>true</required><NameAttribute z:Ref="i246"/></URDFElement><URDFElement z:Id="i247" i:type="Axis"><Attributes><Attribute z:Id="i248"><AttributeType>xyz</AttributeType><IsRequired>true</IsRequired><Value i:type="a:ArrayOfdouble" xmlns:a="http://schemas.microsoft.com/2003/10/Serialization/Arrays"><a:double>-0.00825691107326283</a:double><a:double>0.99996591112873856</a:double><a:double>0</a:double></Value></Attribute></Attributes><ChildElements/><ElementName>axis</ElementName><required>false</required><XYZAttribute z:Ref="i248"/></URDFElement><URDFElement z:Id="i249" i:type="Limit"><Attributes><Attribute z:Id="i250"><AttributeType>lower</AttributeType><IsRequired>false</IsRequired><Value i:nil="true"/></Attribute><Attribute z:Id="i251"><AttributeType>upper</AttributeType><IsRequired>false</IsRequired><Value i:nil="true"/></Attribute><Attribute z:Id="i252"><AttributeType>effort</AttributeType><IsRequired>true</IsRequired><Value i:nil="true"/></Attribute><Attribute z:Id="i253"><AttributeType>velocity</AttributeType><IsRequired>true</IsRequired><Value i:nil="true"/></Attribute></Attributes><ChildElements/><ElementName>limit</ElementName><required>false</required><EffortAttribute z:Ref="i252"/><LowerAttribute z:Ref="i250"/><UpperAttribute z:Ref="i251"/><VelocityAttribute z:Ref="i253"/></URDFElement><URDFElement z:Id="i254" i:type="Calibration"><Attributes><Attribute z:Id="i255"><AttributeType>rising</AttributeType><IsRequired>false</IsRequired><Value i:nil="true"/></Attribute><Attribute z:Id="i256"><AttributeType>falling</AttributeType><IsRequired>false</IsRequired><Value i:nil="true"/></Attribute></Attributes><ChildElements/><ElementName>calibration</ElementName><required>false</required><FallingAttribute z:Ref="i256"/><RisingAttribute z:Ref="i255"/></URDFElement><URDFElement z:Id="i257" i:type="Dynamics"><Attributes><Attribute z:Id="i258"><AttributeType>damping</AttributeType><IsRequired>false</IsRequired><Value i:nil="true"/></Attribute><Attribute z:Id="i259"><AttributeType>friction</AttributeType><IsRequired>false</IsRequired><Value i:nil="true"/></Attribute></Attributes><ChildElements/><ElementName>dynamics</ElementName><required>false</required><DampingAttribute z:Ref="i258"/><FrictionAttribute z:Ref="i259"/></URDFElement><URDFElement z:Id="i260" i:type="SafetyController"><Attributes><Attribute z:Id="i261"><AttributeType>soft_upper_limit</AttributeType><IsRequired>false</IsRequired><Value i:nil="true"/></Attribute><Attribute z:Id="i262"><AttributeType>soft_lower_limit</AttributeType><IsRequired>false</IsRequired><Value i:nil="true"/></Attribute><Attribute z:Id="i263"><AttributeType>k_position</AttributeType><IsRequired>false</IsRequired><Value i:nil="true"/></Attribute><Attribute z:Id="i264"><AttributeType>k_velocity</AttributeType><IsRequired>true</IsRequired><Value i:nil="true"/></Attribute></Attributes><ChildElements/><ElementName>safety_controller</ElementName><required>false</required><KPositionAttribute z:Ref="i263"/><KVelocityAttribute z:Ref="i264"/><SoftLowerAttribute z:Ref="i262"/><SoftUpperAttribute z:Ref="i261"/></URDFElement><URDFElement z:Id="i265" i:type="Mimic"><Attributes><Attribute z:Id="i266"><AttributeType>joint</AttributeType><IsRequired>true</IsRequired><Value i:nil="true"/></Attribute><Attribute z:Id="i267"><AttributeType>multiplier</AttributeType><IsRequired>false</IsRequired><Value i:nil="true"/></Attribute><Attribute z:Id="i268"><AttributeType>offset</AttributeType><IsRequired>false</IsRequired><Value i:nil="true"/></Attribute></Attributes><ChildElements/><ElementName>mimic</ElementName><required>false</required><JointNameAttribute z:Ref="i266"/><MultiplierAttribute z:Ref="i267"/><OffsetAttribute z:Ref="i268"/></URDFElement></ChildElements><ElementName>joint</ElementName><required>false</required><Axis z:Ref="i247"/><AxisName>Axis2</AxisName><Calibration z:Ref="i254"/><Child z:Ref="i245"/><CoordinateSystemName>Coordinate System6</CoordinateSystemName><Dynamics z:Ref="i257"/><Limit z:Ref="i249"/><Mimic z:Ref="i265"/><NameAttribute z:Ref="i238"/><Origin z:Ref="i240"/><Parent z:Ref="i243"/><Safety z:Ref="i260"/><TypeAttribute z:Ref="i239"/></URDFElement></ChildElements><ElementName>link</ElementName><required>true</required><Children/><Collision z:Ref="i230"/><Inertial z:Ref="i204"/><Joint z:Ref="i237"/><NameAttribute z:Ref="i203"/><Parent z:Ref="i1"/><STLQualityFine>false</STLQualityFine><SWComponentPIDs xmlns:a="http://schemas.microsoft.com/2003/10/Serialization/Arrays"><a:base64Binary>aEIAAAUAAAD//v8gbQBvAHQAbwByAGUAZABpAHQALQA0AEAAcgBvAGIAbwBWADMAKAB1AHIAZABmAF8AYwBoAGEAbgBnAGUAZAApAAQAAAAQAAAAAQAAAAEAAADOBQAA</a:base64Binary></SWComponentPIDs><SWMainComponentPID i:nil="true"/><Visual z:Ref="i217"/><isFixedFrame>false</isFixedFrame><isIncomplete>false</isIncomplete></Link><Link z:Id="i269"><Attributes><Attribute z:Id="i270"><AttributeType>name</AttributeType><IsRequired>true</IsRequired><Value i:type="a:string" xmlns:a="http://www.w3.org/2001/XMLSchema">left_wheel_link</Value></Attribute></Attributes><ChildElements><URDFElement z:Id="i271" i:type="Inertial"><Attributes/><ChildElements><URDFElement z:Id="i272" i:type="Origin"><Attributes><Attribute z:Id="i273"><AttributeType>xyz</AttributeType><IsRequired>true</IsRequired><Value i:type="a:ArrayOfdouble" xmlns:a="http://schemas.microsoft.com/2003/10/Serialization/Arrays"><a:double>-0.00024358782977862425</a:double><a:double>0.029500099045563943</a:double><a:double>8.0114970213429615E-11</a:double></Value></Attribute><Attribute z:Id="i274"><AttributeType>rpy</AttributeType><IsRequired>true</IsRequired><Value i:type="a:ArrayOfdouble" xmlns:a="http://schemas.microsoft.com/2003/10/Serialization/Arrays"><a:double>0</a:double><a:double>0</a:double><a:double>0</a:double></Value></Attribute></Attributes><ChildElements/><ElementName>origin</ElementName><required>false</required><RPYAttribute z:Ref="i274"/><XYZAttribute z:Ref="i273"/><isCustomized>false</isCustomized></URDFElement><URDFElement z:Id="i275" i:type="Mass"><Attributes><Attribute z:Id="i276"><AttributeType>value</AttributeType><IsRequired>true</IsRequired><Value i:type="a:double" xmlns:a="http://www.w3.org/2001/XMLSchema">0.98170665090244258</Value></Attribute></Attributes><ChildElements/><ElementName>mass</ElementName><required>false</required><ValueAttribute z:Ref="i276"/></URDFElement><URDFElement z:Id="i277" i:type="Inertia"><Attributes><Attribute z:Id="i278"><AttributeType>ixx</AttributeType><IsRequired>true</IsRequired><Value i:type="a:double" xmlns:a="http://www.w3.org/2001/XMLSchema">0.0016529912083484673</Value></Attribute><Attribute z:Id="i279"><AttributeType>ixy</AttributeType><IsRequired>true</IsRequired><Value i:type="a:double" xmlns:a="http://www.w3.org/2001/XMLSchema">-1.0124910987100605E-05</Value></Attribute><Attribute z:Id="i280"><AttributeType>ixz</AttributeType><IsRequired>true</IsRequired><Value i:type="a:double" xmlns:a="http://www.w3.org/2001/XMLSchema">-1.4498411509328035E-08</Value></Attribute><Attribute z:Id="i281"><AttributeType>iyy</AttributeType><IsRequired>true</IsRequired><Value i:type="a:double" xmlns:a="http://www.w3.org/2001/XMLSchema">0.0028786195090139259</Value></Attribute><Attribute z:Id="i282"><AttributeType>iyz</AttributeType><IsRequired>true</IsRequired><Value i:type="a:double" xmlns:a="http://www.w3.org/2001/XMLSchema">7.25004217200697E-11</Value></Attribute><Attribute z:Id="i283"><AttributeType>izz</AttributeType><IsRequired>true</IsRequired><Value i:type="a:double" xmlns:a="http://www.w3.org/2001/XMLSchema">0.001652919882344762</Value></Attribute></Attributes><ChildElements/><ElementName>inertia</ElementName><required>false</required><IxxAttribute z:Ref="i278"/><IxyAttribute z:Ref="i279"/><IxzAttribute z:Ref="i280"/><IyyAttribute z:Ref="i281"/><IyzAttribute z:Ref="i282"/><IzzAttribute z:Ref="i283"/></URDFElement></ChildElements><ElementName>inertial</ElementName><required>false</required><Inertia z:Ref="i277"/><Mass z:Ref="i275"/><Origin z:Ref="i272"/></URDFElement><URDFElement z:Id="i284" i:type="Visual"><Attributes/><ChildElements><URDFElement z:Id="i285" i:type="Origin"><Attributes><Attribute z:Id="i286"><AttributeType>xyz</AttributeType><IsRequired>true</IsRequired><Value i:type="a:ArrayOfdouble" xmlns:a="http://schemas.microsoft.com/2003/10/Serialization/Arrays"><a:double>0</a:double><a:double>0</a:double><a:double>0</a:double></Value></Attribute><Attribute z:Id="i287"><AttributeType>rpy</AttributeType><IsRequired>true</IsRequired><Value i:type="a:ArrayOfdouble" xmlns:a="http://schemas.microsoft.com/2003/10/Serialization/Arrays"><a:double>0</a:double><a:double>0</a:double><a:double>0</a:double></Value></Attribute></Attributes><ChildElements/><ElementName>origin</ElementName><required>false</required><RPYAttribute z:Ref="i287"/><XYZAttribute z:Ref="i286"/><isCustomized>false</isCustomized></URDFElement><URDFElement z:Id="i288" i:type="Geometry"><Attributes/><ChildElements><URDFElement z:Id="i289" i:type="Mesh"><Attributes><Attribute z:Id="i290"><AttributeType>filename</AttributeType><IsRequired>true</IsRequired><Value i:nil="true"/></Attribute></Attributes><ChildElements/><ElementName>mesh</ElementName><required>false</required><FilenameAttribute z:Ref="i290"/></URDFElement></ChildElements><ElementName>geometry</ElementName><required>true</required><Mesh z:Ref="i289"/></URDFElement><URDFElement z:Id="i291" i:type="Material"><Attributes><Attribute z:Id="i292"><AttributeType>name</AttributeType><IsRequired>true</IsRequired><Value i:type="a:string" xmlns:a="http://www.w3.org/2001/XMLSchema"/></Attribute></Attributes><ChildElements><URDFElement z:Id="i293" i:type="Color"><Attributes><Attribute z:Id="i294"><AttributeType>rgba</AttributeType><IsRequired>true</IsRequired><Value i:type="a:ArrayOfdouble" xmlns:a="http://schemas.microsoft.com/2003/10/Serialization/Arrays"><a:double>0.2</a:double><a:double>0.2</a:double><a:double>0.2</a:double><a:double>1</a:double></Value></Attribute></Attributes><ChildElements/><ElementName>color</ElementName><required>false</required><RGBAAttribute z:Ref="i294"/></URDFElement><URDFElement z:Id="i295" i:type="Texture"><Attributes><Attribute z:Id="i296"><AttributeType>filename</AttributeType><IsRequired>true</IsRequired><Value i:nil="true"/></Attribute></Attributes><ChildElements/><ElementName>texture</ElementName><required>false</required><FilenameAttribute z:Ref="i296"/><wFilename/></URDFElement></ChildElements><ElementName>material</ElementName><required>false</required><Color z:Ref="i293"/><NameAttribute z:Ref="i292"/><Texture z:Ref="i295"/></URDFElement></ChildElements><ElementName>visual</ElementName><required>false</required><Geometry z:Ref="i288"/><Material z:Ref="i291"/><Origin z:Ref="i285"/></URDFElement><URDFElement z:Id="i297" i:type="Collision"><Attributes/><ChildElements><URDFElement z:Id="i298" i:type="Origin"><Attributes><Attribute z:Id="i299"><AttributeType>xyz</AttributeType><IsRequired>true</IsRequired><Value i:type="a:ArrayOfdouble" xmlns:a="http://schemas.microsoft.com/2003/10/Serialization/Arrays"><a:double>0</a:double><a:double>0</a:double><a:double>0</a:double></Value></Attribute><Attribute z:Id="i300"><AttributeType>rpy</AttributeType><IsRequired>true</IsRequired><Value i:type="a:ArrayOfdouble" xmlns:a="http://schemas.microsoft.com/2003/10/Serialization/Arrays"><a:double>0</a:double><a:double>0</a:double><a:double>0</a:double></Value></Attribute></Attributes><ChildElements/><ElementName>origin</ElementName><required>false</required><RPYAttribute z:Ref="i300"/><XYZAttribute z:Ref="i299"/><isCustomized>false</isCustomized></URDFElement><URDFElement z:Id="i301" i:type="Geometry"><Attributes/><ChildElements><URDFElement z:Id="i302" i:type="Mesh"><Attributes><Attribute z:Id="i303"><AttributeType>filename</AttributeType><IsRequired>true</IsRequired><Value i:nil="true"/></Attribute></Attributes><ChildElements/><ElementName>mesh</ElementName><required>false</required><FilenameAttribute z:Ref="i303"/></URDFElement></ChildElements><ElementName>geometry</ElementName><required>true</required><Mesh z:Ref="i302"/></URDFElement></ChildElements><ElementName>collision</ElementName><required>false</required><Geometry z:Ref="i301"/><Origin z:Ref="i298"/></URDFElement><URDFElement z:Id="i304" i:type="Joint"><Attributes><Attribute z:Id="i305"><AttributeType>name</AttributeType><IsRequired>true</IsRequired><Value i:type="a:string" xmlns:a="http://www.w3.org/2001/XMLSchema">left_wheel</Value></Attribute><Attribute z:Id="i306"><AttributeType>type</AttributeType><IsRequired>true</IsRequired><Value i:type="a:string" xmlns:a="http://www.w3.org/2001/XMLSchema">continuous</Value></Attribute></Attributes><ChildElements><URDFElement z:Id="i307" i:type="Origin"><Attributes><Attribute z:Id="i308"><AttributeType>xyz</AttributeType><IsRequired>true</IsRequired><Value i:type="a:ArrayOfdouble" xmlns:a="http://schemas.microsoft.com/2003/10/Serialization/Arrays"><a:double>-0.001314349174873275</a:double><a:double>0.17496781120736421</a:double><a:double>0.015000000004217529</a:double></Value></Attribute><Attribute z:Id="i309"><AttributeType>rpy</AttributeType><IsRequired>true</IsRequired><Value i:type="a:ArrayOfdouble" xmlns:a="http://schemas.microsoft.com/2003/10/Serialization/Arrays"><a:double>0</a:double><a:double>0</a:double><a:double>0</a:double></Value></Attribute></Attributes><ChildElements/><ElementName>origin</ElementName><required>false</required><RPYAttribute z:Ref="i309"/><XYZAttribute z:Ref="i308"/><isCustomized>false</isCustomized></URDFElement><URDFElement z:Id="i310" i:type="ParentLink"><Attributes><Attribute z:Id="i311"><AttributeType>link</AttributeType><IsRequired>true</IsRequired><Value i:type="a:string" xmlns:a="http://www.w3.org/2001/XMLSchema">base_link</Value></Attribute></Attributes><ChildElements/><ElementName>parent</ElementName><required>true</required><NameAttribute z:Ref="i311"/></URDFElement><URDFElement z:Id="i312" i:type="ChildLink"><Attributes><Attribute z:Id="i313"><AttributeType>link</AttributeType><IsRequired>true</IsRequired><Value i:type="a:string" xmlns:a="http://www.w3.org/2001/XMLSchema">left_wheel_link</Value></Attribute></Attributes><ChildElements/><ElementName>child</ElementName><required>true</required><NameAttribute z:Ref="i313"/></URDFElement><URDFElement z:Id="i314" i:type="Axis"><Attributes><Attribute z:Id="i315"><AttributeType>xyz</AttributeType><IsRequired>true</IsRequired><Value i:type="a:ArrayOfdouble" xmlns:a="http://schemas.microsoft.com/2003/10/Serialization/Arrays"><a:double>0.0082569110732628129</a:double><a:double>-0.99996591112873856</a:double><a:double>0</a:double></Value></Attribute></Attributes><ChildElements/><ElementName>axis</ElementName><required>false</required><XYZAttribute z:Ref="i315"/></URDFElement><URDFElement z:Id="i316" i:type="Limit"><Attributes><Attribute z:Id="i317"><AttributeType>lower</AttributeType><IsRequired>false</IsRequired><Value i:nil="true"/></Attribute><Attribute z:Id="i318"><AttributeType>upper</AttributeType><IsRequired>false</IsRequired><Value i:nil="true"/></Attribute><Attribute z:Id="i319"><AttributeType>effort</AttributeType><IsRequired>true</IsRequired><Value i:nil="true"/></Attribute><Attribute z:Id="i320"><AttributeType>velocity</AttributeType><IsRequired>true</IsRequired><Value i:nil="true"/></Attribute></Attributes><ChildElements/><ElementName>limit</ElementName><required>false</required><EffortAttribute z:Ref="i319"/><LowerAttribute z:Ref="i317"/><UpperAttribute z:Ref="i318"/><VelocityAttribute z:Ref="i320"/></URDFElement><URDFElement z:Id="i321" i:type="Calibration"><Attributes><Attribute z:Id="i322"><AttributeType>rising</AttributeType><IsRequired>false</IsRequired><Value i:nil="true"/></Attribute><Attribute z:Id="i323"><AttributeType>falling</AttributeType><IsRequired>false</IsRequired><Value i:nil="true"/></Attribute></Attributes><ChildElements/><ElementName>calibration</ElementName><required>false</required><FallingAttribute z:Ref="i323"/><RisingAttribute z:Ref="i322"/></URDFElement><URDFElement z:Id="i324" i:type="Dynamics"><Attributes><Attribute z:Id="i325"><AttributeType>damping</AttributeType><IsRequired>false</IsRequired><Value i:nil="true"/></Attribute><Attribute z:Id="i326"><AttributeType>friction</AttributeType><IsRequired>false</IsRequired><Value i:nil="true"/></Attribute></Attributes><ChildElements/><ElementName>dynamics</ElementName><required>false</required><DampingAttribute z:Ref="i325"/><FrictionAttribute z:Ref="i326"/></URDFElement><URDFElement z:Id="i327" i:type="SafetyController"><Attributes><Attribute z:Id="i328"><AttributeType>soft_upper_limit</AttributeType><IsRequired>false</IsRequired><Value i:nil="true"/></Attribute><Attribute z:Id="i329"><AttributeType>soft_lower_limit</AttributeType><IsRequired>false</IsRequired><Value i:nil="true"/></Attribute><Attribute z:Id="i330"><AttributeType>k_position</AttributeType><IsRequired>false</IsRequired><Value i:nil="true"/></Attribute><Attribute z:Id="i331"><AttributeType>k_velocity</AttributeType><IsRequired>true</IsRequired><Value i:nil="true"/></Attribute></Attributes><ChildElements/><ElementName>safety_controller</ElementName><required>false</required><KPositionAttribute z:Ref="i330"/><KVelocityAttribute z:Ref="i331"/><SoftLowerAttribute z:Ref="i329"/><SoftUpperAttribute z:Ref="i328"/></URDFElement><URDFElement z:Id="i332" i:type="Mimic"><Attributes><Attribute z:Id="i333"><AttributeType>joint</AttributeType><IsRequired>true</IsRequired><Value i:nil="true"/></Attribute><Attribute z:Id="i334"><AttributeType>multiplier</AttributeType><IsRequired>false</IsRequired><Value i:nil="true"/></Attribute><Attribute z:Id="i335"><AttributeType>offset</AttributeType><IsRequired>false</IsRequired><Value i:nil="true"/></Attribute></Attributes><ChildElements/><ElementName>mimic</ElementName><required>false</required><JointNameAttribute z:Ref="i333"/><MultiplierAttribute z:Ref="i334"/><OffsetAttribute z:Ref="i335"/></URDFElement></ChildElements><ElementName>joint</ElementName><required>false</required><Axis z:Ref="i314"/><AxisName>Axis3</AxisName><Calibration z:Ref="i321"/><Child z:Ref="i312"/><CoordinateSystemName>Coordinate System7</CoordinateSystemName><Dynamics z:Ref="i324"/><Limit z:Ref="i316"/><Mimic z:Ref="i332"/><NameAttribute z:Ref="i305"/><Origin z:Ref="i307"/><Parent z:Ref="i310"/><Safety z:Ref="i327"/><TypeAttribute z:Ref="i306"/></URDFElement></ChildElements><ElementName>link</ElementName><required>true</required><Children/><Collision z:Ref="i297"/><Inertial z:Ref="i271"/><Joint z:Ref="i304"/><NameAttribute z:Ref="i270"/><Parent z:Ref="i1"/><STLQualityFine>false</STLQualityFine><SWComponentPIDs xmlns:a="http://schemas.microsoft.com/2003/10/Serialization/Arrays"><a:base64Binary>aEIAAAUAAAD//v8gbQBvAHQAbwByAGUAZABpAHQALQAzAEAAcgBvAGIAbwBWADMAKAB1AHIAZABmAF8AYwBoAGEAbgBnAGUAZAApAAQAAAAQAAAAAQAAAAEAAADKAgAA</a:base64Binary></SWComponentPIDs><SWMainComponentPID i:nil="true"/><Visual z:Ref="i284"/><isFixedFrame>false</isFixedFrame><isIncomplete>false</isIncomplete></Link><Link z:Id="i336"><Attributes><Attribute z:Id="i337"><AttributeType>name</AttributeType><IsRequired>true</IsRequired><Value i:type="a:string" xmlns:a="http://www.w3.org/2001/XMLSchema">camera_link</Value></Attribute></Attributes><ChildElements><URDFElement z:Id="i338" i:type="Inertial"><Attributes/><ChildElements><URDFElement z:Id="i339" i:type="Origin"><Attributes><Attribute z:Id="i340"><AttributeType>xyz</AttributeType><IsRequired>true</IsRequired><Value i:type="a:ArrayOfdouble" xmlns:a="http://schemas.microsoft.com/2003/10/Serialization/Arrays"><a:double>-0.028697404385694125</a:double><a:double>-0.0031532314154304464</a:double><a:double>-0.0069642717036180191</a:double></Value></Attribute><Attribute z:Id="i341"><AttributeType>rpy</AttributeType><IsRequired>true</IsRequired><Value i:type="a:ArrayOfdouble" xmlns:a="http://schemas.microsoft.com/2003/10/Serialization/Arrays"><a:double>0</a:double><a:double>0</a:double><a:double>0</a:double></Value></Attribute></Attributes><ChildElements/><ElementName>origin</ElementName><required>false</required><RPYAttribute z:Ref="i341"/><XYZAttribute z:Ref="i340"/><isCustomized>false</isCustomized></URDFElement><URDFElement z:Id="i342" i:type="Mass"><Attributes><Attribute z:Id="i343"><AttributeType>value</AttributeType><IsRequired>true</IsRequired><Value i:type="a:double" xmlns:a="http://www.w3.org/2001/XMLSchema">0.64645488472217061</Value></Attribute></Attributes><ChildElements/><ElementName>mass</ElementName><required>false</required><ValueAttribute z:Ref="i343"/></URDFElement><URDFElement z:Id="i344" i:type="Inertia"><Attributes><Attribute z:Id="i345"><AttributeType>ixx</AttributeType><IsRequired>true</IsRequired><Value i:type="a:double" xmlns:a="http://www.w3.org/2001/XMLSchema">0.0028423827313704009</Value></Attribute><Attribute z:Id="i346"><AttributeType>ixy</AttributeType><IsRequired>true</IsRequired><Value i:type="a:double" xmlns:a="http://www.w3.org/2001/XMLSchema">1.8727304572263625E-05</Value></Attribute><Attribute z:Id="i347"><AttributeType>ixz</AttributeType><IsRequired>true</IsRequired><Value i:type="a:double" xmlns:a="http://www.w3.org/2001/XMLSchema">1.4807509093609594E-07</Value></Attribute><Attribute z:Id="i348"><AttributeType>iyy</AttributeType><IsRequired>true</IsRequired><Value i:type="a:double" xmlns:a="http://www.w3.org/2001/XMLSchema">0.00026375863424418577</Value></Attribute><Attribute z:Id="i349"><AttributeType>iyz</AttributeType><IsRequired>true</IsRequired><Value i:type="a:double" xmlns:a="http://www.w3.org/2001/XMLSchema">-3.33736128214466E-08</Value></Attribute><Attribute z:Id="i350"><AttributeType>izz</AttributeType><IsRequired>true</IsRequired><Value i:type="a:double" xmlns:a="http://www.w3.org/2001/XMLSchema">0.0029627405896730757</Value></Attribute></Attributes><ChildElements/><ElementName>inertia</ElementName><required>false</required><IxxAttribute z:Ref="i345"/><IxyAttribute z:Ref="i346"/><IxzAttribute z:Ref="i347"/><IyyAttribute z:Ref="i348"/><IyzAttribute z:Ref="i349"/><IzzAttribute z:Ref="i350"/></URDFElement></ChildElements><ElementName>inertial</ElementName><required>false</required><Inertia z:Ref="i344"/><Mass z:Ref="i342"/><Origin z:Ref="i339"/></URDFElement><URDFElement z:Id="i351" i:type="Visual"><Attributes/><ChildElements><URDFElement z:Id="i352" i:type="Origin"><Attributes><Attribute z:Id="i353"><AttributeType>xyz</AttributeType><IsRequired>true</IsRequired><Value i:type="a:ArrayOfdouble" xmlns:a="http://schemas.microsoft.com/2003/10/Serialization/Arrays"><a:double>0</a:double><a:double>0</a:double><a:double>0</a:double></Value></Attribute><Attribute z:Id="i354"><AttributeType>rpy</AttributeType><IsRequired>true</IsRequired><Value i:type="a:ArrayOfdouble" xmlns:a="http://schemas.microsoft.com/2003/10/Serialization/Arrays"><a:double>0</a:double><a:double>0</a:double><a:double>0</a:double></Value></Attribute></Attributes><ChildElements/><ElementName>origin</ElementName><required>false</required><RPYAttribute z:Ref="i354"/><XYZAttribute z:Ref="i353"/><isCustomized>false</isCustomized></URDFElement><URDFElement z:Id="i355" i:type="Geometry"><Attributes/><ChildElements><URDFElement z:Id="i356" i:type="Mesh"><Attributes><Attribute z:Id="i357"><AttributeType>filename</AttributeType><IsRequired>true</IsRequired><Value i:nil="true"/></Attribute></Attributes><ChildElements/><ElementName>mesh</ElementName><required>false</required><FilenameAttribute z:Ref="i357"/></URDFElement></ChildElements><ElementName>geometry</ElementName><required>true</required><Mesh z:Ref="i356"/></URDFElement><URDFElement z:Id="i358" i:type="Material"><Attributes><Attribute z:Id="i359"><AttributeType>name</AttributeType><IsRequired>true</IsRequired><Value i:type="a:string" xmlns:a="http://www.w3.org/2001/XMLSchema"/></Attribute></Attributes><ChildElements><URDFElement z:Id="i360" i:type="Color"><Attributes><Attribute z:Id="i361"><AttributeType>rgba</AttributeType><IsRequired>true</IsRequired><Value i:type="a:ArrayOfdouble" xmlns:a="http://schemas.microsoft.com/2003/10/Serialization/Arrays"><a:double>0.75294117647058822</a:double><a:double>0.75294117647058822</a:double><a:double>0.75294117647058822</a:double><a:double>1</a:double></Value></Attribute></Attributes><ChildElements/><ElementName>color</ElementName><required>false</required><RGBAAttribute z:Ref="i361"/></URDFElement><URDFElement z:Id="i362" i:type="Texture"><Attributes><Attribute z:Id="i363"><AttributeType>filename</AttributeType><IsRequired>true</IsRequired><Value i:nil="true"/></Attribute></Attributes><ChildElements/><ElementName>texture</ElementName><required>false</required><FilenameAttribute z:Ref="i363"/><wFilename/></URDFElement></ChildElements><ElementName>material</ElementName><required>false</required><Color z:Ref="i360"/><NameAttribute z:Ref="i359"/><Texture z:Ref="i362"/></URDFElement></ChildElements><ElementName>visual</ElementName><required>false</required><Geometry z:Ref="i355"/><Material z:Ref="i358"/><Origin z:Ref="i352"/></URDFElement><URDFElement z:Id="i364" i:type="Collision"><Attributes/><ChildElements><URDFElement z:Id="i365" i:type="Origin"><Attributes><Attribute z:Id="i366"><AttributeType>xyz</AttributeType><IsRequired>true</IsRequired><Value i:type="a:ArrayOfdouble" xmlns:a="http://schemas.microsoft.com/2003/10/Serialization/Arrays"><a:double>0</a:double><a:double>0</a:double><a:double>0</a:double></Value></Attribute><Attribute z:Id="i367"><AttributeType>rpy</AttributeType><IsRequired>true</IsRequired><Value i:type="a:ArrayOfdouble" xmlns:a="http://schemas.microsoft.com/2003/10/Serialization/Arrays"><a:double>0</a:double><a:double>0</a:double><a:double>0</a:double></Value></Attribute></Attributes><ChildElements/><ElementName>origin</ElementName><required>false</required><RPYAttribute z:Ref="i367"/><XYZAttribute z:Ref="i366"/><isCustomized>false</isCustomized></URDFElement><URDFElement z:Id="i368" i:type="Geometry"><Attributes/><ChildElements><URDFElement z:Id="i369" i:type="Mesh"><Attributes><Attribute z:Id="i370"><AttributeType>filename</AttributeType><IsRequired>true</IsRequired><Value i:nil="true"/></Attribute></Attributes><ChildElements/><ElementName>mesh</ElementName><required>false</required><FilenameAttribute z:Ref="i370"/></URDFElement></ChildElements><ElementName>geometry</ElementName><required>true</required><Mesh z:Ref="i369"/></URDFElement></ChildElements><ElementName>collision</ElementName><required>false</required><Geometry z:Ref="i368"/><Origin z:Ref="i365"/></URDFElement><URDFElement z:Id="i371" i:type="Joint"><Attributes><Attribute z:Id="i372"><AttributeType>name</AttributeType><IsRequired>true</IsRequired><Value i:type="a:string" xmlns:a="http://www.w3.org/2001/XMLSchema">cam</Value></Attribute><Attribute z:Id="i373"><AttributeType>type</AttributeType><IsRequired>true</IsRequired><Value i:type="a:string" xmlns:a="http://www.w3.org/2001/XMLSchema">fixed</Value></Attribute></Attributes><ChildElements><URDFElement z:Id="i374" i:type="Origin"><Attributes><Attribute z:Id="i375"><AttributeType>xyz</AttributeType><IsRequired>true</IsRequired><Value i:type="a:ArrayOfdouble" xmlns:a="http://schemas.microsoft.com/2003/10/Serialization/Arrays"><a:double>0.26495227055491077</a:double><a:double>0.0053582123173611662</a:double><a:double>0.28442516461510226</a:double></Value></Attribute><Attribute z:Id="i376"><AttributeType>rpy</AttributeType><IsRequired>true</IsRequired><Value i:type="a:ArrayOfdouble" xmlns:a="http://schemas.microsoft.com/2003/10/Serialization/Arrays"><a:double>0</a:double><a:double>0</a:double><a:double>0</a:double></Value></Attribute></Attributes><ChildElements/><ElementName>origin</ElementName><required>false</required><RPYAttribute z:Ref="i376"/><XYZAttribute z:Ref="i375"/><isCustomized>false</isCustomized></URDFElement><URDFElement z:Id="i377" i:type="ParentLink"><Attributes><Attribute z:Id="i378"><AttributeType>link</AttributeType><IsRequired>true</IsRequired><Value i:type="a:string" xmlns:a="http://www.w3.org/2001/XMLSchema">base_link</Value></Attribute></Attributes><ChildElements/><ElementName>parent</ElementName><required>true</required><NameAttribute z:Ref="i378"/></URDFElement><URDFElement z:Id="i379" i:type="ChildLink"><Attributes><Attribute z:Id="i380"><AttributeType>link</AttributeType><IsRequired>true</IsRequired><Value i:type="a:string" xmlns:a="http://www.w3.org/2001/XMLSchema">camera_link</Value></Attribute></Attributes><ChildElements/><ElementName>child</ElementName><required>true</required><NameAttribute z:Ref="i380"/></URDFElement><URDFElement z:Id="i381" i:type="Axis"><Attributes><Attribute z:Id="i382"><AttributeType>xyz</AttributeType><IsRequired>true</IsRequired><Value i:type="a:ArrayOfdouble" xmlns:a="http://schemas.microsoft.com/2003/10/Serialization/Arrays"><a:double>0</a:double><a:double>0</a:double><a:double>0</a:double></Value></Attribute></Attributes><ChildElements/><ElementName>axis</ElementName><required>false</required><XYZAttribute z:Ref="i382"/></URDFElement><URDFElement z:Id="i383" i:type="Limit"><Attributes><Attribute z:Id="i384"><AttributeType>lower</AttributeType><IsRequired>false</IsRequired><Value i:nil="true"/></Attribute><Attribute z:Id="i385"><AttributeType>upper</AttributeType><IsRequired>false</IsRequired><Value i:nil="true"/></Attribute><Attribute z:Id="i386"><AttributeType>effort</AttributeType><IsRequired>true</IsRequired><Value i:nil="true"/></Attribute><Attribute z:Id="i387"><AttributeType>velocity</AttributeType><IsRequired>true</IsRequired><Value i:nil="true"/></Attribute></Attributes><ChildElements/><ElementName>limit</ElementName><required>false</required><EffortAttribute z:Ref="i386"/><LowerAttribute z:Ref="i384"/><UpperAttribute z:Ref="i385"/><VelocityAttribute z:Ref="i387"/></URDFElement><URDFElement z:Id="i388" i:type="Calibration"><Attributes><Attribute z:Id="i389"><AttributeType>rising</AttributeType><IsRequired>false</IsRequired><Value i:nil="true"/></Attribute><Attribute z:Id="i390"><AttributeType>falling</AttributeType><IsRequired>false</IsRequired><Value i:nil="true"/></Attribute></Attributes><ChildElements/><ElementName>calibration</ElementName><required>false</required><FallingAttribute z:Ref="i390"/><RisingAttribute z:Ref="i389"/></URDFElement><URDFElement z:Id="i391" i:type="Dynamics"><Attributes><Attribute z:Id="i392"><AttributeType>damping</AttributeType><IsRequired>false</IsRequired><Value i:nil="true"/></Attribute><Attribute z:Id="i393"><AttributeType>friction</AttributeType><IsRequired>false</IsRequired><Value i:nil="true"/></Attribute></Attributes><ChildElements/><ElementName>dynamics</ElementName><required>false</required><DampingAttribute z:Ref="i392"/><FrictionAttribute z:Ref="i393"/></URDFElement><URDFElement z:Id="i394" i:type="SafetyController"><Attributes><Attribute z:Id="i395"><AttributeType>soft_upper_limit</AttributeType><IsRequired>false</IsRequired><Value i:nil="true"/></Attribute><Attribute z:Id="i396"><AttributeType>soft_lower_limit</AttributeType><IsRequired>false</IsRequired><Value i:nil="true"/></Attribute><Attribute z:Id="i397"><AttributeType>k_position</AttributeType><IsRequired>false</IsRequired><Value i:nil="true"/></Attribute><Attribute z:Id="i398"><AttributeType>k_velocity</AttributeType><IsRequired>true</IsRequired><Value i:nil="true"/></Attribute></Attributes><ChildElements/><ElementName>safety_controller</ElementName><required>false</required><KPositionAttribute z:Ref="i397"/><KVelocityAttribute z:Ref="i398"/><SoftLowerAttribute z:Ref="i396"/><SoftUpperAttribute z:Ref="i395"/></URDFElement><URDFElement z:Id="i399" i:type="Mimic"><Attributes><Attribute z:Id="i400"><AttributeType>joint</AttributeType><IsRequired>true</IsRequired><Value i:nil="true"/></Attribute><Attribute z:Id="i401"><AttributeType>multiplier</AttributeType><IsRequired>false</IsRequired><Value i:nil="true"/></Attribute><Attribute z:Id="i402"><AttributeType>offset</AttributeType><IsRequired>false</IsRequired><Value i:nil="true"/></Attribute></Attributes><ChildElements/><ElementName>mimic</ElementName><required>false</required><JointNameAttribute z:Ref="i400"/><MultiplierAttribute z:Ref="i401"/><OffsetAttribute z:Ref="i402"/></URDFElement></ChildElements><ElementName>joint</ElementName><required>false</required><Axis z:Ref="i381"/><AxisName>Axis_cam</AxisName><Calibration z:Ref="i388"/><Child z:Ref="i379"/><CoordinateSystemName>Coordinate System8</CoordinateSystemName><Dynamics z:Ref="i391"/><Limit z:Ref="i383"/><Mimic z:Ref="i399"/><NameAttribute z:Ref="i372"/><Origin z:Ref="i374"/><Parent z:Ref="i377"/><Safety z:Ref="i394"/><TypeAttribute z:Ref="i373"/></URDFElement></ChildElements><ElementName>link</ElementName><required>true</required><Children/><Collision z:Ref="i364"/><Inertial z:Ref="i338"/><Joint z:Ref="i371"/><NameAttribute z:Ref="i337"/><Parent z:Ref="i1"/><STLQualityFine>false</STLQualityFine><SWComponentPIDs xmlns:a="http://schemas.microsoft.com/2003/10/Serialization/Arrays"><a:base64Binary>aEIAAAUAAAD//v8jZgBpAG4AYQBsACAAawBpAG4AZQBjAHQALQAxAEAAcgBvAGIAbwBWADMAKAB1AHIAZABmAF8AYwBoAGEAbgBnAGUAZAApAAQAAAAQAAAAAQAAAAEAAADeBwAA</a:base64Binary></SWComponentPIDs><SWMainComponentPID i:nil="true"/><Visual z:Ref="i351"/><isFixedFrame>false</isFixedFrame><isIncomplete>false</isIncomplete></Link></Children><Collision z:Ref="i29"/><Inertial z:Ref="i3"/><Joint z:Ref="i36"/><NameAttribute z:Ref="i2"/><Parent i:nil="true"/><STLQualityFine>false</STLQualityFine><SWComponentPIDs xmlns:a="http://schemas.microsoft.com/2003/10/Serialization/Arrays"><a:base64Binary>aEIAAAUAAAD//v8mYwB1AG0AXwBiAGEAbgBoAF8AeABlAF8AbABvAG4ALQAzAEAAcgBvAGIAbwBWADMAKAB1AHIAZABmAF8AYwBoAGEAbgBnAGUAZAApAAQAAAAQAAAAAQAAAAEAAACMAQAA</a:base64Binary><a:base64Binary>aEIAAAUAAAD//v8bMgAwAG0AbQAtADIAQAByAG8AYgBvAFYAMwAoAHUAcgBkAGYAXwBjAGgAYQBuAGcAZQBkACkABAAAABAAAAABAAAAAQAAACkCAAA=</a:base64Binary><a:base64Binary>aEIAAAUAAAD//v8bMgAwAG0AbQAtADgAQAByAG8AYgBvAFYAMwAoAHUAcgBkAGYAXwBjAGgAYQBuAGcAZQBkACkABAAAABAAAAABAAAAAQAAAC8CAAA=</a:base64Binary><a:base64Binary>aEIAAAUAAAD//v8gbQBvAHQAbwByAEEAeABpAHMALQAxAEAAcgBvAGIAbwBWADMAKAB1AHIAZABmAF8AYwBoAGEAbgBnAGUAZAApAAQAAAAQAAAAAQAAAAEAAACrAgAA</a:base64Binary><a:base64Binary>aEIAAAUAAAD//v8jbABpAGQAYQByAF8AcAB1AHMAaAB1AHAALQAxAEAAcgBvAGIAbwBWADMAKAB1AHIAZABmAF8AYwBoAGEAbgBnAGUAZAApAAQAAAAQAAAAAQAAAAEAAACHBAAA</a:base64Binary><a:base64Binary>aEIAAAUAAAD//v8ncwB0AGEAbgBkAG8AZgBmAF8ATQAyAF8AMgAwAG0AbQAtADEAQAByAG8AYgBvAFYAMwAoAHUAcgBkAGYAXwBjAGgAYQBuAGcAZQBkACkABAAAABAAAAABAAAAAQAAAMkEAAA=</a:base64Binary><a:base64Binary>aEIAAAUAAAD//v8ncwB0AGEAbgBkAG8AZgBmAF8ATQAyAF8AMgAwAG0AbQAtADMAQAByAG8AYgBvAFYAMwAoAHUAcgBkAGYAXwBjAGgAYQBuAGcAZQBkACkABAAAABAAAAABAAAAAQAAANAEAAA=</a:base64Binary><a:base64Binary>aEIAAAUAAAD//v8ncwB0AGEAbgBkAG8AZgBmAF8ATQAyAF8AMgAwAG0AbQAtADQAQAByAG8AYgBvAFYAMwAoAHUAcgBkAGYAXwBjAGgAYQBuAGcAZQBkACkABAAAABAAAAABAAAAAQAAANYEAAA=</a:base64Binary><a:base64Binary>aEIAAAUAAAD//v8ncwB0AGEAbgBkAG8AZgBmAF8ATQAyAF8AMgAwAG0AbQAtADUAQAByAG8AYgBvAFYAMwAoAHUAcgBkAGYAXwBjAGgAYQBuAGcAZQBkACkABAAAABAAAAABAAAAAQAAANkEAAA=</a:base64Binary><a:base64Binary>aEIAAAUAAAD//v8eYgBhAHQAdABlAHIAeQAtADEAQAByAG8AYgBvAFYAMwAoAHUAcgBkAGYAXwBjAGgAYQBuAGcAZQBkACkABAAAABAAAAABAAAAAQAAANwEAAA=</a:base64Binary><a:base64Binary>aEIAAAUAAAD//v8oaABvAHYAZQByAGIAbwBhAHIAZABfAGQAcgBpAHYAZQByAC0AMQBAAHIAbwBiAG8AVgAzACgAdQByAGQAZgBfAGMAaABhAG4AZwBlAGQAKQAEAAAAEAAAAAEAAAABAAAA3QQAAA==</a:base64Binary><a:base64Binary>aEIAAAUAAAD//v8oYwB1AG0AXwByAGUAbABhAHkAXwBtAHkANABuAF8ANABwAC0AMQBAAHIAbwBiAG8AVgAzACgAdQByAGQAZgBfAGMAaABhAG4AZwBlAGQAKQAEAAAAEAAAAAEAAAABAAAA4QQAAA==</a:base64Binary><a:base64Binary>aEIAAAUAAAD//v8jbABpAGQAYQByAF8AcAB1AHMAaAB1AHAALQAzAEAAcgBvAGIAbwBWADMAKAB1AHIAZABmAF8AYwBoAGEAbgBnAGUAZAApAAQAAAAQAAAAAQAAAAEAAAATBQAA</a:base64Binary><a:base64Binary>aEIAAAUAAAD//v8oMwA2AHYAXwAxADIAdgBfAGMAbwBuAHYAZQByAHQAZQByAC0AMQBAAHIAbwBiAG8AVgAzACgAdQByAGQAZgBfAGMAaABhAG4AZwBlAGQAKQAEAAAAEAAAAAEAAAABAAAAIAUAAA==</a:base64Binary><a:base64Binary>aEIAAAUAAAD//v8jcgBlAG0AbwB0AGUAXwByAGUAbABhAHkALQAxAEAAcgBvAGIAbwBWADMAKAB1AHIAZABmAF8AYwBoAGEAbgBnAGUAZAApAAQAAAAQAAAAAQAAAAEAAAAxBQAA</a:base64Binary><a:base64Binary>aEIAAAUAAAD//v8lYQBsAHUAbQBpAG4AaQB1AG0AXwBiAGEAcwBlAC0AMQBAAHIAbwBiAG8AVgAzACgAdQByAGQAZgBfAGMAaABhAG4AZwBlAGQAKQAEAAAAEAAAAAEAAAABAAAANQUAAA==</a:base64Binary><a:base64Binary>aEIAAAUAAAD//v8icABpAF8AaABhAG4AZwBfAGkAbQB1AC0AMQBAAHIAbwBiAG8AVgAzACgAdQByAGQAZgBfAGMAaABhAG4AZwBlAGQAKQAEAAAAEAAAAAEAAAABAAAAWwUAAA==</a:base64Binary><a:base64Binary>aEIAAAUAAAD//v8jVwBFAEkARABVACAAVABCADIANQBYAFgALQAxAEAAcgBvAGIAbwBWADMAKAB1AHIAZABmAF8AYwBoAGEAbgBnAGUAZAApAAQAAAAQAAAAAQAAAAEAAAB4BQAA</a:base64Binary><a:base64Binary>aEIAAAUAAAD//v8rHwRABD4ERAQ4BDsETAQgAFYALQBzAGwAbwB0ACAAMgAwAHgANAAwAC0AMQBAAHIAbwBiAG8AVgAzACgAdQByAGQAZgBfAGMAaABhAG4AZwBlAGQAKQAEAAAAEAAAAAEAAAABAAAAfgUAAA==</a:base64Binary><a:base64Binary>aEIAAAUAAAD//v8rHwRABD4ERAQ4BDsETAQgAFYALQBzAGwAbwB0ACAAMgAwAHgANAAwAC0AMwBAAHIAbwBiAG8AVgAzACgAdQByAGQAZgBfAGMAaABhAG4AZwBlAGQAKQAEAAAAEAAAAAEAAAABAAAAgAUAAA==</a:base64Binary><a:base64Binary>aEIAAAUAAAD//v88MgAwAHgAMgAwAF8AYQBsAHUAbQBpAG4AdQBtAF8AZQB4AHQAcgB1AHMAaQBvAG4AXwBwAHIAbwBmAGkAbABlACAAMgA2AGMAbQAtADEAQAByAG8AYgBvAFYAMwAoAHUAcgBkAGYAXwBjAGgAYQBuAGcAZQBkACkABAAAABAAAAABAAAAAQAAAJkFAAA=</a:base64Binary><a:base64Binary>aEIAAAUAAAD//v8cMgAwAG0AbQAtADEAMABAAHIAbwBiAG8AVgAzACgAdQByAGQAZgBfAGMAaABhAG4AZwBlAGQAKQAEAAAAEAAAAAEAAAABAAAAygUAAA==</a:base64Binary><a:base64Binary>aEIAAAUAAAD//v8mYwB1AG0AXwBiAGEAbgBoAF8AeABlAF8AbABvAG4ALQA1AEAAcgBvAGIAbwBWADMAKAB1AHIAZABmAF8AYwBoAGEAbgBnAGUAZAApAAQAAAAQAAAAAQAAAAEAAADLBQAA</a:base64Binary><a:base64Binary>aEIAAAUAAAD//v8gbQBvAHQAbwByAEEAeABpAHMALQA0AEAAcgBvAGIAbwBWADMAKAB1AHIAZABmAF8AYwBoAGEAbgBnAGUAZAApAAQAAAAQAAAAAQAAAAEAAADMBQAA</a:base64Binary><a:base64Binary>aEIAAAUAAAD//v8cMgAwAG0AbQAtADEAMQBAAHIAbwBiAG8AVgAzACgAdQByAGQAZgBfAGMAaABhAG4AZwBlAGQAKQAEAAAAEAAAAAEAAAABAAAAzQUAAA==</a:base64Binary><a:base64Binary>aEIAAAUAAAD//v8sYwB1AG0AXwBkAGEAaAB1AG8AbgBnAF8AdAByAHUAbwBjAF8AcwBhAHUALQA1AEAAcgBvAGIAbwBWADMAKAB1AHIAZABmAF8AYwBoAGEAbgBnAGUAZAApAAQAAAAQAAAAAQAAAAEAAAAZBgAA</a:base64Binary><a:base64Binary>aEIAAAUAAAD//v8sYwB1AG0AXwBkAGEAaAB1AG8AbgBnAF8AdAByAHUAbwBjAF8AcwBhAHUALQA2AEAAcgBvAGIAbwBWADMAKAB1AHIAZABmAF8AYwBoAGEAbgBnAGUAZAApAAQAAAAQAAAAAQAAAAEAAAAgBgAA</a:base64Binary><a:base64Binary>aEIAAAUAAAD//v8kZgB1AGwAbABfAGMAbwB2AGUAcgBfAHYAMgAtADEAQAByAG8AYgBvAFYAMwAoAHUAcgBkAGYAXwBjAGgAYQBuAGcAZQBkACkABAAAABAAAAABAAAAAQAAAFwGAAA=</a:base64Binary><a:base64Binary>aEIAAAUAAAD//v8pYwBvAHYAZQByAF8AagBvAGkAbgB0AF8AdgAzAC4AMQAuADIALQAxAEAAcgBvAGIAbwBWADMAKAB1AHIAZABmAF8AYwBoAGEAbgBnAGUAZAApAAQAAAAQAAAAAQAAAAEAAACjBgAA</a:base64Binary><a:base64Binary>aEIAAAUAAAD//v8ZagAxAC0AMQBAAHIAbwBiAG8AVgAzACgAdQByAGQAZgBfAGMAaABhAG4AZwBlAGQAKQAEAAAAEAAAAAEAAAABAAAArAYAAA==</a:base64Binary><a:base64Binary>aEIAAAUAAAD//v8ZagAxAC0AMgBAAHIAbwBiAG8AVgAzACgAdQByAGQAZgBfAGMAaABhAG4AZwBlAGQAKQAEAAAAEAAAAAEAAAABAAAArQYAAA==</a:base64Binary><a:base64Binary>aEIAAAUAAAD//v8ebQBhAHQAeABlAG8AMQAtADEAQAByAG8AYgBvAFYAMwAoAHUAcgBkAGYAXwBjAGgAYQBuAGcAZQBkACkABAAAABAAAAABAAAAAQAAAL0GAAA=</a:base64Binary><a:base64Binary>aEIAAAUAAAD//v8tQQByAGMAYQBkAGUAIABQAHUAcwBoACAAYgB1AHQAdABvAG4AIABhAHMAbQAtADIAQAByAG8AYgBvAFYAMwAoAHUAcgBkAGYAXwBjAGgAYQBuAGcAZQBkACkABAAAABAAAAABAAAAAQAAAM8GAAA=</a:base64Binary><a:base64Binary>aEIAAAUAAAD//v86UwB0AG8AcAAgAFMAdwBpAHQAYwBoACAAUAB1AHMAaAAgAEIAdQB0AHQAbwBuACAATABBAFkAMwA3ACAAKABQAEIAQwApAC0AMwBAAHIAbwBiAG8AVgAzACgAdQByAGQAZgBfAGMAaABhAG4AZwBlAGQAKQAEAAAAEAAAAAEAAAABAAAA9wYAAA==</a:base64Binary><a:base64Binary>aEIAAAUAAAD//v8sYwBvAHYAZQByAF8AdQBwAF8AdgAyAF8AbABpAG4AaABfAG0AaQBjAGEALQAxAEAAcgBvAGIAbwBWADMAKAB1AHIAZABmAF8AYwBoAGEAbgBnAGUAZAApAAQAAAAQAAAAAQAAAAEAAADZBwAA</a:base64Binary><a:base64Binary>aEIAAAUAAAD//v8eYQBsAGkAYgBhAGIAYQAtADEAQAByAG8AYgBvAFYAMwAoAHUAcgBkAGYAXwBjAGgAYQBuAGcAZQBkACkABAAAABAAAAABAAAAAQAAADYIAAA=</a:base64Binary><a:base64Binary>aEIAAAUAAAD//v8aYwBoAGUALQAxAEAAcgBvAGIAbwBWADMAKAB1AHIAZABmAF8AYwBoAGEAbgBnAGUAZAApAAQAAAAQAAAAAQAAAAEAAAA8CAAA</a:base64Binary><a:base64Binary>aEIAAAUAAAD//v8aYwBoAGUALQAyAEAAcgBvAGIAbwBWADMAKAB1AHIAZABmAF8AYwBoAGEAbgBnAGUAZAApAAQAAAAQAAAAAQAAAAEAAABQCAAA</a:base64Binary><a:base64Binary>aEIAAAUAAAD//v8aYwBoAGUALQAzAEAAcgBvAGIAbwBWADMAKAB1AHIAZABmAF8AYwBoAGEAbgBnAGUAZAApAAQAAAAQAAAAAQAAAAEAAABZCAAA</a:base64Binary><a:base64Binary>aEIAAAUAAAD//v8aYwBoAGUALQA0AEAAcgBvAGIAbwBWADMAKAB1AHIAZABmAF8AYwBoAGEAbgBnAGUAZAApAAQAAAAQAAAAAQAAAAEAAABhCAAA</a:base64Binary><a:base64Binary>aEIAAAUAAAD//v8aYwBoAGUALQA1AEAAcgBvAGIAbwBWADMAKAB1AHIAZABmAF8AYwBoAGEAbgBnAGUAZAApAAQAAAAQAAAAAQAAAAEAAABpCAAA</a:base64Binary><a:base64Binary>aEIAAAUAAAD//v8aYwBoAGUALQA2AEAAcgBvAGIAbwBWADMAKAB1AHIAZABmAF8AYwBoAGEAbgBnAGUAZAApAAQAAAAQAAAAAQAAAAEAAABxCAAA</a:base64Binary><a:base64Binary>aEIAAAUAAAD//v8lZwBhAF8AbQBpAG4AaQBwAGMAXwBjAG8AbQBwAC0AMQBAAHIAbwBiAG8AVgAzACgAdQByAGQAZgBfAGMAaABhAG4AZwBlAGQAKQAEAAAAEAAAAAEAAAABAAAAxggAAA==</a:base64Binary><a:base64Binary>aEIAAAUAAAD//v8jZwBhAF8AbQBpAG4AaQBwAGMAXwB2ADIALQAyAEAAcgBvAGIAbwBWADMAKAB1AHIAZABmAF8AYwBoAGEAbgBnAGUAZAApAAQAAAAQAAAAAQAAAAEAAACxCAAA</a:base64Binary><a:base64Binary>aEIAAAUAAAD//v8jZwBhAF8AbQBpAG4AaQBwAGMAXwB2ADIALQAxAEAAcgBvAGIAbwBWADMAKAB1AHIAZABmAF8AYwBoAGEAbgBnAGUAZAApAAQAAAAQAAAAAQAAAAEAAACwCAAA</a:base64Binary><a:base64Binary>aEIAAAUAAAD//v8eaABvAHAAXwBwAGkAbgAtADEAQAByAG8AYgBvAFYAMwAoAHUAcgBkAGYAXwBjAGgAYQBuAGcAZQBkACkABAAAABAAAAABAAAAAQAAAN8IAAA=</a:base64Binary><a:base64Binary>aEIAAAUAAAD//v8fbgBhAG4AZwBfAGMAYQBtAC0AMQBAAHIAbwBiAG8AVgAzACgAdQByAGQAZgBfAGMAaABhAG4AZwBlAGQAKQAEAAAAEAAAAAEAAAABAAAA6ggAAA==</a:base64Binary><a:base64Binary>aEIAAAUAAAD//v81ZwBhAF8AYwBvAG0ALQAxAEAAcgBvAGIAbwBWADMAKAB1AHIAZABmAF8AYwBoAGEAbgBnAGUAZAApAC8AMgAwAHgAMgAwAF8AYQBsAHUAXwBkAG8AYwAxAC0AMgBAAGcAYQBfAGMAbwBtAAQAAAAQAAAAAQAAAAIAAAANCQAAGwAAAA==</a:base64Binary><a:base64Binary>aEIAAAUAAAD//v81ZwBhAF8AYwBvAG0ALQAxAEAAcgBvAGIAbwBWADMAKAB1AHIAZABmAF8AYwBoAGEAbgBnAGUAZAApAC8AMgAwAHgAMgAwAF8AYQBsAHUAXwBkAG8AYwAxAC0AMQBAAGcAYQBfAGMAbwBtAAQAAAAQAAAAAQAAAAIAAAANCQAAGgAAAA==</a:base64Binary><a:base64Binary>aEIAAAUAAAD//v83ZwBhAF8AYwBvAG0ALQAxAEAAcgBvAGIAbwBWADMAKAB1AHIAZABmAF8AYwBoAGEAbgBnAGUAZAApAC8AMgAwAHgAMgAwAF8AYQBsAHUAXwBuAGcAYQBuAGcAMQAtADEAQABnAGEAXwBjAG8AbQAEAAAAEAAAAAEAAAACAAAADQkAABkAAAA=</a:base64Binary><a:base64Binary>aEIAAAUAAAD//v8faABvAHAAXwBuAGEAbgBvAC0AMQBAAHIAbwBiAG8AVgAzACgAdQByAGQAZgBfAGMAaABhAG4AZwBlAGQAKQAEAAAAEAAAAAEAAAABAAAANAkAAA==</a:base64Binary><a:base64Binary>aEIAAAUAAAD//v8hawBlAGcAbwBjAF8AdABhAGIAMQAtADEAQAByAG8AYgBvAFYAMwAoAHUAcgBkAGYAXwBjAGgAYQBuAGcAZQBkACkABAAAABAAAAABAAAAAQAAAG4JAAA=</a:base64Binary><a:base64Binary>aEIAAAUAAAD//v8hawBlAGcAbwBjAF8AdABhAGIAMgAtADEAQAByAG8AYgBvAFYAMwAoAHUAcgBkAGYAXwBjAGgAYQBuAGcAZQBkACkABAAAABAAAAABAAAAAQAAAG8JAAA=</a:base64Binary><a:base64Binary>aEIAAAUAAAD//v8edAByAG8AZABvAG4AZwAtADEAQAByAG8AYgBvAFYAMwAoAHUAcgBkAGYAXwBjAGgAYQBuAGcAZQBkACkABAAAABAAAAABAAAAAQAAAHgJAAA=</a:base64Binary></SWComponentPIDs><SWMainComponentPID i:nil="true"/><Visual z:Ref="i16"/><isFixedFrame>false</isFixedFrame><isIncomplete>false</isIncomplete></Link>
2025-06-27 11:29:02,987 INFO  LinkNode.cs: 35 - Building node base_link
2025-06-27 11:29:02,987 INFO  LinkNode.cs: 35 - Building node lidar_link
2025-06-27 11:29:02,987 INFO  LinkNode.cs: 35 - Building node imu_link
2025-06-27 11:29:02,988 INFO  LinkNode.cs: 35 - Building node right_wheel_link
2025-06-27 11:29:02,988 INFO  LinkNode.cs: 35 - Building node left_wheel_link
2025-06-27 11:29:02,988 INFO  LinkNode.cs: 35 - Building node camera_link
2025-06-27 11:29:02,988 INFO  CommonSwOperations.cs: 221 - Loading SolidWorks components for base_link from D:\DA_Robot\hoc_solid\model_v5_packgo1\robotv2\roboV3(urdf_changed).SLDASM
2025-06-27 11:29:02,989 INFO  CommonSwOperations.cs: 245 - Loading component with PID hB     ???&c u m _ b a n h _ x e _ l o n - 3 @ r o b o V 3 ( u r d f _ c h a n g e d )             ?  
2025-06-27 11:29:02,989 INFO  CommonSwOperations.cs: 254 - Successfully loaded component D:\DA_Robot\hoc_solid\model_v5_packgo1\cum_banh_xe_lon.SLDASM
2025-06-27 11:29:02,989 INFO  CommonSwOperations.cs: 245 - Loading component with PID hB     ???2 0 m m - 2 @ r o b o V 3 ( u r d f _ c h a n g e d )             )  
2025-06-27 11:29:02,990 INFO  CommonSwOperations.cs: 254 - Successfully loaded component D:\DA_Robot\hoc_solid\model_v5_packgo1\20mm.SLDPRT
2025-06-27 11:29:02,990 INFO  CommonSwOperations.cs: 245 - Loading component with PID hB     ???2 0 m m - 8 @ r o b o V 3 ( u r d f _ c h a n g e d )             /  
2025-06-27 11:29:02,990 INFO  CommonSwOperations.cs: 254 - Successfully loaded component D:\DA_Robot\hoc_solid\model_v5_packgo1\20mm.SLDPRT
2025-06-27 11:29:02,990 INFO  CommonSwOperations.cs: 245 - Loading component with PID hB     ??? m o t o r A x i s - 1 @ r o b o V 3 ( u r d f _ c h a n g e d )             ?  
2025-06-27 11:29:02,991 INFO  CommonSwOperations.cs: 254 - Successfully loaded component D:\DA_Robot\hoc_solid\model_v5_packgo1\motorAxis.SLDPRT
2025-06-27 11:29:02,991 INFO  CommonSwOperations.cs: 245 - Loading component with PID hB     ???#l i d a r _ p u s h u p - 1 @ r o b o V 3 ( u r d f _ c h a n g e d )             ?  
2025-06-27 11:29:02,991 INFO  CommonSwOperations.cs: 254 - Successfully loaded component D:\DA_Robot\hoc_solid\model_v5_packgo1\lidar_pushup.SLDPRT
2025-06-27 11:29:02,991 INFO  CommonSwOperations.cs: 245 - Loading component with PID hB     ???'s t a n d o f f _ M 2 _ 2 0 m m - 1 @ r o b o V 3 ( u r d f _ c h a n g e d )             ?  
2025-06-27 11:29:02,992 INFO  CommonSwOperations.cs: 254 - Successfully loaded component D:\DA_Robot\hoc_solid\model_v5_packgo1\standoff_M2_20mm.SLDPRT
2025-06-27 11:29:02,992 INFO  CommonSwOperations.cs: 245 - Loading component with PID hB     ???'s t a n d o f f _ M 2 _ 2 0 m m - 3 @ r o b o V 3 ( u r d f _ c h a n g e d )             ?  
2025-06-27 11:29:02,992 INFO  CommonSwOperations.cs: 254 - Successfully loaded component D:\DA_Robot\hoc_solid\model_v5_packgo1\standoff_M2_20mm.SLDPRT
2025-06-27 11:29:02,993 INFO  CommonSwOperations.cs: 245 - Loading component with PID hB     ???'s t a n d o f f _ M 2 _ 2 0 m m - 4 @ r o b o V 3 ( u r d f _ c h a n g e d )             ?  
2025-06-27 11:29:02,993 INFO  CommonSwOperations.cs: 254 - Successfully loaded component D:\DA_Robot\hoc_solid\model_v5_packgo1\standoff_M2_20mm.SLDPRT
2025-06-27 11:29:02,993 INFO  CommonSwOperations.cs: 245 - Loading component with PID hB     ???'s t a n d o f f _ M 2 _ 2 0 m m - 5 @ r o b o V 3 ( u r d f _ c h a n g e d )             ?  
2025-06-27 11:29:02,993 INFO  CommonSwOperations.cs: 254 - Successfully loaded component D:\DA_Robot\hoc_solid\model_v5_packgo1\standoff_M2_20mm.SLDPRT
2025-06-27 11:29:02,994 INFO  CommonSwOperations.cs: 245 - Loading component with PID hB     ???b a t t e r y - 1 @ r o b o V 3 ( u r d f _ c h a n g e d )             ?  
2025-06-27 11:29:02,994 INFO  CommonSwOperations.cs: 254 - Successfully loaded component D:\DA_Robot\hoc_solid\model_v5_packgo1\battery.SLDPRT
2025-06-27 11:29:02,994 INFO  CommonSwOperations.cs: 245 - Loading component with PID hB     ???(h o v e r b o a r d _ d r i v e r - 1 @ r o b o V 3 ( u r d f _ c h a n g e d )             ?  
2025-06-27 11:29:02,995 INFO  CommonSwOperations.cs: 254 - Successfully loaded component D:\DA_Robot\hoc_solid\model_v5_packgo1\hoverboard_driver.SLDPRT
2025-06-27 11:29:02,995 INFO  CommonSwOperations.cs: 245 - Loading component with PID hB     ???(c u m _ r e l a y _ m y 4 n _ 4 p - 1 @ r o b o V 3 ( u r d f _ c h a n g e d )             ?  
2025-06-27 11:29:02,995 INFO  CommonSwOperations.cs: 254 - Successfully loaded component D:\DA_Robot\hoc_solid\model_v5_packgo1\cum_relay_my4n_4p.SLDASM
2025-06-27 11:29:02,995 INFO  CommonSwOperations.cs: 245 - Loading component with PID hB     ???#l i d a r _ p u s h u p - 3 @ r o b o V 3 ( u r d f _ c h a n g e d )               
2025-06-27 11:29:02,996 INFO  CommonSwOperations.cs: 254 - Successfully loaded component D:\DA_Robot\hoc_solid\model_v5_packgo1\lidar_pushup.SLDPRT
2025-06-27 11:29:02,997 INFO  CommonSwOperations.cs: 245 - Loading component with PID hB     ???(3 6 v _ 1 2 v _ c o n v e r t e r - 1 @ r o b o V 3 ( u r d f _ c h a n g e d )                
2025-06-27 11:29:02,997 INFO  CommonSwOperations.cs: 254 - Successfully loaded component D:\DA_Robot\hoc_solid\model_v5_packgo1\36v_12v_converter.SLDPRT
2025-06-27 11:29:02,998 INFO  CommonSwOperations.cs: 245 - Loading component with PID hB     ???#r e m o t e _ r e l a y - 1 @ r o b o V 3 ( u r d f _ c h a n g e d )             1  
2025-06-27 11:29:02,998 INFO  CommonSwOperations.cs: 254 - Successfully loaded component D:\DA_Robot\hoc_solid\model_v5_packgo1\remote_relay.SLDPRT
2025-06-27 11:29:02,998 INFO  CommonSwOperations.cs: 245 - Loading component with PID hB     ???%a l u m i n i u m _ b a s e - 1 @ r o b o V 3 ( u r d f _ c h a n g e d )             5  
2025-06-27 11:29:02,999 INFO  CommonSwOperations.cs: 254 - Successfully loaded component D:\DA_Robot\hoc_solid\model_v5_packgo1\aluminium_base.SLDPRT
2025-06-27 11:29:02,999 INFO  CommonSwOperations.cs: 245 - Loading component with PID hB     ???"p i _ h a n g _ i m u - 1 @ r o b o V 3 ( u r d f _ c h a n g e d )             [  
2025-06-27 11:29:03,000 INFO  CommonSwOperations.cs: 254 - Successfully loaded component D:\DA_Robot\hoc_solid\model_v5_packgo1\pi_hang_imu.SLDPRT
2025-06-27 11:29:03,001 INFO  CommonSwOperations.cs: 245 - Loading component with PID hB     ???#W E I D U   T B 2 5 X X - 1 @ r o b o V 3 ( u r d f _ c h a n g e d )             x  
2025-06-27 11:29:03,001 INFO  CommonSwOperations.cs: 254 - Successfully loaded component D:\DA_Robot\hoc_solid\model_v5_packgo1\WEIDU TB25XX.SLDASM
2025-06-27 11:29:03,001 INFO  CommonSwOperations.cs: 245 - Loading component with PID hB     ???+@>D8;L  V - s l o t   2 0 x 4 0 - 1 @ r o b o V 3 ( u r d f _ c h a n g e d )             ~  
2025-06-27 11:29:03,002 INFO  CommonSwOperations.cs: 254 - Successfully loaded component D:\DA_Robot\hoc_solid\model_v5_packgo1\??????? V-slot 20x40.SLDPRT
2025-06-27 11:29:03,002 INFO  CommonSwOperations.cs: 245 - Loading component with PID hB     ???+@>D8;L  V - s l o t   2 0 x 4 0 - 3 @ r o b o V 3 ( u r d f _ c h a n g e d )             ?  
2025-06-27 11:29:03,002 INFO  CommonSwOperations.cs: 254 - Successfully loaded component D:\DA_Robot\hoc_solid\model_v5_packgo1\??????? V-slot 20x40.SLDPRT
2025-06-27 11:29:03,003 INFO  CommonSwOperations.cs: 245 - Loading component with PID hB     ???<2 0 x 2 0 _ a l u m i n u m _ e x t r u s i o n _ p r o f i l e   2 6 c m - 1 @ r o b o V 3 ( u r d f _ c h a n g e d )             ?  
2025-06-27 11:29:03,004 INFO  CommonSwOperations.cs: 254 - Successfully loaded component D:\DA_Robot\hoc_solid\model_v5_packgo1\20x20_aluminum_extrusion_profile 26cm.SLDPRT
2025-06-27 11:29:03,004 INFO  CommonSwOperations.cs: 245 - Loading component with PID hB     ???2 0 m m - 1 0 @ r o b o V 3 ( u r d f _ c h a n g e d )             ?  
2025-06-27 11:29:03,004 INFO  CommonSwOperations.cs: 254 - Successfully loaded component D:\DA_Robot\hoc_solid\model_v5_packgo1\20mm.SLDPRT
2025-06-27 11:29:03,005 INFO  CommonSwOperations.cs: 245 - Loading component with PID hB     ???&c u m _ b a n h _ x e _ l o n - 5 @ r o b o V 3 ( u r d f _ c h a n g e d )             ?  
2025-06-27 11:29:03,005 INFO  CommonSwOperations.cs: 254 - Successfully loaded component D:\DA_Robot\hoc_solid\model_v5_packgo1\cum_banh_xe_lon.SLDASM
2025-06-27 11:29:03,005 INFO  CommonSwOperations.cs: 245 - Loading component with PID hB     ??? m o t o r A x i s - 4 @ r o b o V 3 ( u r d f _ c h a n g e d )             ?  
2025-06-27 11:29:03,006 INFO  CommonSwOperations.cs: 254 - Successfully loaded component D:\DA_Robot\hoc_solid\model_v5_packgo1\motorAxis.SLDPRT
2025-06-27 11:29:03,007 INFO  CommonSwOperations.cs: 245 - Loading component with PID hB     ???2 0 m m - 1 1 @ r o b o V 3 ( u r d f _ c h a n g e d )             ?  
2025-06-27 11:29:03,007 INFO  CommonSwOperations.cs: 254 - Successfully loaded component D:\DA_Robot\hoc_solid\model_v5_packgo1\20mm.SLDPRT
2025-06-27 11:29:03,007 INFO  CommonSwOperations.cs: 245 - Loading component with PID hB     ???,c u m _ d a h u o n g _ t r u o c _ s a u - 5 @ r o b o V 3 ( u r d f _ c h a n g e d )               
2025-06-27 11:29:03,008 INFO  CommonSwOperations.cs: 254 - Successfully loaded component D:\DA_Robot\hoc_solid\model_v5_packgo1\cum_dahuong_truoc_sau.SLDASM
2025-06-27 11:29:03,008 INFO  CommonSwOperations.cs: 245 - Loading component with PID hB     ???,c u m _ d a h u o n g _ t r u o c _ s a u - 6 @ r o b o V 3 ( u r d f _ c h a n g e d )                
2025-06-27 11:29:03,008 INFO  CommonSwOperations.cs: 254 - Successfully loaded component D:\DA_Robot\hoc_solid\model_v5_packgo1\cum_dahuong_truoc_sau.SLDASM
2025-06-27 11:29:03,009 INFO  CommonSwOperations.cs: 245 - Loading component with PID hB     ???$f u l l _ c o v e r _ v 2 - 1 @ r o b o V 3 ( u r d f _ c h a n g e d )             \  
2025-06-27 11:29:03,009 INFO  CommonSwOperations.cs: 254 - Successfully loaded component D:\DA_Robot\hoc_solid\model_v5_packgo1\full_cover_v2.SLDASM
2025-06-27 11:29:03,009 INFO  CommonSwOperations.cs: 245 - Loading component with PID hB     ???)c o v e r _ j o i n t _ v 3 . 1 . 2 - 1 @ r o b o V 3 ( u r d f _ c h a n g e d )             ?  
2025-06-27 11:29:03,009 INFO  CommonSwOperations.cs: 254 - Successfully loaded component D:\DA_Robot\hoc_solid\model_v5_packgo1\cover_joint_v3.1.2.SLDPRT
2025-06-27 11:29:03,010 INFO  CommonSwOperations.cs: 245 - Loading component with PID hB     ???j 1 - 1 @ r o b o V 3 ( u r d f _ c h a n g e d )             ?  
2025-06-27 11:29:03,010 INFO  CommonSwOperations.cs: 254 - Successfully loaded component D:\DA_Robot\hoc_solid\model_v5_packgo1\j1.SLDPRT
2025-06-27 11:29:03,010 INFO  CommonSwOperations.cs: 245 - Loading component with PID hB     ???j 1 - 2 @ r o b o V 3 ( u r d f _ c h a n g e d )             ?  
2025-06-27 11:29:03,011 INFO  CommonSwOperations.cs: 254 - Successfully loaded component D:\DA_Robot\hoc_solid\model_v5_packgo1\j1.SLDPRT
2025-06-27 11:29:03,011 INFO  CommonSwOperations.cs: 245 - Loading component with PID hB     ???m a t x e o 1 - 1 @ r o b o V 3 ( u r d f _ c h a n g e d )             ?  
2025-06-27 11:29:03,011 INFO  CommonSwOperations.cs: 254 - Successfully loaded component D:\DA_Robot\hoc_solid\model_v5_packgo1\matxeo1.SLDPRT
2025-06-27 11:29:03,012 INFO  CommonSwOperations.cs: 245 - Loading component with PID hB     ???-A r c a d e   P u s h   b u t t o n   a s m - 2 @ r o b o V 3 ( u r d f _ c h a n g e d )             ?  
2025-06-27 11:29:03,013 INFO  CommonSwOperations.cs: 254 - Successfully loaded component D:\DA_Robot\hoc_solid\model_v5_packgo1\Arcade Push button asm.SLDASM
2025-06-27 11:29:03,013 INFO  CommonSwOperations.cs: 245 - Loading component with PID hB     ???:S t o p   S w i t c h   P u s h   B u t t o n   L A Y 3 7   ( P B C ) - 3 @ r o b o V 3 ( u r d f _ c h a n g e d )             ?  
2025-06-27 11:29:03,014 INFO  CommonSwOperations.cs: 254 - Successfully loaded component D:\DA_Robot\hoc_solid\model_v5_packgo1\Stop Switch Push Button LAY37 (PBC).SLDPRT
2025-06-27 11:29:03,014 INFO  CommonSwOperations.cs: 245 - Loading component with PID hB     ???,c o v e r _ u p _ v 2 _ l i n h _ m i c a - 1 @ r o b o V 3 ( u r d f _ c h a n g e d )             ?  
2025-06-27 11:29:03,014 INFO  CommonSwOperations.cs: 254 - Successfully loaded component D:\DA_Robot\hoc_solid\model_v5_packgo1\cover_up_v2_linh_mica.SLDPRT
2025-06-27 11:29:03,015 INFO  CommonSwOperations.cs: 245 - Loading component with PID hB     ???a l i b a b a - 1 @ r o b o V 3 ( u r d f _ c h a n g e d )             6  
2025-06-27 11:29:03,015 INFO  CommonSwOperations.cs: 254 - Successfully loaded component D:\DA_Robot\hoc_solid\model_v5_packgo1\cam\alibaba.SLDASM
2025-06-27 11:29:03,016 INFO  CommonSwOperations.cs: 245 - Loading component with PID hB     ???c h e - 1 @ r o b o V 3 ( u r d f _ c h a n g e d )             <  
2025-06-27 11:29:03,016 INFO  CommonSwOperations.cs: 254 - Successfully loaded component D:\DA_Robot\hoc_solid\model_v5_packgo1\che\che.SLDPRT
2025-06-27 11:29:03,016 INFO  CommonSwOperations.cs: 245 - Loading component with PID hB     ???c h e - 2 @ r o b o V 3 ( u r d f _ c h a n g e d )             P  
2025-06-27 11:29:03,017 INFO  CommonSwOperations.cs: 254 - Successfully loaded component D:\DA_Robot\hoc_solid\model_v5_packgo1\che\che.SLDPRT
2025-06-27 11:29:03,017 INFO  CommonSwOperations.cs: 245 - Loading component with PID hB     ???c h e - 3 @ r o b o V 3 ( u r d f _ c h a n g e d )             Y  
2025-06-27 11:29:03,018 INFO  CommonSwOperations.cs: 254 - Successfully loaded component D:\DA_Robot\hoc_solid\model_v5_packgo1\che\che.SLDPRT
2025-06-27 11:29:03,018 INFO  CommonSwOperations.cs: 245 - Loading component with PID hB     ???c h e - 4 @ r o b o V 3 ( u r d f _ c h a n g e d )             a  
2025-06-27 11:29:03,019 INFO  CommonSwOperations.cs: 254 - Successfully loaded component D:\DA_Robot\hoc_solid\model_v5_packgo1\che\che.SLDPRT
2025-06-27 11:29:03,019 INFO  CommonSwOperations.cs: 245 - Loading component with PID hB     ???c h e - 5 @ r o b o V 3 ( u r d f _ c h a n g e d )             i  
2025-06-27 11:29:03,019 INFO  CommonSwOperations.cs: 254 - Successfully loaded component D:\DA_Robot\hoc_solid\model_v5_packgo1\che\che.SLDPRT
2025-06-27 11:29:03,020 INFO  CommonSwOperations.cs: 245 - Loading component with PID hB     ???c h e - 6 @ r o b o V 3 ( u r d f _ c h a n g e d )             q  
2025-06-27 11:29:03,020 INFO  CommonSwOperations.cs: 254 - Successfully loaded component D:\DA_Robot\hoc_solid\model_v5_packgo1\che\che.SLDPRT
2025-06-27 11:29:03,020 INFO  CommonSwOperations.cs: 245 - Loading component with PID hB     ???%g a _ m i n i p c _ c o m p - 1 @ r o b o V 3 ( u r d f _ c h a n g e d )             ?  
2025-06-27 11:29:03,021 INFO  CommonSwOperations.cs: 254 - Successfully loaded component D:\DA_Robot\hoc_solid\model_v5_packgo1\robotv2\2nd_floor_v2\ga_minipc_comp.SLDASM
2025-06-27 11:29:03,021 INFO  CommonSwOperations.cs: 245 - Loading component with PID hB     ???#g a _ m i n i p c _ v 2 - 2 @ r o b o V 3 ( u r d f _ c h a n g e d )             ?  
2025-06-27 11:29:03,022 INFO  CommonSwOperations.cs: 254 - Successfully loaded component D:\DA_Robot\hoc_solid\model_v5_packgo1\robotv2\2nd_floor_v2\ga_minipc_v2.SLDASM
2025-06-27 11:29:03,022 INFO  CommonSwOperations.cs: 245 - Loading component with PID hB     ???#g a _ m i n i p c _ v 2 - 1 @ r o b o V 3 ( u r d f _ c h a n g e d )             ?  
2025-06-27 11:29:03,022 INFO  CommonSwOperations.cs: 254 - Successfully loaded component D:\DA_Robot\hoc_solid\model_v5_packgo1\robotv2\2nd_floor_v2\ga_minipc_v2.SLDASM
2025-06-27 11:29:03,022 INFO  CommonSwOperations.cs: 245 - Loading component with PID hB     ???h o p _ p i n - 1 @ r o b o V 3 ( u r d f _ c h a n g e d )             ?  
2025-06-27 11:29:03,023 INFO  CommonSwOperations.cs: 254 - Successfully loaded component D:\DA_Robot\hoc_solid\model_v5_packgo1\robotv2\hop_pin\hop_pin.SLDPRT
2025-06-27 11:29:03,023 INFO  CommonSwOperations.cs: 245 - Loading component with PID hB     ???n a n g _ c a m - 1 @ r o b o V 3 ( u r d f _ c h a n g e d )             ?  
2025-06-27 11:29:03,023 INFO  CommonSwOperations.cs: 254 - Successfully loaded component D:\DA_Robot\hoc_solid\model_v5_packgo1\robotv2\nang_cam.SLDPRT
2025-06-27 11:29:03,024 INFO  CommonSwOperations.cs: 245 - Loading component with PID hB     ???5g a _ c o m - 1 @ r o b o V 3 ( u r d f _ c h a n g e d ) / 2 0 x 2 0 _ a l u _ d o c 1 - 2 @ g a _ c o m             	     
2025-06-27 11:29:03,024 INFO  CommonSwOperations.cs: 254 - Successfully loaded component D:\DA_Robot\hoc_solid\model_v5_packgo1\robotv2\ga_tablet\20x20_alu_doc1.SLDPRT
2025-06-27 11:29:03,025 INFO  CommonSwOperations.cs: 245 - Loading component with PID hB     ???5g a _ c o m - 1 @ r o b o V 3 ( u r d f _ c h a n g e d ) / 2 0 x 2 0 _ a l u _ d o c 1 - 1 @ g a _ c o m             	     
2025-06-27 11:29:03,025 INFO  CommonSwOperations.cs: 254 - Successfully loaded component D:\DA_Robot\hoc_solid\model_v5_packgo1\robotv2\ga_tablet\20x20_alu_doc1.SLDPRT
2025-06-27 11:29:03,025 INFO  CommonSwOperations.cs: 245 - Loading component with PID hB     ???7g a _ c o m - 1 @ r o b o V 3 ( u r d f _ c h a n g e d ) / 2 0 x 2 0 _ a l u _ n g a n g 1 - 1 @ g a _ c o m             	     
2025-06-27 11:29:03,025 INFO  CommonSwOperations.cs: 254 - Successfully loaded component D:\DA_Robot\hoc_solid\model_v5_packgo1\robotv2\ga_tablet\20x20_alu_ngang1.SLDPRT
2025-06-27 11:29:03,026 INFO  CommonSwOperations.cs: 245 - Loading component with PID hB     ???h o p _ n a n o - 1 @ r o b o V 3 ( u r d f _ c h a n g e d )             4	  
2025-06-27 11:29:03,026 INFO  CommonSwOperations.cs: 254 - Successfully loaded component D:\DA_Robot\hoc_solid\model_v5_packgo1\robotv2\hop_nano.SLDPRT
2025-06-27 11:29:03,026 INFO  CommonSwOperations.cs: 245 - Loading component with PID hB     ???!k e g o c _ t a b 1 - 1 @ r o b o V 3 ( u r d f _ c h a n g e d )             n	  
2025-06-27 11:29:03,027 INFO  CommonSwOperations.cs: 254 - Successfully loaded component D:\DA_Robot\hoc_solid\model_v5_packgo1\tablet_new\kegoc_tab1.SLDPRT
2025-06-27 11:29:03,027 INFO  CommonSwOperations.cs: 245 - Loading component with PID hB     ???!k e g o c _ t a b 2 - 1 @ r o b o V 3 ( u r d f _ c h a n g e d )             o	  
2025-06-27 11:29:03,027 INFO  CommonSwOperations.cs: 254 - Successfully loaded component D:\DA_Robot\hoc_solid\model_v5_packgo1\tablet_new\kegoc_tab2.SLDPRT
2025-06-27 11:29:03,028 INFO  CommonSwOperations.cs: 245 - Loading component with PID hB     ???t r o d o n g - 1 @ r o b o V 3 ( u r d f _ c h a n g e d )             x	  
2025-06-27 11:29:03,028 INFO  CommonSwOperations.cs: 254 - Successfully loaded component D:\DA_Robot\hoc_solid\model_v5_packgo1\robotv2\trodong.SLDPRT
2025-06-27 11:29:03,028 INFO  CommonSwOperations.cs: 230 - Loaded 54 components for link base_link
2025-06-27 11:29:03,028 INFO  CommonSwOperations.cs: 221 - Loading SolidWorks components for lidar_link from D:\DA_Robot\hoc_solid\model_v5_packgo1\robotv2\roboV3(urdf_changed).SLDASM
2025-06-27 11:29:03,029 INFO  CommonSwOperations.cs: 245 - Loading component with PID hB     ???X 3 _ L i d a r - 1 @ r o b o V 3 ( u r d f _ c h a n g e d )             ?  
2025-06-27 11:29:03,030 INFO  CommonSwOperations.cs: 254 - Successfully loaded component D:\DA_Robot\hoc_solid\model_v5_packgo1\X3_Lidar.SLDPRT
2025-06-27 11:29:03,030 INFO  CommonSwOperations.cs: 230 - Loaded 1 components for link lidar_link
2025-06-27 11:29:03,030 INFO  CommonSwOperations.cs: 221 - Loading SolidWorks components for imu_link from D:\DA_Robot\hoc_solid\model_v5_packgo1\robotv2\roboV3(urdf_changed).SLDASM
2025-06-27 11:29:03,030 INFO  CommonSwOperations.cs: 245 - Loading component with PID hB     ???i m u _ 4 0 d o - 1 @ r o b o V 3 ( u r d f _ c h a n g e d )             w	  
2025-06-27 11:29:03,031 INFO  CommonSwOperations.cs: 254 - Successfully loaded component D:\DA_Robot\hoc_solid\model_v5_packgo1\robotv2\imu_40do.SLDPRT
2025-06-27 11:29:03,031 INFO  CommonSwOperations.cs: 230 - Loaded 1 components for link imu_link
2025-06-27 11:29:03,032 INFO  CommonSwOperations.cs: 221 - Loading SolidWorks components for right_wheel_link from D:\DA_Robot\hoc_solid\model_v5_packgo1\robotv2\roboV3(urdf_changed).SLDASM
2025-06-27 11:29:03,032 INFO  CommonSwOperations.cs: 245 - Loading component with PID hB     ??? m o t o r e d i t - 4 @ r o b o V 3 ( u r d f _ c h a n g e d )             ?  
2025-06-27 11:29:03,032 INFO  CommonSwOperations.cs: 254 - Successfully loaded component D:\DA_Robot\hoc_solid\model_v5_packgo1\motoredit.SLDPRT
2025-06-27 11:29:03,032 INFO  CommonSwOperations.cs: 230 - Loaded 1 components for link right_wheel_link
2025-06-27 11:29:03,033 INFO  CommonSwOperations.cs: 221 - Loading SolidWorks components for left_wheel_link from D:\DA_Robot\hoc_solid\model_v5_packgo1\robotv2\roboV3(urdf_changed).SLDASM
2025-06-27 11:29:03,033 INFO  CommonSwOperations.cs: 245 - Loading component with PID hB     ??? m o t o r e d i t - 3 @ r o b o V 3 ( u r d f _ c h a n g e d )             ?  
2025-06-27 11:29:03,033 INFO  CommonSwOperations.cs: 254 - Successfully loaded component D:\DA_Robot\hoc_solid\model_v5_packgo1\motoredit.SLDPRT
2025-06-27 11:29:03,033 INFO  CommonSwOperations.cs: 230 - Loaded 1 components for link left_wheel_link
2025-06-27 11:29:03,034 INFO  CommonSwOperations.cs: 221 - Loading SolidWorks components for camera_link from D:\DA_Robot\hoc_solid\model_v5_packgo1\robotv2\roboV3(urdf_changed).SLDASM
2025-06-27 11:29:03,034 INFO  CommonSwOperations.cs: 245 - Loading component with PID hB     ???#f i n a l   k i n e c t - 1 @ r o b o V 3 ( u r d f _ c h a n g e d )             ?  
2025-06-27 11:29:03,034 INFO  CommonSwOperations.cs: 254 - Successfully loaded component D:\DA_Robot\hoc_solid\model_v5_packgo1\lib\final kinect.SLDASM
2025-06-27 11:29:03,035 INFO  CommonSwOperations.cs: 230 - Loaded 1 components for link camera_link
2025-06-27 11:29:03,886 INFO  SwAddin.cs: 344 - Showing property manager
2025-06-27 11:29:11,962 INFO  ExportPropertyManager.cs: 1018 - OnComboboxSelectionChanged called. This method no longer throws an Exception. It just silently does nothing. Ok, except for this logging message
2025-06-27 11:29:13,486 INFO  ExportPropertyManager.cs: 422 - Configuration saved
2025-06-27 11:29:13,492 INFO  ConfigurationSerialization.cs: 276 - URDF Configuration found
<Link z:Id="i1" xmlns="http://schemas.datacontract.org/2004/07/SW2URDF" xmlns:i="http://www.w3.org/2001/XMLSchema-instance" xmlns:z="http://schemas.microsoft.com/2003/10/Serialization/"><Attributes><Attribute z:Id="i2"><AttributeType>name</AttributeType><IsRequired>true</IsRequired><Value i:type="a:string" xmlns:a="http://www.w3.org/2001/XMLSchema">base_link</Value></Attribute></Attributes><ChildElements><URDFElement z:Id="i3" i:type="Inertial"><Attributes/><ChildElements><URDFElement z:Id="i4" i:type="Origin"><Attributes><Attribute z:Id="i5"><AttributeType>xyz</AttributeType><IsRequired>true</IsRequired><Value i:type="a:ArrayOfdouble" xmlns:a="http://schemas.microsoft.com/2003/10/Serialization/Arrays"><a:double>0.0283696678283355</a:double><a:double>-0.0053387669522444448</a:double><a:double>0.070976161328204557</a:double></Value></Attribute><Attribute z:Id="i6"><AttributeType>rpy</AttributeType><IsRequired>true</IsRequired><Value i:type="a:ArrayOfdouble" xmlns:a="http://schemas.microsoft.com/2003/10/Serialization/Arrays"><a:double>0</a:double><a:double>0</a:double><a:double>0</a:double></Value></Attribute></Attributes><ChildElements/><ElementName>origin</ElementName><required>false</required><RPYAttribute z:Ref="i6"/><XYZAttribute z:Ref="i5"/><isCustomized>false</isCustomized></URDFElement><URDFElement z:Id="i7" i:type="Mass"><Attributes><Attribute z:Id="i8"><AttributeType>value</AttributeType><IsRequired>true</IsRequired><Value i:type="a:double" xmlns:a="http://www.w3.org/2001/XMLSchema">9.396190686586456</Value></Attribute></Attributes><ChildElements/><ElementName>mass</ElementName><required>false</required><ValueAttribute z:Ref="i8"/></URDFElement><URDFElement z:Id="i9" i:type="Inertia"><Attributes><Attribute z:Id="i10"><AttributeType>ixx</AttributeType><IsRequired>true</IsRequired><Value i:type="a:double" xmlns:a="http://www.w3.org/2001/XMLSchema">0.037750785721450249</Value></Attribute><Attribute z:Id="i11"><AttributeType>ixy</AttributeType><IsRequired>true</IsRequired><Value i:type="a:double" xmlns:a="http://www.w3.org/2001/XMLSchema">-0.00025260952951414417</Value></Attribute><Attribute z:Id="i12"><AttributeType>ixz</AttributeType><IsRequired>true</IsRequired><Value i:type="a:double" xmlns:a="http://www.w3.org/2001/XMLSchema">0.00047244512505706555</Value></Attribute><Attribute z:Id="i13"><AttributeType>iyy</AttributeType><IsRequired>true</IsRequired><Value i:type="a:double" xmlns:a="http://www.w3.org/2001/XMLSchema">0.059669282857082596</Value></Attribute><Attribute z:Id="i14"><AttributeType>iyz</AttributeType><IsRequired>true</IsRequired><Value i:type="a:double" xmlns:a="http://www.w3.org/2001/XMLSchema">-6.2380513801288206E-07</Value></Attribute><Attribute z:Id="i15"><AttributeType>izz</AttributeType><IsRequired>true</IsRequired><Value i:type="a:double" xmlns:a="http://www.w3.org/2001/XMLSchema">0.074553113262024712</Value></Attribute></Attributes><ChildElements/><ElementName>inertia</ElementName><required>false</required><IxxAttribute z:Ref="i10"/><IxyAttribute z:Ref="i11"/><IxzAttribute z:Ref="i12"/><IyyAttribute z:Ref="i13"/><IyzAttribute z:Ref="i14"/><IzzAttribute z:Ref="i15"/></URDFElement></ChildElements><ElementName>inertial</ElementName><required>false</required><Inertia z:Ref="i9"/><Mass z:Ref="i7"/><Origin z:Ref="i4"/></URDFElement><URDFElement z:Id="i16" i:type="Visual"><Attributes/><ChildElements><URDFElement z:Id="i17" i:type="Origin"><Attributes><Attribute z:Id="i18"><AttributeType>xyz</AttributeType><IsRequired>true</IsRequired><Value i:type="a:ArrayOfdouble" xmlns:a="http://schemas.microsoft.com/2003/10/Serialization/Arrays"><a:double>0</a:double><a:double>0</a:double><a:double>0</a:double></Value></Attribute><Attribute z:Id="i19"><AttributeType>rpy</AttributeType><IsRequired>true</IsRequired><Value i:type="a:ArrayOfdouble" xmlns:a="http://schemas.microsoft.com/2003/10/Serialization/Arrays"><a:double>0</a:double><a:double>0</a:double><a:double>0</a:double></Value></Attribute></Attributes><ChildElements/><ElementName>origin</ElementName><required>false</required><RPYAttribute z:Ref="i19"/><XYZAttribute z:Ref="i18"/><isCustomized>false</isCustomized></URDFElement><URDFElement z:Id="i20" i:type="Geometry"><Attributes/><ChildElements><URDFElement z:Id="i21" i:type="Mesh"><Attributes><Attribute z:Id="i22"><AttributeType>filename</AttributeType><IsRequired>true</IsRequired><Value i:nil="true"/></Attribute></Attributes><ChildElements/><ElementName>mesh</ElementName><required>false</required><FilenameAttribute z:Ref="i22"/></URDFElement></ChildElements><ElementName>geometry</ElementName><required>true</required><Mesh z:Ref="i21"/></URDFElement><URDFElement z:Id="i23" i:type="Material"><Attributes><Attribute z:Id="i24"><AttributeType>name</AttributeType><IsRequired>true</IsRequired><Value i:type="a:string" xmlns:a="http://www.w3.org/2001/XMLSchema"/></Attribute></Attributes><ChildElements><URDFElement z:Id="i25" i:type="Color"><Attributes><Attribute z:Id="i26"><AttributeType>rgba</AttributeType><IsRequired>true</IsRequired><Value i:type="a:ArrayOfdouble" xmlns:a="http://schemas.microsoft.com/2003/10/Serialization/Arrays"><a:double>0.75294117647058822</a:double><a:double>0.75294117647058822</a:double><a:double>0.75294117647058822</a:double><a:double>1</a:double></Value></Attribute></Attributes><ChildElements/><ElementName>color</ElementName><required>false</required><RGBAAttribute z:Ref="i26"/></URDFElement><URDFElement z:Id="i27" i:type="Texture"><Attributes><Attribute z:Id="i28"><AttributeType>filename</AttributeType><IsRequired>true</IsRequired><Value i:nil="true"/></Attribute></Attributes><ChildElements/><ElementName>texture</ElementName><required>false</required><FilenameAttribute z:Ref="i28"/><wFilename/></URDFElement></ChildElements><ElementName>material</ElementName><required>false</required><Color z:Ref="i25"/><NameAttribute z:Ref="i24"/><Texture z:Ref="i27"/></URDFElement></ChildElements><ElementName>visual</ElementName><required>false</required><Geometry z:Ref="i20"/><Material z:Ref="i23"/><Origin z:Ref="i17"/></URDFElement><URDFElement z:Id="i29" i:type="Collision"><Attributes/><ChildElements><URDFElement z:Id="i30" i:type="Origin"><Attributes><Attribute z:Id="i31"><AttributeType>xyz</AttributeType><IsRequired>true</IsRequired><Value i:type="a:ArrayOfdouble" xmlns:a="http://schemas.microsoft.com/2003/10/Serialization/Arrays"><a:double>0</a:double><a:double>0</a:double><a:double>0</a:double></Value></Attribute><Attribute z:Id="i32"><AttributeType>rpy</AttributeType><IsRequired>true</IsRequired><Value i:type="a:ArrayOfdouble" xmlns:a="http://schemas.microsoft.com/2003/10/Serialization/Arrays"><a:double>0</a:double><a:double>0</a:double><a:double>0</a:double></Value></Attribute></Attributes><ChildElements/><ElementName>origin</ElementName><required>false</required><RPYAttribute z:Ref="i32"/><XYZAttribute z:Ref="i31"/><isCustomized>false</isCustomized></URDFElement><URDFElement z:Id="i33" i:type="Geometry"><Attributes/><ChildElements><URDFElement z:Id="i34" i:type="Mesh"><Attributes><Attribute z:Id="i35"><AttributeType>filename</AttributeType><IsRequired>true</IsRequired><Value i:nil="true"/></Attribute></Attributes><ChildElements/><ElementName>mesh</ElementName><required>false</required><FilenameAttribute z:Ref="i35"/></URDFElement></ChildElements><ElementName>geometry</ElementName><required>true</required><Mesh z:Ref="i34"/></URDFElement></ChildElements><ElementName>collision</ElementName><required>false</required><Geometry z:Ref="i33"/><Origin z:Ref="i30"/></URDFElement><URDFElement z:Id="i36" i:type="Joint"><Attributes><Attribute z:Id="i37"><AttributeType>name</AttributeType><IsRequired>true</IsRequired><Value i:type="a:string" xmlns:a="http://www.w3.org/2001/XMLSchema"/></Attribute><Attribute z:Id="i38"><AttributeType>type</AttributeType><IsRequired>true</IsRequired><Value i:type="a:string" xmlns:a="http://www.w3.org/2001/XMLSchema"/></Attribute></Attributes><ChildElements><URDFElement z:Id="i39" i:type="Origin"><Attributes><Attribute z:Id="i40"><AttributeType>xyz</AttributeType><IsRequired>true</IsRequired><Value i:type="a:ArrayOfdouble" xmlns:a="http://schemas.microsoft.com/2003/10/Serialization/Arrays"><a:double>0</a:double><a:double>0</a:double><a:double>0</a:double></Value></Attribute><Attribute z:Id="i41"><AttributeType>rpy</AttributeType><IsRequired>true</IsRequired><Value i:type="a:ArrayOfdouble" xmlns:a="http://schemas.microsoft.com/2003/10/Serialization/Arrays"><a:double>0</a:double><a:double>0</a:double><a:double>0</a:double></Value></Attribute></Attributes><ChildElements/><ElementName>origin</ElementName><required>false</required><RPYAttribute z:Ref="i41"/><XYZAttribute z:Ref="i40"/><isCustomized>false</isCustomized></URDFElement><URDFElement z:Id="i42" i:type="ParentLink"><Attributes><Attribute z:Id="i43"><AttributeType>link</AttributeType><IsRequired>true</IsRequired><Value i:type="a:string" xmlns:a="http://www.w3.org/2001/XMLSchema"/></Attribute></Attributes><ChildElements/><ElementName>parent</ElementName><required>true</required><NameAttribute z:Ref="i43"/></URDFElement><URDFElement z:Id="i44" i:type="ChildLink"><Attributes><Attribute z:Id="i45"><AttributeType>link</AttributeType><IsRequired>true</IsRequired><Value i:type="a:string" xmlns:a="http://www.w3.org/2001/XMLSchema"/></Attribute></Attributes><ChildElements/><ElementName>child</ElementName><required>true</required><NameAttribute z:Ref="i45"/></URDFElement><URDFElement z:Id="i46" i:type="Axis"><Attributes><Attribute z:Id="i47"><AttributeType>xyz</AttributeType><IsRequired>true</IsRequired><Value i:type="a:ArrayOfdouble" xmlns:a="http://schemas.microsoft.com/2003/10/Serialization/Arrays"><a:double>0</a:double><a:double>0</a:double><a:double>0</a:double></Value></Attribute></Attributes><ChildElements/><ElementName>axis</ElementName><required>false</required><XYZAttribute z:Ref="i47"/></URDFElement><URDFElement z:Id="i48" i:type="Limit"><Attributes><Attribute z:Id="i49"><AttributeType>lower</AttributeType><IsRequired>false</IsRequired><Value i:nil="true"/></Attribute><Attribute z:Id="i50"><AttributeType>upper</AttributeType><IsRequired>false</IsRequired><Value i:nil="true"/></Attribute><Attribute z:Id="i51"><AttributeType>effort</AttributeType><IsRequired>true</IsRequired><Value i:nil="true"/></Attribute><Attribute z:Id="i52"><AttributeType>velocity</AttributeType><IsRequired>true</IsRequired><Value i:nil="true"/></Attribute></Attributes><ChildElements/><ElementName>limit</ElementName><required>false</required><EffortAttribute z:Ref="i51"/><LowerAttribute z:Ref="i49"/><UpperAttribute z:Ref="i50"/><VelocityAttribute z:Ref="i52"/></URDFElement><URDFElement z:Id="i53" i:type="Calibration"><Attributes><Attribute z:Id="i54"><AttributeType>rising</AttributeType><IsRequired>false</IsRequired><Value i:nil="true"/></Attribute><Attribute z:Id="i55"><AttributeType>falling</AttributeType><IsRequired>false</IsRequired><Value i:nil="true"/></Attribute></Attributes><ChildElements/><ElementName>calibration</ElementName><required>false</required><FallingAttribute z:Ref="i55"/><RisingAttribute z:Ref="i54"/></URDFElement><URDFElement z:Id="i56" i:type="Dynamics"><Attributes><Attribute z:Id="i57"><AttributeType>damping</AttributeType><IsRequired>false</IsRequired><Value i:nil="true"/></Attribute><Attribute z:Id="i58"><AttributeType>friction</AttributeType><IsRequired>false</IsRequired><Value i:nil="true"/></Attribute></Attributes><ChildElements/><ElementName>dynamics</ElementName><required>false</required><DampingAttribute z:Ref="i57"/><FrictionAttribute z:Ref="i58"/></URDFElement><URDFElement z:Id="i59" i:type="SafetyController"><Attributes><Attribute z:Id="i60"><AttributeType>soft_upper_limit</AttributeType><IsRequired>false</IsRequired><Value i:nil="true"/></Attribute><Attribute z:Id="i61"><AttributeType>soft_lower_limit</AttributeType><IsRequired>false</IsRequired><Value i:nil="true"/></Attribute><Attribute z:Id="i62"><AttributeType>k_position</AttributeType><IsRequired>false</IsRequired><Value i:nil="true"/></Attribute><Attribute z:Id="i63"><AttributeType>k_velocity</AttributeType><IsRequired>true</IsRequired><Value i:nil="true"/></Attribute></Attributes><ChildElements/><ElementName>safety_controller</ElementName><required>false</required><KPositionAttribute z:Ref="i62"/><KVelocityAttribute z:Ref="i63"/><SoftLowerAttribute z:Ref="i61"/><SoftUpperAttribute z:Ref="i60"/></URDFElement><URDFElement z:Id="i64" i:type="Mimic"><Attributes><Attribute z:Id="i65"><AttributeType>joint</AttributeType><IsRequired>true</IsRequired><Value i:nil="true"/></Attribute><Attribute z:Id="i66"><AttributeType>multiplier</AttributeType><IsRequired>false</IsRequired><Value i:nil="true"/></Attribute><Attribute z:Id="i67"><AttributeType>offset</AttributeType><IsRequired>false</IsRequired><Value i:nil="true"/></Attribute></Attributes><ChildElements/><ElementName>mimic</ElementName><required>false</required><JointNameAttribute z:Ref="i65"/><MultiplierAttribute z:Ref="i66"/><OffsetAttribute z:Ref="i67"/></URDFElement></ChildElements><ElementName>joint</ElementName><required>false</required><Axis z:Ref="i46"/><AxisName/><Calibration z:Ref="i53"/><Child z:Ref="i44"/><CoordinateSystemName>Coordinate System1</CoordinateSystemName><Dynamics z:Ref="i56"/><Limit z:Ref="i48"/><Mimic z:Ref="i64"/><NameAttribute z:Ref="i37"/><Origin z:Ref="i39"/><Parent z:Ref="i42"/><Safety z:Ref="i59"/><TypeAttribute z:Ref="i38"/></URDFElement></ChildElements><ElementName>link</ElementName><required>true</required><Children><Link z:Id="i68"><Attributes><Attribute z:Id="i69"><AttributeType>name</AttributeType><IsRequired>true</IsRequired><Value i:type="a:string" xmlns:a="http://www.w3.org/2001/XMLSchema">lidar_link</Value></Attribute></Attributes><ChildElements><URDFElement z:Id="i70" i:type="Inertial"><Attributes/><ChildElements><URDFElement z:Id="i71" i:type="Origin"><Attributes><Attribute z:Id="i72"><AttributeType>xyz</AttributeType><IsRequired>true</IsRequired><Value i:type="a:ArrayOfdouble" xmlns:a="http://schemas.microsoft.com/2003/10/Serialization/Arrays"><a:double>0.014838317136805057</a:double><a:double>0.00044768343099887975</a:double><a:double>-0.021153620818728069</a:double></Value></Attribute><Attribute z:Id="i73"><AttributeType>rpy</AttributeType><IsRequired>true</IsRequired><Value i:type="a:ArrayOfdouble" xmlns:a="http://schemas.microsoft.com/2003/10/Serialization/Arrays"><a:double>0</a:double><a:double>0</a:double><a:double>0</a:double></Value></Attribute></Attributes><ChildElements/><ElementName>origin</ElementName><required>false</required><RPYAttribute z:Ref="i73"/><XYZAttribute z:Ref="i72"/><isCustomized>false</isCustomized></URDFElement><URDFElement z:Id="i74" i:type="Mass"><Attributes><Attribute z:Id="i75"><AttributeType>value</AttributeType><IsRequired>true</IsRequired><Value i:type="a:double" xmlns:a="http://www.w3.org/2001/XMLSchema">0.031240912740486168</Value></Attribute></Attributes><ChildElements/><ElementName>mass</ElementName><required>false</required><ValueAttribute z:Ref="i75"/></URDFElement><URDFElement z:Id="i76" i:type="Inertia"><Attributes><Attribute z:Id="i77"><AttributeType>ixx</AttributeType><IsRequired>true</IsRequired><Value i:type="a:double" xmlns:a="http://www.w3.org/2001/XMLSchema">8.8802637080853618E-06</Value></Attribute><Attribute z:Id="i78"><AttributeType>ixy</AttributeType><IsRequired>true</IsRequired><Value i:type="a:double" xmlns:a="http://www.w3.org/2001/XMLSchema">-1.7766449426414631E-07</Value></Attribute><Attribute z:Id="i79"><AttributeType>ixz</AttributeType><IsRequired>true</IsRequired><Value i:type="a:double" xmlns:a="http://www.w3.org/2001/XMLSchema">1.1302767990892899E-07</Value></Attribute><Attribute z:Id="i80"><AttributeType>iyy</AttributeType><IsRequired>true</IsRequired><Value i:type="a:double" xmlns:a="http://www.w3.org/2001/XMLSchema">1.4491001820374183E-05</Value></Attribute><Attribute z:Id="i81"><AttributeType>iyz</AttributeType><IsRequired>true</IsRequired><Value i:type="a:double" xmlns:a="http://www.w3.org/2001/XMLSchema">3.4607611495900329E-08</Value></Attribute><Attribute z:Id="i82"><AttributeType>izz</AttributeType><IsRequired>true</IsRequired><Value i:type="a:double" xmlns:a="http://www.w3.org/2001/XMLSchema">2.2528909951833517E-05</Value></Attribute></Attributes><ChildElements/><ElementName>inertia</ElementName><required>false</required><IxxAttribute z:Ref="i77"/><IxyAttribute z:Ref="i78"/><IxzAttribute z:Ref="i79"/><IyyAttribute z:Ref="i80"/><IyzAttribute z:Ref="i81"/><IzzAttribute z:Ref="i82"/></URDFElement></ChildElements><ElementName>inertial</ElementName><required>false</required><Inertia z:Ref="i76"/><Mass z:Ref="i74"/><Origin z:Ref="i71"/></URDFElement><URDFElement z:Id="i83" i:type="Visual"><Attributes/><ChildElements><URDFElement z:Id="i84" i:type="Origin"><Attributes><Attribute z:Id="i85"><AttributeType>xyz</AttributeType><IsRequired>true</IsRequired><Value i:type="a:ArrayOfdouble" xmlns:a="http://schemas.microsoft.com/2003/10/Serialization/Arrays"><a:double>0</a:double><a:double>0</a:double><a:double>0</a:double></Value></Attribute><Attribute z:Id="i86"><AttributeType>rpy</AttributeType><IsRequired>true</IsRequired><Value i:type="a:ArrayOfdouble" xmlns:a="http://schemas.microsoft.com/2003/10/Serialization/Arrays"><a:double>0</a:double><a:double>0</a:double><a:double>0</a:double></Value></Attribute></Attributes><ChildElements/><ElementName>origin</ElementName><required>false</required><RPYAttribute z:Ref="i86"/><XYZAttribute z:Ref="i85"/><isCustomized>false</isCustomized></URDFElement><URDFElement z:Id="i87" i:type="Geometry"><Attributes/><ChildElements><URDFElement z:Id="i88" i:type="Mesh"><Attributes><Attribute z:Id="i89"><AttributeType>filename</AttributeType><IsRequired>true</IsRequired><Value i:nil="true"/></Attribute></Attributes><ChildElements/><ElementName>mesh</ElementName><required>false</required><FilenameAttribute z:Ref="i89"/></URDFElement></ChildElements><ElementName>geometry</ElementName><required>true</required><Mesh z:Ref="i88"/></URDFElement><URDFElement z:Id="i90" i:type="Material"><Attributes><Attribute z:Id="i91"><AttributeType>name</AttributeType><IsRequired>true</IsRequired><Value i:type="a:string" xmlns:a="http://www.w3.org/2001/XMLSchema"/></Attribute></Attributes><ChildElements><URDFElement z:Id="i92" i:type="Color"><Attributes><Attribute z:Id="i93"><AttributeType>rgba</AttributeType><IsRequired>true</IsRequired><Value i:type="a:ArrayOfdouble" xmlns:a="http://schemas.microsoft.com/2003/10/Serialization/Arrays"><a:double>0.792156862745098</a:double><a:double>0.81960784313725488</a:double><a:double>0.93333333333333335</a:double><a:double>1</a:double></Value></Attribute></Attributes><ChildElements/><ElementName>color</ElementName><required>false</required><RGBAAttribute z:Ref="i93"/></URDFElement><URDFElement z:Id="i94" i:type="Texture"><Attributes><Attribute z:Id="i95"><AttributeType>filename</AttributeType><IsRequired>true</IsRequired><Value i:nil="true"/></Attribute></Attributes><ChildElements/><ElementName>texture</ElementName><required>false</required><FilenameAttribute z:Ref="i95"/><wFilename/></URDFElement></ChildElements><ElementName>material</ElementName><required>false</required><Color z:Ref="i92"/><NameAttribute z:Ref="i91"/><Texture z:Ref="i94"/></URDFElement></ChildElements><ElementName>visual</ElementName><required>false</required><Geometry z:Ref="i87"/><Material z:Ref="i90"/><Origin z:Ref="i84"/></URDFElement><URDFElement z:Id="i96" i:type="Collision"><Attributes/><ChildElements><URDFElement z:Id="i97" i:type="Origin"><Attributes><Attribute z:Id="i98"><AttributeType>xyz</AttributeType><IsRequired>true</IsRequired><Value i:type="a:ArrayOfdouble" xmlns:a="http://schemas.microsoft.com/2003/10/Serialization/Arrays"><a:double>0</a:double><a:double>0</a:double><a:double>0</a:double></Value></Attribute><Attribute z:Id="i99"><AttributeType>rpy</AttributeType><IsRequired>true</IsRequired><Value i:type="a:ArrayOfdouble" xmlns:a="http://schemas.microsoft.com/2003/10/Serialization/Arrays"><a:double>0</a:double><a:double>0</a:double><a:double>0</a:double></Value></Attribute></Attributes><ChildElements/><ElementName>origin</ElementName><required>false</required><RPYAttribute z:Ref="i99"/><XYZAttribute z:Ref="i98"/><isCustomized>false</isCustomized></URDFElement><URDFElement z:Id="i100" i:type="Geometry"><Attributes/><ChildElements><URDFElement z:Id="i101" i:type="Mesh"><Attributes><Attribute z:Id="i102"><AttributeType>filename</AttributeType><IsRequired>true</IsRequired><Value i:nil="true"/></Attribute></Attributes><ChildElements/><ElementName>mesh</ElementName><required>false</required><FilenameAttribute z:Ref="i102"/></URDFElement></ChildElements><ElementName>geometry</ElementName><required>true</required><Mesh z:Ref="i101"/></URDFElement></ChildElements><ElementName>collision</ElementName><required>false</required><Geometry z:Ref="i100"/><Origin z:Ref="i97"/></URDFElement><URDFElement z:Id="i103" i:type="Joint"><Attributes><Attribute z:Id="i104"><AttributeType>name</AttributeType><IsRequired>true</IsRequired><Value i:type="a:string" xmlns:a="http://www.w3.org/2001/XMLSchema">lidar</Value></Attribute><Attribute z:Id="i105"><AttributeType>type</AttributeType><IsRequired>true</IsRequired><Value i:type="a:string" xmlns:a="http://www.w3.org/2001/XMLSchema">fixed</Value></Attribute></Attributes><ChildElements><URDFElement z:Id="i106" i:type="Origin"><Attributes><Attribute z:Id="i107"><AttributeType>xyz</AttributeType><IsRequired>true</IsRequired><Value i:type="a:ArrayOfdouble" xmlns:a="http://schemas.microsoft.com/2003/10/Serialization/Arrays"><a:double>0.15566672564358219</a:double><a:double>0.0011277706563345147</a:double><a:double>0.14609999999809897</a:double></Value></Attribute><Attribute z:Id="i108"><AttributeType>rpy</AttributeType><IsRequired>true</IsRequired><Value i:type="a:ArrayOfdouble" xmlns:a="http://schemas.microsoft.com/2003/10/Serialization/Arrays"><a:double>0</a:double><a:double>0</a:double><a:double>0</a:double></Value></Attribute></Attributes><ChildElements/><ElementName>origin</ElementName><required>false</required><RPYAttribute z:Ref="i108"/><XYZAttribute z:Ref="i107"/><isCustomized>false</isCustomized></URDFElement><URDFElement z:Id="i109" i:type="ParentLink"><Attributes><Attribute z:Id="i110"><AttributeType>link</AttributeType><IsRequired>true</IsRequired><Value i:type="a:string" xmlns:a="http://www.w3.org/2001/XMLSchema">base_link</Value></Attribute></Attributes><ChildElements/><ElementName>parent</ElementName><required>true</required><NameAttribute z:Ref="i110"/></URDFElement><URDFElement z:Id="i111" i:type="ChildLink"><Attributes><Attribute z:Id="i112"><AttributeType>link</AttributeType><IsRequired>true</IsRequired><Value i:type="a:string" xmlns:a="http://www.w3.org/2001/XMLSchema">lidar_link</Value></Attribute></Attributes><ChildElements/><ElementName>child</ElementName><required>true</required><NameAttribute z:Ref="i112"/></URDFElement><URDFElement z:Id="i113" i:type="Axis"><Attributes><Attribute z:Id="i114"><AttributeType>xyz</AttributeType><IsRequired>true</IsRequired><Value i:type="a:ArrayOfdouble" xmlns:a="http://schemas.microsoft.com/2003/10/Serialization/Arrays"><a:double>0</a:double><a:double>0</a:double><a:double>0</a:double></Value></Attribute></Attributes><ChildElements/><ElementName>axis</ElementName><required>false</required><XYZAttribute z:Ref="i114"/></URDFElement><URDFElement z:Id="i115" i:type="Limit"><Attributes><Attribute z:Id="i116"><AttributeType>lower</AttributeType><IsRequired>false</IsRequired><Value i:nil="true"/></Attribute><Attribute z:Id="i117"><AttributeType>upper</AttributeType><IsRequired>false</IsRequired><Value i:nil="true"/></Attribute><Attribute z:Id="i118"><AttributeType>effort</AttributeType><IsRequired>true</IsRequired><Value i:nil="true"/></Attribute><Attribute z:Id="i119"><AttributeType>velocity</AttributeType><IsRequired>true</IsRequired><Value i:nil="true"/></Attribute></Attributes><ChildElements/><ElementName>limit</ElementName><required>false</required><EffortAttribute z:Ref="i118"/><LowerAttribute z:Ref="i116"/><UpperAttribute z:Ref="i117"/><VelocityAttribute z:Ref="i119"/></URDFElement><URDFElement z:Id="i120" i:type="Calibration"><Attributes><Attribute z:Id="i121"><AttributeType>rising</AttributeType><IsRequired>false</IsRequired><Value i:nil="true"/></Attribute><Attribute z:Id="i122"><AttributeType>falling</AttributeType><IsRequired>false</IsRequired><Value i:nil="true"/></Attribute></Attributes><ChildElements/><ElementName>calibration</ElementName><required>false</required><FallingAttribute z:Ref="i122"/><RisingAttribute z:Ref="i121"/></URDFElement><URDFElement z:Id="i123" i:type="Dynamics"><Attributes><Attribute z:Id="i124"><AttributeType>damping</AttributeType><IsRequired>false</IsRequired><Value i:nil="true"/></Attribute><Attribute z:Id="i125"><AttributeType>friction</AttributeType><IsRequired>false</IsRequired><Value i:nil="true"/></Attribute></Attributes><ChildElements/><ElementName>dynamics</ElementName><required>false</required><DampingAttribute z:Ref="i124"/><FrictionAttribute z:Ref="i125"/></URDFElement><URDFElement z:Id="i126" i:type="SafetyController"><Attributes><Attribute z:Id="i127"><AttributeType>soft_upper_limit</AttributeType><IsRequired>false</IsRequired><Value i:nil="true"/></Attribute><Attribute z:Id="i128"><AttributeType>soft_lower_limit</AttributeType><IsRequired>false</IsRequired><Value i:nil="true"/></Attribute><Attribute z:Id="i129"><AttributeType>k_position</AttributeType><IsRequired>false</IsRequired><Value i:nil="true"/></Attribute><Attribute z:Id="i130"><AttributeType>k_velocity</AttributeType><IsRequired>true</IsRequired><Value i:nil="true"/></Attribute></Attributes><ChildElements/><ElementName>safety_controller</ElementName><required>false</required><KPositionAttribute z:Ref="i129"/><KVelocityAttribute z:Ref="i130"/><SoftLowerAttribute z:Ref="i128"/><SoftUpperAttribute z:Ref="i127"/></URDFElement><URDFElement z:Id="i131" i:type="Mimic"><Attributes><Attribute z:Id="i132"><AttributeType>joint</AttributeType><IsRequired>true</IsRequired><Value i:nil="true"/></Attribute><Attribute z:Id="i133"><AttributeType>multiplier</AttributeType><IsRequired>false</IsRequired><Value i:nil="true"/></Attribute><Attribute z:Id="i134"><AttributeType>offset</AttributeType><IsRequired>false</IsRequired><Value i:nil="true"/></Attribute></Attributes><ChildElements/><ElementName>mimic</ElementName><required>false</required><JointNameAttribute z:Ref="i132"/><MultiplierAttribute z:Ref="i133"/><OffsetAttribute z:Ref="i134"/></URDFElement></ChildElements><ElementName>joint</ElementName><required>false</required><Axis z:Ref="i113"/><AxisName>Axis_lidar</AxisName><Calibration z:Ref="i120"/><Child z:Ref="i111"/><CoordinateSystemName>Coordinate System2</CoordinateSystemName><Dynamics z:Ref="i123"/><Limit z:Ref="i115"/><Mimic z:Ref="i131"/><NameAttribute z:Ref="i104"/><Origin z:Ref="i106"/><Parent z:Ref="i109"/><Safety z:Ref="i126"/><TypeAttribute z:Ref="i105"/></URDFElement></ChildElements><ElementName>link</ElementName><required>true</required><Children/><Collision z:Ref="i96"/><Inertial z:Ref="i70"/><Joint z:Ref="i103"/><NameAttribute z:Ref="i69"/><Parent z:Ref="i1"/><STLQualityFine>false</STLQualityFine><SWComponentPIDs xmlns:a="http://schemas.microsoft.com/2003/10/Serialization/Arrays"><a:base64Binary>aEIAAAUAAAD//v8fWAAzAF8ATABpAGQAYQByAC0AMQBAAHIAbwBiAG8AVgAzACgAdQByAGQAZgBfAGMAaABhAG4AZwBlAGQAKQAEAAAAEAAAAAEAAAABAAAAiwQAAA==</a:base64Binary></SWComponentPIDs><SWMainComponentPID i:nil="true"/><Visual z:Ref="i83"/><isFixedFrame>false</isFixedFrame><isIncomplete>false</isIncomplete></Link><Link z:Id="i135"><Attributes><Attribute z:Id="i136"><AttributeType>name</AttributeType><IsRequired>true</IsRequired><Value i:type="a:string" xmlns:a="http://www.w3.org/2001/XMLSchema">imu_link</Value></Attribute></Attributes><ChildElements><URDFElement z:Id="i137" i:type="Inertial"><Attributes/><ChildElements><URDFElement z:Id="i138" i:type="Origin"><Attributes><Attribute z:Id="i139"><AttributeType>xyz</AttributeType><IsRequired>true</IsRequired><Value i:type="a:ArrayOfdouble" xmlns:a="http://schemas.microsoft.com/2003/10/Serialization/Arrays"><a:double>-0.012652845066781104</a:double><a:double>-0.012693666023714495</a:double><a:double>-0.00550000000000006</a:double></Value></Attribute><Attribute z:Id="i140"><AttributeType>rpy</AttributeType><IsRequired>true</IsRequired><Value i:type="a:ArrayOfdouble" xmlns:a="http://schemas.microsoft.com/2003/10/Serialization/Arrays"><a:double>0</a:double><a:double>0</a:double><a:double>0</a:double></Value></Attribute></Attributes><ChildElements/><ElementName>origin</ElementName><required>false</required><RPYAttribute z:Ref="i140"/><XYZAttribute z:Ref="i139"/><isCustomized>false</isCustomized></URDFElement><URDFElement z:Id="i141" i:type="Mass"><Attributes><Attribute z:Id="i142"><AttributeType>value</AttributeType><IsRequired>true</IsRequired><Value i:type="a:double" xmlns:a="http://www.w3.org/2001/XMLSchema">0.0071204927508749152</Value></Attribute></Attributes><ChildElements/><ElementName>mass</ElementName><required>false</required><ValueAttribute z:Ref="i142"/></URDFElement><URDFElement z:Id="i143" i:type="Inertia"><Attributes><Attribute z:Id="i144"><AttributeType>ixx</AttributeType><IsRequired>true</IsRequired><Value i:type="a:double" xmlns:a="http://www.w3.org/2001/XMLSchema">4.5609851561914559E-07</Value></Attribute><Attribute z:Id="i145"><AttributeType>ixy</AttributeType><IsRequired>true</IsRequired><Value i:type="a:double" xmlns:a="http://www.w3.org/2001/XMLSchema">9.3184393074195757E-09</Value></Attribute><Attribute z:Id="i146"><AttributeType>ixz</AttributeType><IsRequired>true</IsRequired><Value i:type="a:double" xmlns:a="http://www.w3.org/2001/XMLSchema">-1.1102832568513459E-22</Value></Attribute><Attribute z:Id="i147"><AttributeType>iyy</AttributeType><IsRequired>true</IsRequired><Value i:type="a:double" xmlns:a="http://www.w3.org/2001/XMLSchema">4.5615854575030384E-07</Value></Attribute><Attribute z:Id="i148"><AttributeType>iyz</AttributeType><IsRequired>true</IsRequired><Value i:type="a:double" xmlns:a="http://www.w3.org/2001/XMLSchema">-1.4286879436499486E-21</Value></Attribute><Attribute z:Id="i149"><AttributeType>izz</AttributeType><IsRequired>true</IsRequired><Value i:type="a:double" xmlns:a="http://www.w3.org/2001/XMLSchema">7.686604575601382E-07</Value></Attribute></Attributes><ChildElements/><ElementName>inertia</ElementName><required>false</required><IxxAttribute z:Ref="i144"/><IxyAttribute z:Ref="i145"/><IxzAttribute z:Ref="i146"/><IyyAttribute z:Ref="i147"/><IyzAttribute z:Ref="i148"/><IzzAttribute z:Ref="i149"/></URDFElement></ChildElements><ElementName>inertial</ElementName><required>false</required><Inertia z:Ref="i143"/><Mass z:Ref="i141"/><Origin z:Ref="i138"/></URDFElement><URDFElement z:Id="i150" i:type="Visual"><Attributes/><ChildElements><URDFElement z:Id="i151" i:type="Origin"><Attributes><Attribute z:Id="i152"><AttributeType>xyz</AttributeType><IsRequired>true</IsRequired><Value i:type="a:ArrayOfdouble" xmlns:a="http://schemas.microsoft.com/2003/10/Serialization/Arrays"><a:double>0</a:double><a:double>0</a:double><a:double>0</a:double></Value></Attribute><Attribute z:Id="i153"><AttributeType>rpy</AttributeType><IsRequired>true</IsRequired><Value i:type="a:ArrayOfdouble" xmlns:a="http://schemas.microsoft.com/2003/10/Serialization/Arrays"><a:double>0</a:double><a:double>0</a:double><a:double>0</a:double></Value></Attribute></Attributes><ChildElements/><ElementName>origin</ElementName><required>false</required><RPYAttribute z:Ref="i153"/><XYZAttribute z:Ref="i152"/><isCustomized>false</isCustomized></URDFElement><URDFElement z:Id="i154" i:type="Geometry"><Attributes/><ChildElements><URDFElement z:Id="i155" i:type="Mesh"><Attributes><Attribute z:Id="i156"><AttributeType>filename</AttributeType><IsRequired>true</IsRequired><Value i:nil="true"/></Attribute></Attributes><ChildElements/><ElementName>mesh</ElementName><required>false</required><FilenameAttribute z:Ref="i156"/></URDFElement></ChildElements><ElementName>geometry</ElementName><required>true</required><Mesh z:Ref="i155"/></URDFElement><URDFElement z:Id="i157" i:type="Material"><Attributes><Attribute z:Id="i158"><AttributeType>name</AttributeType><IsRequired>true</IsRequired><Value i:type="a:string" xmlns:a="http://www.w3.org/2001/XMLSchema"/></Attribute></Attributes><ChildElements><URDFElement z:Id="i159" i:type="Color"><Attributes><Attribute z:Id="i160"><AttributeType>rgba</AttributeType><IsRequired>true</IsRequired><Value i:type="a:ArrayOfdouble" xmlns:a="http://schemas.microsoft.com/2003/10/Serialization/Arrays"><a:double>0.792156862745098</a:double><a:double>0.81960784313725488</a:double><a:double>0.93333333333333335</a:double><a:double>1</a:double></Value></Attribute></Attributes><ChildElements/><ElementName>color</ElementName><required>false</required><RGBAAttribute z:Ref="i160"/></URDFElement><URDFElement z:Id="i161" i:type="Texture"><Attributes><Attribute z:Id="i162"><AttributeType>filename</AttributeType><IsRequired>true</IsRequired><Value i:nil="true"/></Attribute></Attributes><ChildElements/><ElementName>texture</ElementName><required>false</required><FilenameAttribute z:Ref="i162"/><wFilename/></URDFElement></ChildElements><ElementName>material</ElementName><required>false</required><Color z:Ref="i159"/><NameAttribute z:Ref="i158"/><Texture z:Ref="i161"/></URDFElement></ChildElements><ElementName>visual</ElementName><required>false</required><Geometry z:Ref="i154"/><Material z:Ref="i157"/><Origin z:Ref="i151"/></URDFElement><URDFElement z:Id="i163" i:type="Collision"><Attributes/><ChildElements><URDFElement z:Id="i164" i:type="Origin"><Attributes><Attribute z:Id="i165"><AttributeType>xyz</AttributeType><IsRequired>true</IsRequired><Value i:type="a:ArrayOfdouble" xmlns:a="http://schemas.microsoft.com/2003/10/Serialization/Arrays"><a:double>0</a:double><a:double>0</a:double><a:double>0</a:double></Value></Attribute><Attribute z:Id="i166"><AttributeType>rpy</AttributeType><IsRequired>true</IsRequired><Value i:type="a:ArrayOfdouble" xmlns:a="http://schemas.microsoft.com/2003/10/Serialization/Arrays"><a:double>0</a:double><a:double>0</a:double><a:double>0</a:double></Value></Attribute></Attributes><ChildElements/><ElementName>origin</ElementName><required>false</required><RPYAttribute z:Ref="i166"/><XYZAttribute z:Ref="i165"/><isCustomized>false</isCustomized></URDFElement><URDFElement z:Id="i167" i:type="Geometry"><Attributes/><ChildElements><URDFElement z:Id="i168" i:type="Mesh"><Attributes><Attribute z:Id="i169"><AttributeType>filename</AttributeType><IsRequired>true</IsRequired><Value i:nil="true"/></Attribute></Attributes><ChildElements/><ElementName>mesh</ElementName><required>false</required><FilenameAttribute z:Ref="i169"/></URDFElement></ChildElements><ElementName>geometry</ElementName><required>true</required><Mesh z:Ref="i168"/></URDFElement></ChildElements><ElementName>collision</ElementName><required>false</required><Geometry z:Ref="i167"/><Origin z:Ref="i164"/></URDFElement><URDFElement z:Id="i170" i:type="Joint"><Attributes><Attribute z:Id="i171"><AttributeType>name</AttributeType><IsRequired>true</IsRequired><Value i:type="a:string" xmlns:a="http://www.w3.org/2001/XMLSchema">imu</Value></Attribute><Attribute z:Id="i172"><AttributeType>type</AttributeType><IsRequired>true</IsRequired><Value i:type="a:string" xmlns:a="http://www.w3.org/2001/XMLSchema">continuous</Value></Attribute></Attributes><ChildElements><URDFElement z:Id="i173" i:type="Origin"><Attributes><Attribute z:Id="i174"><AttributeType>xyz</AttributeType><IsRequired>true</IsRequired><Value i:type="a:ArrayOfdouble" xmlns:a="http://schemas.microsoft.com/2003/10/Serialization/Arrays"><a:double>0.15399361324346994</a:double><a:double>-0.085457424436671869</a:double><a:double>0.040999999999999481</a:double></Value></Attribute><Attribute z:Id="i175"><AttributeType>rpy</AttributeType><IsRequired>true</IsRequired><Value i:type="a:ArrayOfdouble" xmlns:a="http://schemas.microsoft.com/2003/10/Serialization/Arrays"><a:double>0</a:double><a:double>0</a:double><a:double>0</a:double></Value></Attribute></Attributes><ChildElements/><ElementName>origin</ElementName><required>false</required><RPYAttribute z:Ref="i175"/><XYZAttribute z:Ref="i174"/><isCustomized>false</isCustomized></URDFElement><URDFElement z:Id="i176" i:type="ParentLink"><Attributes><Attribute z:Id="i177"><AttributeType>link</AttributeType><IsRequired>true</IsRequired><Value i:type="a:string" xmlns:a="http://www.w3.org/2001/XMLSchema">base_link</Value></Attribute></Attributes><ChildElements/><ElementName>parent</ElementName><required>true</required><NameAttribute z:Ref="i177"/></URDFElement><URDFElement z:Id="i178" i:type="ChildLink"><Attributes><Attribute z:Id="i179"><AttributeType>link</AttributeType><IsRequired>true</IsRequired><Value i:type="a:string" xmlns:a="http://www.w3.org/2001/XMLSchema">imu_link</Value></Attribute></Attributes><ChildElements/><ElementName>child</ElementName><required>true</required><NameAttribute z:Ref="i179"/></URDFElement><URDFElement z:Id="i180" i:type="Axis"><Attributes><Attribute z:Id="i181"><AttributeType>xyz</AttributeType><IsRequired>true</IsRequired><Value i:type="a:ArrayOfdouble" xmlns:a="http://schemas.microsoft.com/2003/10/Serialization/Arrays"><a:double>0</a:double><a:double>0</a:double><a:double>1</a:double></Value></Attribute></Attributes><ChildElements/><ElementName>axis</ElementName><required>false</required><XYZAttribute z:Ref="i181"/></URDFElement><URDFElement z:Id="i182" i:type="Limit"><Attributes><Attribute z:Id="i183"><AttributeType>lower</AttributeType><IsRequired>false</IsRequired><Value i:nil="true"/></Attribute><Attribute z:Id="i184"><AttributeType>upper</AttributeType><IsRequired>false</IsRequired><Value i:nil="true"/></Attribute><Attribute z:Id="i185"><AttributeType>effort</AttributeType><IsRequired>true</IsRequired><Value i:nil="true"/></Attribute><Attribute z:Id="i186"><AttributeType>velocity</AttributeType><IsRequired>true</IsRequired><Value i:nil="true"/></Attribute></Attributes><ChildElements/><ElementName>limit</ElementName><required>false</required><EffortAttribute z:Ref="i185"/><LowerAttribute z:Ref="i183"/><UpperAttribute z:Ref="i184"/><VelocityAttribute z:Ref="i186"/></URDFElement><URDFElement z:Id="i187" i:type="Calibration"><Attributes><Attribute z:Id="i188"><AttributeType>rising</AttributeType><IsRequired>false</IsRequired><Value i:nil="true"/></Attribute><Attribute z:Id="i189"><AttributeType>falling</AttributeType><IsRequired>false</IsRequired><Value i:nil="true"/></Attribute></Attributes><ChildElements/><ElementName>calibration</ElementName><required>false</required><FallingAttribute z:Ref="i189"/><RisingAttribute z:Ref="i188"/></URDFElement><URDFElement z:Id="i190" i:type="Dynamics"><Attributes><Attribute z:Id="i191"><AttributeType>damping</AttributeType><IsRequired>false</IsRequired><Value i:nil="true"/></Attribute><Attribute z:Id="i192"><AttributeType>friction</AttributeType><IsRequired>false</IsRequired><Value i:nil="true"/></Attribute></Attributes><ChildElements/><ElementName>dynamics</ElementName><required>false</required><DampingAttribute z:Ref="i191"/><FrictionAttribute z:Ref="i192"/></URDFElement><URDFElement z:Id="i193" i:type="SafetyController"><Attributes><Attribute z:Id="i194"><AttributeType>soft_upper_limit</AttributeType><IsRequired>false</IsRequired><Value i:nil="true"/></Attribute><Attribute z:Id="i195"><AttributeType>soft_lower_limit</AttributeType><IsRequired>false</IsRequired><Value i:nil="true"/></Attribute><Attribute z:Id="i196"><AttributeType>k_position</AttributeType><IsRequired>false</IsRequired><Value i:nil="true"/></Attribute><Attribute z:Id="i197"><AttributeType>k_velocity</AttributeType><IsRequired>true</IsRequired><Value i:nil="true"/></Attribute></Attributes><ChildElements/><ElementName>safety_controller</ElementName><required>false</required><KPositionAttribute z:Ref="i196"/><KVelocityAttribute z:Ref="i197"/><SoftLowerAttribute z:Ref="i195"/><SoftUpperAttribute z:Ref="i194"/></URDFElement><URDFElement z:Id="i198" i:type="Mimic"><Attributes><Attribute z:Id="i199"><AttributeType>joint</AttributeType><IsRequired>true</IsRequired><Value i:nil="true"/></Attribute><Attribute z:Id="i200"><AttributeType>multiplier</AttributeType><IsRequired>false</IsRequired><Value i:nil="true"/></Attribute><Attribute z:Id="i201"><AttributeType>offset</AttributeType><IsRequired>false</IsRequired><Value i:nil="true"/></Attribute></Attributes><ChildElements/><ElementName>mimic</ElementName><required>false</required><JointNameAttribute z:Ref="i199"/><MultiplierAttribute z:Ref="i200"/><OffsetAttribute z:Ref="i201"/></URDFElement></ChildElements><ElementName>joint</ElementName><required>false</required><Axis z:Ref="i180"/><AxisName>Axis_imu</AxisName><Calibration z:Ref="i187"/><Child z:Ref="i178"/><CoordinateSystemName>Coordinate System29_imu</CoordinateSystemName><Dynamics z:Ref="i190"/><Limit z:Ref="i182"/><Mimic z:Ref="i198"/><NameAttribute z:Ref="i171"/><Origin z:Ref="i173"/><Parent z:Ref="i176"/><Safety z:Ref="i193"/><TypeAttribute z:Ref="i172"/></URDFElement></ChildElements><ElementName>link</ElementName><required>true</required><Children/><Collision z:Ref="i163"/><Inertial z:Ref="i137"/><Joint z:Ref="i170"/><NameAttribute z:Ref="i136"/><Parent z:Ref="i1"/><STLQualityFine>false</STLQualityFine><SWComponentPIDs xmlns:a="http://schemas.microsoft.com/2003/10/Serialization/Arrays"><a:base64Binary>aEIAAAUAAAD//v8faQBtAHUAXwA0ADAAZABvAC0AMQBAAHIAbwBiAG8AVgAzACgAdQByAGQAZgBfAGMAaABhAG4AZwBlAGQAKQAEAAAAEAAAAAEAAAABAAAAdwkAAA==</a:base64Binary></SWComponentPIDs><SWMainComponentPID i:nil="true"/><Visual z:Ref="i150"/><isFixedFrame>false</isFixedFrame><isIncomplete>false</isIncomplete></Link><Link z:Id="i202"><Attributes><Attribute z:Id="i203"><AttributeType>name</AttributeType><IsRequired>true</IsRequired><Value i:type="a:string" xmlns:a="http://www.w3.org/2001/XMLSchema">right_wheel_link</Value></Attribute></Attributes><ChildElements><URDFElement z:Id="i204" i:type="Inertial"><Attributes/><ChildElements><URDFElement z:Id="i205" i:type="Origin"><Attributes><Attribute z:Id="i206"><AttributeType>xyz</AttributeType><IsRequired>true</IsRequired><Value i:type="a:ArrayOfdouble" xmlns:a="http://schemas.microsoft.com/2003/10/Serialization/Arrays"><a:double>0.00024358782977840221</a:double><a:double>-0.029500099045564304</a:double><a:double>8.011608043645424E-11</a:double></Value></Attribute><Attribute z:Id="i207"><AttributeType>rpy</AttributeType><IsRequired>true</IsRequired><Value i:type="a:ArrayOfdouble" xmlns:a="http://schemas.microsoft.com/2003/10/Serialization/Arrays"><a:double>0</a:double><a:double>0</a:double><a:double>0</a:double></Value></Attribute></Attributes><ChildElements/><ElementName>origin</ElementName><required>false</required><RPYAttribute z:Ref="i207"/><XYZAttribute z:Ref="i206"/><isCustomized>false</isCustomized></URDFElement><URDFElement z:Id="i208" i:type="Mass"><Attributes><Attribute z:Id="i209"><AttributeType>value</AttributeType><IsRequired>true</IsRequired><Value i:type="a:double" xmlns:a="http://www.w3.org/2001/XMLSchema">0.98170665090243969</Value></Attribute></Attributes><ChildElements/><ElementName>mass</ElementName><required>false</required><ValueAttribute z:Ref="i209"/></URDFElement><URDFElement z:Id="i210" i:type="Inertia"><Attributes><Attribute z:Id="i211"><AttributeType>ixx</AttributeType><IsRequired>true</IsRequired><Value i:type="a:double" xmlns:a="http://www.w3.org/2001/XMLSchema">0.0016529885173842311</Value></Attribute><Attribute z:Id="i212"><AttributeType>ixy</AttributeType><IsRequired>true</IsRequired><Value i:type="a:double" xmlns:a="http://www.w3.org/2001/XMLSchema">-1.0124915182156964E-05</Value></Attribute><Attribute z:Id="i213"><AttributeType>ixz</AttributeType><IsRequired>true</IsRequired><Value i:type="a:double" xmlns:a="http://www.w3.org/2001/XMLSchema">1.3027076084651632E-08</Value></Attribute><Attribute z:Id="i214"><AttributeType>iyy</AttributeType><IsRequired>true</IsRequired><Value i:type="a:double" xmlns:a="http://www.w3.org/2001/XMLSchema">0.0028786195096230549</Value></Attribute><Attribute z:Id="i215"><AttributeType>iyz</AttributeType><IsRequired>true</IsRequired><Value i:type="a:double" xmlns:a="http://www.w3.org/2001/XMLSchema">5.3288362588409926E-10</Value></Attribute><Attribute z:Id="i216"><AttributeType>izz</AttributeType><IsRequired>true</IsRequired><Value i:type="a:double" xmlns:a="http://www.w3.org/2001/XMLSchema">0.00165292257365774</Value></Attribute></Attributes><ChildElements/><ElementName>inertia</ElementName><required>false</required><IxxAttribute z:Ref="i211"/><IxyAttribute z:Ref="i212"/><IxzAttribute z:Ref="i213"/><IyyAttribute z:Ref="i214"/><IyzAttribute z:Ref="i215"/><IzzAttribute z:Ref="i216"/></URDFElement></ChildElements><ElementName>inertial</ElementName><required>false</required><Inertia z:Ref="i210"/><Mass z:Ref="i208"/><Origin z:Ref="i205"/></URDFElement><URDFElement z:Id="i217" i:type="Visual"><Attributes/><ChildElements><URDFElement z:Id="i218" i:type="Origin"><Attributes><Attribute z:Id="i219"><AttributeType>xyz</AttributeType><IsRequired>true</IsRequired><Value i:type="a:ArrayOfdouble" xmlns:a="http://schemas.microsoft.com/2003/10/Serialization/Arrays"><a:double>0</a:double><a:double>0</a:double><a:double>0</a:double></Value></Attribute><Attribute z:Id="i220"><AttributeType>rpy</AttributeType><IsRequired>true</IsRequired><Value i:type="a:ArrayOfdouble" xmlns:a="http://schemas.microsoft.com/2003/10/Serialization/Arrays"><a:double>0</a:double><a:double>0</a:double><a:double>0</a:double></Value></Attribute></Attributes><ChildElements/><ElementName>origin</ElementName><required>false</required><RPYAttribute z:Ref="i220"/><XYZAttribute z:Ref="i219"/><isCustomized>false</isCustomized></URDFElement><URDFElement z:Id="i221" i:type="Geometry"><Attributes/><ChildElements><URDFElement z:Id="i222" i:type="Mesh"><Attributes><Attribute z:Id="i223"><AttributeType>filename</AttributeType><IsRequired>true</IsRequired><Value i:nil="true"/></Attribute></Attributes><ChildElements/><ElementName>mesh</ElementName><required>false</required><FilenameAttribute z:Ref="i223"/></URDFElement></ChildElements><ElementName>geometry</ElementName><required>true</required><Mesh z:Ref="i222"/></URDFElement><URDFElement z:Id="i224" i:type="Material"><Attributes><Attribute z:Id="i225"><AttributeType>name</AttributeType><IsRequired>true</IsRequired><Value i:type="a:string" xmlns:a="http://www.w3.org/2001/XMLSchema"/></Attribute></Attributes><ChildElements><URDFElement z:Id="i226" i:type="Color"><Attributes><Attribute z:Id="i227"><AttributeType>rgba</AttributeType><IsRequired>true</IsRequired><Value i:type="a:ArrayOfdouble" xmlns:a="http://schemas.microsoft.com/2003/10/Serialization/Arrays"><a:double>0.2</a:double><a:double>0.2</a:double><a:double>0.2</a:double><a:double>1</a:double></Value></Attribute></Attributes><ChildElements/><ElementName>color</ElementName><required>false</required><RGBAAttribute z:Ref="i227"/></URDFElement><URDFElement z:Id="i228" i:type="Texture"><Attributes><Attribute z:Id="i229"><AttributeType>filename</AttributeType><IsRequired>true</IsRequired><Value i:nil="true"/></Attribute></Attributes><ChildElements/><ElementName>texture</ElementName><required>false</required><FilenameAttribute z:Ref="i229"/><wFilename/></URDFElement></ChildElements><ElementName>material</ElementName><required>false</required><Color z:Ref="i226"/><NameAttribute z:Ref="i225"/><Texture z:Ref="i228"/></URDFElement></ChildElements><ElementName>visual</ElementName><required>false</required><Geometry z:Ref="i221"/><Material z:Ref="i224"/><Origin z:Ref="i218"/></URDFElement><URDFElement z:Id="i230" i:type="Collision"><Attributes/><ChildElements><URDFElement z:Id="i231" i:type="Origin"><Attributes><Attribute z:Id="i232"><AttributeType>xyz</AttributeType><IsRequired>true</IsRequired><Value i:type="a:ArrayOfdouble" xmlns:a="http://schemas.microsoft.com/2003/10/Serialization/Arrays"><a:double>0</a:double><a:double>0</a:double><a:double>0</a:double></Value></Attribute><Attribute z:Id="i233"><AttributeType>rpy</AttributeType><IsRequired>true</IsRequired><Value i:type="a:ArrayOfdouble" xmlns:a="http://schemas.microsoft.com/2003/10/Serialization/Arrays"><a:double>0</a:double><a:double>0</a:double><a:double>0</a:double></Value></Attribute></Attributes><ChildElements/><ElementName>origin</ElementName><required>false</required><RPYAttribute z:Ref="i233"/><XYZAttribute z:Ref="i232"/><isCustomized>false</isCustomized></URDFElement><URDFElement z:Id="i234" i:type="Geometry"><Attributes/><ChildElements><URDFElement z:Id="i235" i:type="Mesh"><Attributes><Attribute z:Id="i236"><AttributeType>filename</AttributeType><IsRequired>true</IsRequired><Value i:nil="true"/></Attribute></Attributes><ChildElements/><ElementName>mesh</ElementName><required>false</required><FilenameAttribute z:Ref="i236"/></URDFElement></ChildElements><ElementName>geometry</ElementName><required>true</required><Mesh z:Ref="i235"/></URDFElement></ChildElements><ElementName>collision</ElementName><required>false</required><Geometry z:Ref="i234"/><Origin z:Ref="i231"/></URDFElement><URDFElement z:Id="i237" i:type="Joint"><Attributes><Attribute z:Id="i238"><AttributeType>name</AttributeType><IsRequired>true</IsRequired><Value i:type="a:string" xmlns:a="http://www.w3.org/2001/XMLSchema">right_wheel</Value></Attribute><Attribute z:Id="i239"><AttributeType>type</AttributeType><IsRequired>true</IsRequired><Value i:type="a:string" xmlns:a="http://www.w3.org/2001/XMLSchema">continuous</Value></Attribute></Attributes><ChildElements><URDFElement z:Id="i240" i:type="Origin"><Attributes><Attribute z:Id="i241"><AttributeType>xyz</AttributeType><IsRequired>true</IsRequired><Value i:type="a:ArrayOfdouble" xmlns:a="http://schemas.microsoft.com/2003/10/Serialization/Arrays"><a:double>0.0015755697007704406</a:double><a:double>-0.17502025768769183</a:double><a:double>0.015000000004217473</a:double></Value></Attribute><Attribute z:Id="i242"><AttributeType>rpy</AttributeType><IsRequired>true</IsRequired><Value i:type="a:ArrayOfdouble" xmlns:a="http://schemas.microsoft.com/2003/10/Serialization/Arrays"><a:double>0</a:double><a:double>0</a:double><a:double>0</a:double></Value></Attribute></Attributes><ChildElements/><ElementName>origin</ElementName><required>false</required><RPYAttribute z:Ref="i242"/><XYZAttribute z:Ref="i241"/><isCustomized>false</isCustomized></URDFElement><URDFElement z:Id="i243" i:type="ParentLink"><Attributes><Attribute z:Id="i244"><AttributeType>link</AttributeType><IsRequired>true</IsRequired><Value i:type="a:string" xmlns:a="http://www.w3.org/2001/XMLSchema">base_link</Value></Attribute></Attributes><ChildElements/><ElementName>parent</ElementName><required>true</required><NameAttribute z:Ref="i244"/></URDFElement><URDFElement z:Id="i245" i:type="ChildLink"><Attributes><Attribute z:Id="i246"><AttributeType>link</AttributeType><IsRequired>true</IsRequired><Value i:type="a:string" xmlns:a="http://www.w3.org/2001/XMLSchema">right_wheel_link</Value></Attribute></Attributes><ChildElements/><ElementName>child</ElementName><required>true</required><NameAttribute z:Ref="i246"/></URDFElement><URDFElement z:Id="i247" i:type="Axis"><Attributes><Attribute z:Id="i248"><AttributeType>xyz</AttributeType><IsRequired>true</IsRequired><Value i:type="a:ArrayOfdouble" xmlns:a="http://schemas.microsoft.com/2003/10/Serialization/Arrays"><a:double>-0.00825691107326283</a:double><a:double>0.99996591112873856</a:double><a:double>0</a:double></Value></Attribute></Attributes><ChildElements/><ElementName>axis</ElementName><required>false</required><XYZAttribute z:Ref="i248"/></URDFElement><URDFElement z:Id="i249" i:type="Limit"><Attributes><Attribute z:Id="i250"><AttributeType>lower</AttributeType><IsRequired>false</IsRequired><Value i:nil="true"/></Attribute><Attribute z:Id="i251"><AttributeType>upper</AttributeType><IsRequired>false</IsRequired><Value i:nil="true"/></Attribute><Attribute z:Id="i252"><AttributeType>effort</AttributeType><IsRequired>true</IsRequired><Value i:nil="true"/></Attribute><Attribute z:Id="i253"><AttributeType>velocity</AttributeType><IsRequired>true</IsRequired><Value i:nil="true"/></Attribute></Attributes><ChildElements/><ElementName>limit</ElementName><required>false</required><EffortAttribute z:Ref="i252"/><LowerAttribute z:Ref="i250"/><UpperAttribute z:Ref="i251"/><VelocityAttribute z:Ref="i253"/></URDFElement><URDFElement z:Id="i254" i:type="Calibration"><Attributes><Attribute z:Id="i255"><AttributeType>rising</AttributeType><IsRequired>false</IsRequired><Value i:nil="true"/></Attribute><Attribute z:Id="i256"><AttributeType>falling</AttributeType><IsRequired>false</IsRequired><Value i:nil="true"/></Attribute></Attributes><ChildElements/><ElementName>calibration</ElementName><required>false</required><FallingAttribute z:Ref="i256"/><RisingAttribute z:Ref="i255"/></URDFElement><URDFElement z:Id="i257" i:type="Dynamics"><Attributes><Attribute z:Id="i258"><AttributeType>damping</AttributeType><IsRequired>false</IsRequired><Value i:nil="true"/></Attribute><Attribute z:Id="i259"><AttributeType>friction</AttributeType><IsRequired>false</IsRequired><Value i:nil="true"/></Attribute></Attributes><ChildElements/><ElementName>dynamics</ElementName><required>false</required><DampingAttribute z:Ref="i258"/><FrictionAttribute z:Ref="i259"/></URDFElement><URDFElement z:Id="i260" i:type="SafetyController"><Attributes><Attribute z:Id="i261"><AttributeType>soft_upper_limit</AttributeType><IsRequired>false</IsRequired><Value i:nil="true"/></Attribute><Attribute z:Id="i262"><AttributeType>soft_lower_limit</AttributeType><IsRequired>false</IsRequired><Value i:nil="true"/></Attribute><Attribute z:Id="i263"><AttributeType>k_position</AttributeType><IsRequired>false</IsRequired><Value i:nil="true"/></Attribute><Attribute z:Id="i264"><AttributeType>k_velocity</AttributeType><IsRequired>true</IsRequired><Value i:nil="true"/></Attribute></Attributes><ChildElements/><ElementName>safety_controller</ElementName><required>false</required><KPositionAttribute z:Ref="i263"/><KVelocityAttribute z:Ref="i264"/><SoftLowerAttribute z:Ref="i262"/><SoftUpperAttribute z:Ref="i261"/></URDFElement><URDFElement z:Id="i265" i:type="Mimic"><Attributes><Attribute z:Id="i266"><AttributeType>joint</AttributeType><IsRequired>true</IsRequired><Value i:nil="true"/></Attribute><Attribute z:Id="i267"><AttributeType>multiplier</AttributeType><IsRequired>false</IsRequired><Value i:nil="true"/></Attribute><Attribute z:Id="i268"><AttributeType>offset</AttributeType><IsRequired>false</IsRequired><Value i:nil="true"/></Attribute></Attributes><ChildElements/><ElementName>mimic</ElementName><required>false</required><JointNameAttribute z:Ref="i266"/><MultiplierAttribute z:Ref="i267"/><OffsetAttribute z:Ref="i268"/></URDFElement></ChildElements><ElementName>joint</ElementName><required>false</required><Axis z:Ref="i247"/><AxisName>Axis2</AxisName><Calibration z:Ref="i254"/><Child z:Ref="i245"/><CoordinateSystemName>Coordinate System6</CoordinateSystemName><Dynamics z:Ref="i257"/><Limit z:Ref="i249"/><Mimic z:Ref="i265"/><NameAttribute z:Ref="i238"/><Origin z:Ref="i240"/><Parent z:Ref="i243"/><Safety z:Ref="i260"/><TypeAttribute z:Ref="i239"/></URDFElement></ChildElements><ElementName>link</ElementName><required>true</required><Children/><Collision z:Ref="i230"/><Inertial z:Ref="i204"/><Joint z:Ref="i237"/><NameAttribute z:Ref="i203"/><Parent z:Ref="i1"/><STLQualityFine>false</STLQualityFine><SWComponentPIDs xmlns:a="http://schemas.microsoft.com/2003/10/Serialization/Arrays"><a:base64Binary>aEIAAAUAAAD//v8gbQBvAHQAbwByAGUAZABpAHQALQA0AEAAcgBvAGIAbwBWADMAKAB1AHIAZABmAF8AYwBoAGEAbgBnAGUAZAApAAQAAAAQAAAAAQAAAAEAAADOBQAA</a:base64Binary></SWComponentPIDs><SWMainComponentPID i:nil="true"/><Visual z:Ref="i217"/><isFixedFrame>false</isFixedFrame><isIncomplete>false</isIncomplete></Link><Link z:Id="i269"><Attributes><Attribute z:Id="i270"><AttributeType>name</AttributeType><IsRequired>true</IsRequired><Value i:type="a:string" xmlns:a="http://www.w3.org/2001/XMLSchema">left_wheel_link</Value></Attribute></Attributes><ChildElements><URDFElement z:Id="i271" i:type="Inertial"><Attributes/><ChildElements><URDFElement z:Id="i272" i:type="Origin"><Attributes><Attribute z:Id="i273"><AttributeType>xyz</AttributeType><IsRequired>true</IsRequired><Value i:type="a:ArrayOfdouble" xmlns:a="http://schemas.microsoft.com/2003/10/Serialization/Arrays"><a:double>-0.00024358782977862425</a:double><a:double>0.029500099045563943</a:double><a:double>8.0114970213429615E-11</a:double></Value></Attribute><Attribute z:Id="i274"><AttributeType>rpy</AttributeType><IsRequired>true</IsRequired><Value i:type="a:ArrayOfdouble" xmlns:a="http://schemas.microsoft.com/2003/10/Serialization/Arrays"><a:double>0</a:double><a:double>0</a:double><a:double>0</a:double></Value></Attribute></Attributes><ChildElements/><ElementName>origin</ElementName><required>false</required><RPYAttribute z:Ref="i274"/><XYZAttribute z:Ref="i273"/><isCustomized>false</isCustomized></URDFElement><URDFElement z:Id="i275" i:type="Mass"><Attributes><Attribute z:Id="i276"><AttributeType>value</AttributeType><IsRequired>true</IsRequired><Value i:type="a:double" xmlns:a="http://www.w3.org/2001/XMLSchema">0.98170665090244258</Value></Attribute></Attributes><ChildElements/><ElementName>mass</ElementName><required>false</required><ValueAttribute z:Ref="i276"/></URDFElement><URDFElement z:Id="i277" i:type="Inertia"><Attributes><Attribute z:Id="i278"><AttributeType>ixx</AttributeType><IsRequired>true</IsRequired><Value i:type="a:double" xmlns:a="http://www.w3.org/2001/XMLSchema">0.0016529912083484673</Value></Attribute><Attribute z:Id="i279"><AttributeType>ixy</AttributeType><IsRequired>true</IsRequired><Value i:type="a:double" xmlns:a="http://www.w3.org/2001/XMLSchema">-1.0124910987100605E-05</Value></Attribute><Attribute z:Id="i280"><AttributeType>ixz</AttributeType><IsRequired>true</IsRequired><Value i:type="a:double" xmlns:a="http://www.w3.org/2001/XMLSchema">-1.4498411509328035E-08</Value></Attribute><Attribute z:Id="i281"><AttributeType>iyy</AttributeType><IsRequired>true</IsRequired><Value i:type="a:double" xmlns:a="http://www.w3.org/2001/XMLSchema">0.0028786195090139259</Value></Attribute><Attribute z:Id="i282"><AttributeType>iyz</AttributeType><IsRequired>true</IsRequired><Value i:type="a:double" xmlns:a="http://www.w3.org/2001/XMLSchema">7.25004217200697E-11</Value></Attribute><Attribute z:Id="i283"><AttributeType>izz</AttributeType><IsRequired>true</IsRequired><Value i:type="a:double" xmlns:a="http://www.w3.org/2001/XMLSchema">0.001652919882344762</Value></Attribute></Attributes><ChildElements/><ElementName>inertia</ElementName><required>false</required><IxxAttribute z:Ref="i278"/><IxyAttribute z:Ref="i279"/><IxzAttribute z:Ref="i280"/><IyyAttribute z:Ref="i281"/><IyzAttribute z:Ref="i282"/><IzzAttribute z:Ref="i283"/></URDFElement></ChildElements><ElementName>inertial</ElementName><required>false</required><Inertia z:Ref="i277"/><Mass z:Ref="i275"/><Origin z:Ref="i272"/></URDFElement><URDFElement z:Id="i284" i:type="Visual"><Attributes/><ChildElements><URDFElement z:Id="i285" i:type="Origin"><Attributes><Attribute z:Id="i286"><AttributeType>xyz</AttributeType><IsRequired>true</IsRequired><Value i:type="a:ArrayOfdouble" xmlns:a="http://schemas.microsoft.com/2003/10/Serialization/Arrays"><a:double>0</a:double><a:double>0</a:double><a:double>0</a:double></Value></Attribute><Attribute z:Id="i287"><AttributeType>rpy</AttributeType><IsRequired>true</IsRequired><Value i:type="a:ArrayOfdouble" xmlns:a="http://schemas.microsoft.com/2003/10/Serialization/Arrays"><a:double>0</a:double><a:double>0</a:double><a:double>0</a:double></Value></Attribute></Attributes><ChildElements/><ElementName>origin</ElementName><required>false</required><RPYAttribute z:Ref="i287"/><XYZAttribute z:Ref="i286"/><isCustomized>false</isCustomized></URDFElement><URDFElement z:Id="i288" i:type="Geometry"><Attributes/><ChildElements><URDFElement z:Id="i289" i:type="Mesh"><Attributes><Attribute z:Id="i290"><AttributeType>filename</AttributeType><IsRequired>true</IsRequired><Value i:nil="true"/></Attribute></Attributes><ChildElements/><ElementName>mesh</ElementName><required>false</required><FilenameAttribute z:Ref="i290"/></URDFElement></ChildElements><ElementName>geometry</ElementName><required>true</required><Mesh z:Ref="i289"/></URDFElement><URDFElement z:Id="i291" i:type="Material"><Attributes><Attribute z:Id="i292"><AttributeType>name</AttributeType><IsRequired>true</IsRequired><Value i:type="a:string" xmlns:a="http://www.w3.org/2001/XMLSchema"/></Attribute></Attributes><ChildElements><URDFElement z:Id="i293" i:type="Color"><Attributes><Attribute z:Id="i294"><AttributeType>rgba</AttributeType><IsRequired>true</IsRequired><Value i:type="a:ArrayOfdouble" xmlns:a="http://schemas.microsoft.com/2003/10/Serialization/Arrays"><a:double>0.2</a:double><a:double>0.2</a:double><a:double>0.2</a:double><a:double>1</a:double></Value></Attribute></Attributes><ChildElements/><ElementName>color</ElementName><required>false</required><RGBAAttribute z:Ref="i294"/></URDFElement><URDFElement z:Id="i295" i:type="Texture"><Attributes><Attribute z:Id="i296"><AttributeType>filename</AttributeType><IsRequired>true</IsRequired><Value i:nil="true"/></Attribute></Attributes><ChildElements/><ElementName>texture</ElementName><required>false</required><FilenameAttribute z:Ref="i296"/><wFilename/></URDFElement></ChildElements><ElementName>material</ElementName><required>false</required><Color z:Ref="i293"/><NameAttribute z:Ref="i292"/><Texture z:Ref="i295"/></URDFElement></ChildElements><ElementName>visual</ElementName><required>false</required><Geometry z:Ref="i288"/><Material z:Ref="i291"/><Origin z:Ref="i285"/></URDFElement><URDFElement z:Id="i297" i:type="Collision"><Attributes/><ChildElements><URDFElement z:Id="i298" i:type="Origin"><Attributes><Attribute z:Id="i299"><AttributeType>xyz</AttributeType><IsRequired>true</IsRequired><Value i:type="a:ArrayOfdouble" xmlns:a="http://schemas.microsoft.com/2003/10/Serialization/Arrays"><a:double>0</a:double><a:double>0</a:double><a:double>0</a:double></Value></Attribute><Attribute z:Id="i300"><AttributeType>rpy</AttributeType><IsRequired>true</IsRequired><Value i:type="a:ArrayOfdouble" xmlns:a="http://schemas.microsoft.com/2003/10/Serialization/Arrays"><a:double>0</a:double><a:double>0</a:double><a:double>0</a:double></Value></Attribute></Attributes><ChildElements/><ElementName>origin</ElementName><required>false</required><RPYAttribute z:Ref="i300"/><XYZAttribute z:Ref="i299"/><isCustomized>false</isCustomized></URDFElement><URDFElement z:Id="i301" i:type="Geometry"><Attributes/><ChildElements><URDFElement z:Id="i302" i:type="Mesh"><Attributes><Attribute z:Id="i303"><AttributeType>filename</AttributeType><IsRequired>true</IsRequired><Value i:nil="true"/></Attribute></Attributes><ChildElements/><ElementName>mesh</ElementName><required>false</required><FilenameAttribute z:Ref="i303"/></URDFElement></ChildElements><ElementName>geometry</ElementName><required>true</required><Mesh z:Ref="i302"/></URDFElement></ChildElements><ElementName>collision</ElementName><required>false</required><Geometry z:Ref="i301"/><Origin z:Ref="i298"/></URDFElement><URDFElement z:Id="i304" i:type="Joint"><Attributes><Attribute z:Id="i305"><AttributeType>name</AttributeType><IsRequired>true</IsRequired><Value i:type="a:string" xmlns:a="http://www.w3.org/2001/XMLSchema">left_wheel</Value></Attribute><Attribute z:Id="i306"><AttributeType>type</AttributeType><IsRequired>true</IsRequired><Value i:type="a:string" xmlns:a="http://www.w3.org/2001/XMLSchema">continuous</Value></Attribute></Attributes><ChildElements><URDFElement z:Id="i307" i:type="Origin"><Attributes><Attribute z:Id="i308"><AttributeType>xyz</AttributeType><IsRequired>true</IsRequired><Value i:type="a:ArrayOfdouble" xmlns:a="http://schemas.microsoft.com/2003/10/Serialization/Arrays"><a:double>-0.001314349174873275</a:double><a:double>0.17496781120736421</a:double><a:double>0.015000000004217529</a:double></Value></Attribute><Attribute z:Id="i309"><AttributeType>rpy</AttributeType><IsRequired>true</IsRequired><Value i:type="a:ArrayOfdouble" xmlns:a="http://schemas.microsoft.com/2003/10/Serialization/Arrays"><a:double>0</a:double><a:double>0</a:double><a:double>0</a:double></Value></Attribute></Attributes><ChildElements/><ElementName>origin</ElementName><required>false</required><RPYAttribute z:Ref="i309"/><XYZAttribute z:Ref="i308"/><isCustomized>false</isCustomized></URDFElement><URDFElement z:Id="i310" i:type="ParentLink"><Attributes><Attribute z:Id="i311"><AttributeType>link</AttributeType><IsRequired>true</IsRequired><Value i:type="a:string" xmlns:a="http://www.w3.org/2001/XMLSchema">base_link</Value></Attribute></Attributes><ChildElements/><ElementName>parent</ElementName><required>true</required><NameAttribute z:Ref="i311"/></URDFElement><URDFElement z:Id="i312" i:type="ChildLink"><Attributes><Attribute z:Id="i313"><AttributeType>link</AttributeType><IsRequired>true</IsRequired><Value i:type="a:string" xmlns:a="http://www.w3.org/2001/XMLSchema">left_wheel_link</Value></Attribute></Attributes><ChildElements/><ElementName>child</ElementName><required>true</required><NameAttribute z:Ref="i313"/></URDFElement><URDFElement z:Id="i314" i:type="Axis"><Attributes><Attribute z:Id="i315"><AttributeType>xyz</AttributeType><IsRequired>true</IsRequired><Value i:type="a:ArrayOfdouble" xmlns:a="http://schemas.microsoft.com/2003/10/Serialization/Arrays"><a:double>0.0082569110732628129</a:double><a:double>-0.99996591112873856</a:double><a:double>0</a:double></Value></Attribute></Attributes><ChildElements/><ElementName>axis</ElementName><required>false</required><XYZAttribute z:Ref="i315"/></URDFElement><URDFElement z:Id="i316" i:type="Limit"><Attributes><Attribute z:Id="i317"><AttributeType>lower</AttributeType><IsRequired>false</IsRequired><Value i:nil="true"/></Attribute><Attribute z:Id="i318"><AttributeType>upper</AttributeType><IsRequired>false</IsRequired><Value i:nil="true"/></Attribute><Attribute z:Id="i319"><AttributeType>effort</AttributeType><IsRequired>true</IsRequired><Value i:nil="true"/></Attribute><Attribute z:Id="i320"><AttributeType>velocity</AttributeType><IsRequired>true</IsRequired><Value i:nil="true"/></Attribute></Attributes><ChildElements/><ElementName>limit</ElementName><required>false</required><EffortAttribute z:Ref="i319"/><LowerAttribute z:Ref="i317"/><UpperAttribute z:Ref="i318"/><VelocityAttribute z:Ref="i320"/></URDFElement><URDFElement z:Id="i321" i:type="Calibration"><Attributes><Attribute z:Id="i322"><AttributeType>rising</AttributeType><IsRequired>false</IsRequired><Value i:nil="true"/></Attribute><Attribute z:Id="i323"><AttributeType>falling</AttributeType><IsRequired>false</IsRequired><Value i:nil="true"/></Attribute></Attributes><ChildElements/><ElementName>calibration</ElementName><required>false</required><FallingAttribute z:Ref="i323"/><RisingAttribute z:Ref="i322"/></URDFElement><URDFElement z:Id="i324" i:type="Dynamics"><Attributes><Attribute z:Id="i325"><AttributeType>damping</AttributeType><IsRequired>false</IsRequired><Value i:nil="true"/></Attribute><Attribute z:Id="i326"><AttributeType>friction</AttributeType><IsRequired>false</IsRequired><Value i:nil="true"/></Attribute></Attributes><ChildElements/><ElementName>dynamics</ElementName><required>false</required><DampingAttribute z:Ref="i325"/><FrictionAttribute z:Ref="i326"/></URDFElement><URDFElement z:Id="i327" i:type="SafetyController"><Attributes><Attribute z:Id="i328"><AttributeType>soft_upper_limit</AttributeType><IsRequired>false</IsRequired><Value i:nil="true"/></Attribute><Attribute z:Id="i329"><AttributeType>soft_lower_limit</AttributeType><IsRequired>false</IsRequired><Value i:nil="true"/></Attribute><Attribute z:Id="i330"><AttributeType>k_position</AttributeType><IsRequired>false</IsRequired><Value i:nil="true"/></Attribute><Attribute z:Id="i331"><AttributeType>k_velocity</AttributeType><IsRequired>true</IsRequired><Value i:nil="true"/></Attribute></Attributes><ChildElements/><ElementName>safety_controller</ElementName><required>false</required><KPositionAttribute z:Ref="i330"/><KVelocityAttribute z:Ref="i331"/><SoftLowerAttribute z:Ref="i329"/><SoftUpperAttribute z:Ref="i328"/></URDFElement><URDFElement z:Id="i332" i:type="Mimic"><Attributes><Attribute z:Id="i333"><AttributeType>joint</AttributeType><IsRequired>true</IsRequired><Value i:nil="true"/></Attribute><Attribute z:Id="i334"><AttributeType>multiplier</AttributeType><IsRequired>false</IsRequired><Value i:nil="true"/></Attribute><Attribute z:Id="i335"><AttributeType>offset</AttributeType><IsRequired>false</IsRequired><Value i:nil="true"/></Attribute></Attributes><ChildElements/><ElementName>mimic</ElementName><required>false</required><JointNameAttribute z:Ref="i333"/><MultiplierAttribute z:Ref="i334"/><OffsetAttribute z:Ref="i335"/></URDFElement></ChildElements><ElementName>joint</ElementName><required>false</required><Axis z:Ref="i314"/><AxisName>Axis3</AxisName><Calibration z:Ref="i321"/><Child z:Ref="i312"/><CoordinateSystemName>Coordinate System7</CoordinateSystemName><Dynamics z:Ref="i324"/><Limit z:Ref="i316"/><Mimic z:Ref="i332"/><NameAttribute z:Ref="i305"/><Origin z:Ref="i307"/><Parent z:Ref="i310"/><Safety z:Ref="i327"/><TypeAttribute z:Ref="i306"/></URDFElement></ChildElements><ElementName>link</ElementName><required>true</required><Children/><Collision z:Ref="i297"/><Inertial z:Ref="i271"/><Joint z:Ref="i304"/><NameAttribute z:Ref="i270"/><Parent z:Ref="i1"/><STLQualityFine>false</STLQualityFine><SWComponentPIDs xmlns:a="http://schemas.microsoft.com/2003/10/Serialization/Arrays"><a:base64Binary>aEIAAAUAAAD//v8gbQBvAHQAbwByAGUAZABpAHQALQAzAEAAcgBvAGIAbwBWADMAKAB1AHIAZABmAF8AYwBoAGEAbgBnAGUAZAApAAQAAAAQAAAAAQAAAAEAAADKAgAA</a:base64Binary></SWComponentPIDs><SWMainComponentPID i:nil="true"/><Visual z:Ref="i284"/><isFixedFrame>false</isFixedFrame><isIncomplete>false</isIncomplete></Link><Link z:Id="i336"><Attributes><Attribute z:Id="i337"><AttributeType>name</AttributeType><IsRequired>true</IsRequired><Value i:type="a:string" xmlns:a="http://www.w3.org/2001/XMLSchema">camera_link</Value></Attribute></Attributes><ChildElements><URDFElement z:Id="i338" i:type="Inertial"><Attributes/><ChildElements><URDFElement z:Id="i339" i:type="Origin"><Attributes><Attribute z:Id="i340"><AttributeType>xyz</AttributeType><IsRequired>true</IsRequired><Value i:type="a:ArrayOfdouble" xmlns:a="http://schemas.microsoft.com/2003/10/Serialization/Arrays"><a:double>-0.028697404385694125</a:double><a:double>-0.0031532314154304464</a:double><a:double>-0.0069642717036180191</a:double></Value></Attribute><Attribute z:Id="i341"><AttributeType>rpy</AttributeType><IsRequired>true</IsRequired><Value i:type="a:ArrayOfdouble" xmlns:a="http://schemas.microsoft.com/2003/10/Serialization/Arrays"><a:double>0</a:double><a:double>0</a:double><a:double>0</a:double></Value></Attribute></Attributes><ChildElements/><ElementName>origin</ElementName><required>false</required><RPYAttribute z:Ref="i341"/><XYZAttribute z:Ref="i340"/><isCustomized>false</isCustomized></URDFElement><URDFElement z:Id="i342" i:type="Mass"><Attributes><Attribute z:Id="i343"><AttributeType>value</AttributeType><IsRequired>true</IsRequired><Value i:type="a:double" xmlns:a="http://www.w3.org/2001/XMLSchema">0.64645488472217061</Value></Attribute></Attributes><ChildElements/><ElementName>mass</ElementName><required>false</required><ValueAttribute z:Ref="i343"/></URDFElement><URDFElement z:Id="i344" i:type="Inertia"><Attributes><Attribute z:Id="i345"><AttributeType>ixx</AttributeType><IsRequired>true</IsRequired><Value i:type="a:double" xmlns:a="http://www.w3.org/2001/XMLSchema">0.0028423827313704009</Value></Attribute><Attribute z:Id="i346"><AttributeType>ixy</AttributeType><IsRequired>true</IsRequired><Value i:type="a:double" xmlns:a="http://www.w3.org/2001/XMLSchema">1.8727304572263625E-05</Value></Attribute><Attribute z:Id="i347"><AttributeType>ixz</AttributeType><IsRequired>true</IsRequired><Value i:type="a:double" xmlns:a="http://www.w3.org/2001/XMLSchema">1.4807509093609594E-07</Value></Attribute><Attribute z:Id="i348"><AttributeType>iyy</AttributeType><IsRequired>true</IsRequired><Value i:type="a:double" xmlns:a="http://www.w3.org/2001/XMLSchema">0.00026375863424418577</Value></Attribute><Attribute z:Id="i349"><AttributeType>iyz</AttributeType><IsRequired>true</IsRequired><Value i:type="a:double" xmlns:a="http://www.w3.org/2001/XMLSchema">-3.33736128214466E-08</Value></Attribute><Attribute z:Id="i350"><AttributeType>izz</AttributeType><IsRequired>true</IsRequired><Value i:type="a:double" xmlns:a="http://www.w3.org/2001/XMLSchema">0.0029627405896730757</Value></Attribute></Attributes><ChildElements/><ElementName>inertia</ElementName><required>false</required><IxxAttribute z:Ref="i345"/><IxyAttribute z:Ref="i346"/><IxzAttribute z:Ref="i347"/><IyyAttribute z:Ref="i348"/><IyzAttribute z:Ref="i349"/><IzzAttribute z:Ref="i350"/></URDFElement></ChildElements><ElementName>inertial</ElementName><required>false</required><Inertia z:Ref="i344"/><Mass z:Ref="i342"/><Origin z:Ref="i339"/></URDFElement><URDFElement z:Id="i351" i:type="Visual"><Attributes/><ChildElements><URDFElement z:Id="i352" i:type="Origin"><Attributes><Attribute z:Id="i353"><AttributeType>xyz</AttributeType><IsRequired>true</IsRequired><Value i:type="a:ArrayOfdouble" xmlns:a="http://schemas.microsoft.com/2003/10/Serialization/Arrays"><a:double>0</a:double><a:double>0</a:double><a:double>0</a:double></Value></Attribute><Attribute z:Id="i354"><AttributeType>rpy</AttributeType><IsRequired>true</IsRequired><Value i:type="a:ArrayOfdouble" xmlns:a="http://schemas.microsoft.com/2003/10/Serialization/Arrays"><a:double>0</a:double><a:double>0</a:double><a:double>0</a:double></Value></Attribute></Attributes><ChildElements/><ElementName>origin</ElementName><required>false</required><RPYAttribute z:Ref="i354"/><XYZAttribute z:Ref="i353"/><isCustomized>false</isCustomized></URDFElement><URDFElement z:Id="i355" i:type="Geometry"><Attributes/><ChildElements><URDFElement z:Id="i356" i:type="Mesh"><Attributes><Attribute z:Id="i357"><AttributeType>filename</AttributeType><IsRequired>true</IsRequired><Value i:nil="true"/></Attribute></Attributes><ChildElements/><ElementName>mesh</ElementName><required>false</required><FilenameAttribute z:Ref="i357"/></URDFElement></ChildElements><ElementName>geometry</ElementName><required>true</required><Mesh z:Ref="i356"/></URDFElement><URDFElement z:Id="i358" i:type="Material"><Attributes><Attribute z:Id="i359"><AttributeType>name</AttributeType><IsRequired>true</IsRequired><Value i:type="a:string" xmlns:a="http://www.w3.org/2001/XMLSchema"/></Attribute></Attributes><ChildElements><URDFElement z:Id="i360" i:type="Color"><Attributes><Attribute z:Id="i361"><AttributeType>rgba</AttributeType><IsRequired>true</IsRequired><Value i:type="a:ArrayOfdouble" xmlns:a="http://schemas.microsoft.com/2003/10/Serialization/Arrays"><a:double>0.75294117647058822</a:double><a:double>0.75294117647058822</a:double><a:double>0.75294117647058822</a:double><a:double>1</a:double></Value></Attribute></Attributes><ChildElements/><ElementName>color</ElementName><required>false</required><RGBAAttribute z:Ref="i361"/></URDFElement><URDFElement z:Id="i362" i:type="Texture"><Attributes><Attribute z:Id="i363"><AttributeType>filename</AttributeType><IsRequired>true</IsRequired><Value i:nil="true"/></Attribute></Attributes><ChildElements/><ElementName>texture</ElementName><required>false</required><FilenameAttribute z:Ref="i363"/><wFilename/></URDFElement></ChildElements><ElementName>material</ElementName><required>false</required><Color z:Ref="i360"/><NameAttribute z:Ref="i359"/><Texture z:Ref="i362"/></URDFElement></ChildElements><ElementName>visual</ElementName><required>false</required><Geometry z:Ref="i355"/><Material z:Ref="i358"/><Origin z:Ref="i352"/></URDFElement><URDFElement z:Id="i364" i:type="Collision"><Attributes/><ChildElements><URDFElement z:Id="i365" i:type="Origin"><Attributes><Attribute z:Id="i366"><AttributeType>xyz</AttributeType><IsRequired>true</IsRequired><Value i:type="a:ArrayOfdouble" xmlns:a="http://schemas.microsoft.com/2003/10/Serialization/Arrays"><a:double>0</a:double><a:double>0</a:double><a:double>0</a:double></Value></Attribute><Attribute z:Id="i367"><AttributeType>rpy</AttributeType><IsRequired>true</IsRequired><Value i:type="a:ArrayOfdouble" xmlns:a="http://schemas.microsoft.com/2003/10/Serialization/Arrays"><a:double>0</a:double><a:double>0</a:double><a:double>0</a:double></Value></Attribute></Attributes><ChildElements/><ElementName>origin</ElementName><required>false</required><RPYAttribute z:Ref="i367"/><XYZAttribute z:Ref="i366"/><isCustomized>false</isCustomized></URDFElement><URDFElement z:Id="i368" i:type="Geometry"><Attributes/><ChildElements><URDFElement z:Id="i369" i:type="Mesh"><Attributes><Attribute z:Id="i370"><AttributeType>filename</AttributeType><IsRequired>true</IsRequired><Value i:nil="true"/></Attribute></Attributes><ChildElements/><ElementName>mesh</ElementName><required>false</required><FilenameAttribute z:Ref="i370"/></URDFElement></ChildElements><ElementName>geometry</ElementName><required>true</required><Mesh z:Ref="i369"/></URDFElement></ChildElements><ElementName>collision</ElementName><required>false</required><Geometry z:Ref="i368"/><Origin z:Ref="i365"/></URDFElement><URDFElement z:Id="i371" i:type="Joint"><Attributes><Attribute z:Id="i372"><AttributeType>name</AttributeType><IsRequired>true</IsRequired><Value i:type="a:string" xmlns:a="http://www.w3.org/2001/XMLSchema">cam</Value></Attribute><Attribute z:Id="i373"><AttributeType>type</AttributeType><IsRequired>true</IsRequired><Value i:type="a:string" xmlns:a="http://www.w3.org/2001/XMLSchema">fixed</Value></Attribute></Attributes><ChildElements><URDFElement z:Id="i374" i:type="Origin"><Attributes><Attribute z:Id="i375"><AttributeType>xyz</AttributeType><IsRequired>true</IsRequired><Value i:type="a:ArrayOfdouble" xmlns:a="http://schemas.microsoft.com/2003/10/Serialization/Arrays"><a:double>0.26495227055491077</a:double><a:double>0.0053582123173611662</a:double><a:double>0.28442516461510226</a:double></Value></Attribute><Attribute z:Id="i376"><AttributeType>rpy</AttributeType><IsRequired>true</IsRequired><Value i:type="a:ArrayOfdouble" xmlns:a="http://schemas.microsoft.com/2003/10/Serialization/Arrays"><a:double>0</a:double><a:double>0</a:double><a:double>0</a:double></Value></Attribute></Attributes><ChildElements/><ElementName>origin</ElementName><required>false</required><RPYAttribute z:Ref="i376"/><XYZAttribute z:Ref="i375"/><isCustomized>false</isCustomized></URDFElement><URDFElement z:Id="i377" i:type="ParentLink"><Attributes><Attribute z:Id="i378"><AttributeType>link</AttributeType><IsRequired>true</IsRequired><Value i:type="a:string" xmlns:a="http://www.w3.org/2001/XMLSchema">base_link</Value></Attribute></Attributes><ChildElements/><ElementName>parent</ElementName><required>true</required><NameAttribute z:Ref="i378"/></URDFElement><URDFElement z:Id="i379" i:type="ChildLink"><Attributes><Attribute z:Id="i380"><AttributeType>link</AttributeType><IsRequired>true</IsRequired><Value i:type="a:string" xmlns:a="http://www.w3.org/2001/XMLSchema">camera_link</Value></Attribute></Attributes><ChildElements/><ElementName>child</ElementName><required>true</required><NameAttribute z:Ref="i380"/></URDFElement><URDFElement z:Id="i381" i:type="Axis"><Attributes><Attribute z:Id="i382"><AttributeType>xyz</AttributeType><IsRequired>true</IsRequired><Value i:type="a:ArrayOfdouble" xmlns:a="http://schemas.microsoft.com/2003/10/Serialization/Arrays"><a:double>0</a:double><a:double>0</a:double><a:double>0</a:double></Value></Attribute></Attributes><ChildElements/><ElementName>axis</ElementName><required>false</required><XYZAttribute z:Ref="i382"/></URDFElement><URDFElement z:Id="i383" i:type="Limit"><Attributes><Attribute z:Id="i384"><AttributeType>lower</AttributeType><IsRequired>false</IsRequired><Value i:nil="true"/></Attribute><Attribute z:Id="i385"><AttributeType>upper</AttributeType><IsRequired>false</IsRequired><Value i:nil="true"/></Attribute><Attribute z:Id="i386"><AttributeType>effort</AttributeType><IsRequired>true</IsRequired><Value i:nil="true"/></Attribute><Attribute z:Id="i387"><AttributeType>velocity</AttributeType><IsRequired>true</IsRequired><Value i:nil="true"/></Attribute></Attributes><ChildElements/><ElementName>limit</ElementName><required>false</required><EffortAttribute z:Ref="i386"/><LowerAttribute z:Ref="i384"/><UpperAttribute z:Ref="i385"/><VelocityAttribute z:Ref="i387"/></URDFElement><URDFElement z:Id="i388" i:type="Calibration"><Attributes><Attribute z:Id="i389"><AttributeType>rising</AttributeType><IsRequired>false</IsRequired><Value i:nil="true"/></Attribute><Attribute z:Id="i390"><AttributeType>falling</AttributeType><IsRequired>false</IsRequired><Value i:nil="true"/></Attribute></Attributes><ChildElements/><ElementName>calibration</ElementName><required>false</required><FallingAttribute z:Ref="i390"/><RisingAttribute z:Ref="i389"/></URDFElement><URDFElement z:Id="i391" i:type="Dynamics"><Attributes><Attribute z:Id="i392"><AttributeType>damping</AttributeType><IsRequired>false</IsRequired><Value i:nil="true"/></Attribute><Attribute z:Id="i393"><AttributeType>friction</AttributeType><IsRequired>false</IsRequired><Value i:nil="true"/></Attribute></Attributes><ChildElements/><ElementName>dynamics</ElementName><required>false</required><DampingAttribute z:Ref="i392"/><FrictionAttribute z:Ref="i393"/></URDFElement><URDFElement z:Id="i394" i:type="SafetyController"><Attributes><Attribute z:Id="i395"><AttributeType>soft_upper_limit</AttributeType><IsRequired>false</IsRequired><Value i:nil="true"/></Attribute><Attribute z:Id="i396"><AttributeType>soft_lower_limit</AttributeType><IsRequired>false</IsRequired><Value i:nil="true"/></Attribute><Attribute z:Id="i397"><AttributeType>k_position</AttributeType><IsRequired>false</IsRequired><Value i:nil="true"/></Attribute><Attribute z:Id="i398"><AttributeType>k_velocity</AttributeType><IsRequired>true</IsRequired><Value i:nil="true"/></Attribute></Attributes><ChildElements/><ElementName>safety_controller</ElementName><required>false</required><KPositionAttribute z:Ref="i397"/><KVelocityAttribute z:Ref="i398"/><SoftLowerAttribute z:Ref="i396"/><SoftUpperAttribute z:Ref="i395"/></URDFElement><URDFElement z:Id="i399" i:type="Mimic"><Attributes><Attribute z:Id="i400"><AttributeType>joint</AttributeType><IsRequired>true</IsRequired><Value i:nil="true"/></Attribute><Attribute z:Id="i401"><AttributeType>multiplier</AttributeType><IsRequired>false</IsRequired><Value i:nil="true"/></Attribute><Attribute z:Id="i402"><AttributeType>offset</AttributeType><IsRequired>false</IsRequired><Value i:nil="true"/></Attribute></Attributes><ChildElements/><ElementName>mimic</ElementName><required>false</required><JointNameAttribute z:Ref="i400"/><MultiplierAttribute z:Ref="i401"/><OffsetAttribute z:Ref="i402"/></URDFElement></ChildElements><ElementName>joint</ElementName><required>false</required><Axis z:Ref="i381"/><AxisName>Axis_cam</AxisName><Calibration z:Ref="i388"/><Child z:Ref="i379"/><CoordinateSystemName>Coordinate System8</CoordinateSystemName><Dynamics z:Ref="i391"/><Limit z:Ref="i383"/><Mimic z:Ref="i399"/><NameAttribute z:Ref="i372"/><Origin z:Ref="i374"/><Parent z:Ref="i377"/><Safety z:Ref="i394"/><TypeAttribute z:Ref="i373"/></URDFElement></ChildElements><ElementName>link</ElementName><required>true</required><Children/><Collision z:Ref="i364"/><Inertial z:Ref="i338"/><Joint z:Ref="i371"/><NameAttribute z:Ref="i337"/><Parent z:Ref="i1"/><STLQualityFine>false</STLQualityFine><SWComponentPIDs xmlns:a="http://schemas.microsoft.com/2003/10/Serialization/Arrays"><a:base64Binary>aEIAAAUAAAD//v8jZgBpAG4AYQBsACAAawBpAG4AZQBjAHQALQAxAEAAcgBvAGIAbwBWADMAKAB1AHIAZABmAF8AYwBoAGEAbgBnAGUAZAApAAQAAAAQAAAAAQAAAAEAAADeBwAA</a:base64Binary></SWComponentPIDs><SWMainComponentPID i:nil="true"/><Visual z:Ref="i351"/><isFixedFrame>false</isFixedFrame><isIncomplete>false</isIncomplete></Link></Children><Collision z:Ref="i29"/><Inertial z:Ref="i3"/><Joint z:Ref="i36"/><NameAttribute z:Ref="i2"/><Parent i:nil="true"/><STLQualityFine>false</STLQualityFine><SWComponentPIDs xmlns:a="http://schemas.microsoft.com/2003/10/Serialization/Arrays"><a:base64Binary>aEIAAAUAAAD//v8mYwB1AG0AXwBiAGEAbgBoAF8AeABlAF8AbABvAG4ALQAzAEAAcgBvAGIAbwBWADMAKAB1AHIAZABmAF8AYwBoAGEAbgBnAGUAZAApAAQAAAAQAAAAAQAAAAEAAACMAQAA</a:base64Binary><a:base64Binary>aEIAAAUAAAD//v8bMgAwAG0AbQAtADIAQAByAG8AYgBvAFYAMwAoAHUAcgBkAGYAXwBjAGgAYQBuAGcAZQBkACkABAAAABAAAAABAAAAAQAAACkCAAA=</a:base64Binary><a:base64Binary>aEIAAAUAAAD//v8bMgAwAG0AbQAtADgAQAByAG8AYgBvAFYAMwAoAHUAcgBkAGYAXwBjAGgAYQBuAGcAZQBkACkABAAAABAAAAABAAAAAQAAAC8CAAA=</a:base64Binary><a:base64Binary>aEIAAAUAAAD//v8gbQBvAHQAbwByAEEAeABpAHMALQAxAEAAcgBvAGIAbwBWADMAKAB1AHIAZABmAF8AYwBoAGEAbgBnAGUAZAApAAQAAAAQAAAAAQAAAAEAAACrAgAA</a:base64Binary><a:base64Binary>aEIAAAUAAAD//v8jbABpAGQAYQByAF8AcAB1AHMAaAB1AHAALQAxAEAAcgBvAGIAbwBWADMAKAB1AHIAZABmAF8AYwBoAGEAbgBnAGUAZAApAAQAAAAQAAAAAQAAAAEAAACHBAAA</a:base64Binary><a:base64Binary>aEIAAAUAAAD//v8ncwB0AGEAbgBkAG8AZgBmAF8ATQAyAF8AMgAwAG0AbQAtADEAQAByAG8AYgBvAFYAMwAoAHUAcgBkAGYAXwBjAGgAYQBuAGcAZQBkACkABAAAABAAAAABAAAAAQAAAMkEAAA=</a:base64Binary><a:base64Binary>aEIAAAUAAAD//v8ncwB0AGEAbgBkAG8AZgBmAF8ATQAyAF8AMgAwAG0AbQAtADMAQAByAG8AYgBvAFYAMwAoAHUAcgBkAGYAXwBjAGgAYQBuAGcAZQBkACkABAAAABAAAAABAAAAAQAAANAEAAA=</a:base64Binary><a:base64Binary>aEIAAAUAAAD//v8ncwB0AGEAbgBkAG8AZgBmAF8ATQAyAF8AMgAwAG0AbQAtADQAQAByAG8AYgBvAFYAMwAoAHUAcgBkAGYAXwBjAGgAYQBuAGcAZQBkACkABAAAABAAAAABAAAAAQAAANYEAAA=</a:base64Binary><a:base64Binary>aEIAAAUAAAD//v8ncwB0AGEAbgBkAG8AZgBmAF8ATQAyAF8AMgAwAG0AbQAtADUAQAByAG8AYgBvAFYAMwAoAHUAcgBkAGYAXwBjAGgAYQBuAGcAZQBkACkABAAAABAAAAABAAAAAQAAANkEAAA=</a:base64Binary><a:base64Binary>aEIAAAUAAAD//v8eYgBhAHQAdABlAHIAeQAtADEAQAByAG8AYgBvAFYAMwAoAHUAcgBkAGYAXwBjAGgAYQBuAGcAZQBkACkABAAAABAAAAABAAAAAQAAANwEAAA=</a:base64Binary><a:base64Binary>aEIAAAUAAAD//v8oaABvAHYAZQByAGIAbwBhAHIAZABfAGQAcgBpAHYAZQByAC0AMQBAAHIAbwBiAG8AVgAzACgAdQByAGQAZgBfAGMAaABhAG4AZwBlAGQAKQAEAAAAEAAAAAEAAAABAAAA3QQAAA==</a:base64Binary><a:base64Binary>aEIAAAUAAAD//v8oYwB1AG0AXwByAGUAbABhAHkAXwBtAHkANABuAF8ANABwAC0AMQBAAHIAbwBiAG8AVgAzACgAdQByAGQAZgBfAGMAaABhAG4AZwBlAGQAKQAEAAAAEAAAAAEAAAABAAAA4QQAAA==</a:base64Binary><a:base64Binary>aEIAAAUAAAD//v8jbABpAGQAYQByAF8AcAB1AHMAaAB1AHAALQAzAEAAcgBvAGIAbwBWADMAKAB1AHIAZABmAF8AYwBoAGEAbgBnAGUAZAApAAQAAAAQAAAAAQAAAAEAAAATBQAA</a:base64Binary><a:base64Binary>aEIAAAUAAAD//v8oMwA2AHYAXwAxADIAdgBfAGMAbwBuAHYAZQByAHQAZQByAC0AMQBAAHIAbwBiAG8AVgAzACgAdQByAGQAZgBfAGMAaABhAG4AZwBlAGQAKQAEAAAAEAAAAAEAAAABAAAAIAUAAA==</a:base64Binary><a:base64Binary>aEIAAAUAAAD//v8jcgBlAG0AbwB0AGUAXwByAGUAbABhAHkALQAxAEAAcgBvAGIAbwBWADMAKAB1AHIAZABmAF8AYwBoAGEAbgBnAGUAZAApAAQAAAAQAAAAAQAAAAEAAAAxBQAA</a:base64Binary><a:base64Binary>aEIAAAUAAAD//v8lYQBsAHUAbQBpAG4AaQB1AG0AXwBiAGEAcwBlAC0AMQBAAHIAbwBiAG8AVgAzACgAdQByAGQAZgBfAGMAaABhAG4AZwBlAGQAKQAEAAAAEAAAAAEAAAABAAAANQUAAA==</a:base64Binary><a:base64Binary>aEIAAAUAAAD//v8icABpAF8AaABhAG4AZwBfAGkAbQB1AC0AMQBAAHIAbwBiAG8AVgAzACgAdQByAGQAZgBfAGMAaABhAG4AZwBlAGQAKQAEAAAAEAAAAAEAAAABAAAAWwUAAA==</a:base64Binary><a:base64Binary>aEIAAAUAAAD//v8jVwBFAEkARABVACAAVABCADIANQBYAFgALQAxAEAAcgBvAGIAbwBWADMAKAB1AHIAZABmAF8AYwBoAGEAbgBnAGUAZAApAAQAAAAQAAAAAQAAAAEAAAB4BQAA</a:base64Binary><a:base64Binary>aEIAAAUAAAD//v8rHwRABD4ERAQ4BDsETAQgAFYALQBzAGwAbwB0ACAAMgAwAHgANAAwAC0AMQBAAHIAbwBiAG8AVgAzACgAdQByAGQAZgBfAGMAaABhAG4AZwBlAGQAKQAEAAAAEAAAAAEAAAABAAAAfgUAAA==</a:base64Binary><a:base64Binary>aEIAAAUAAAD//v8rHwRABD4ERAQ4BDsETAQgAFYALQBzAGwAbwB0ACAAMgAwAHgANAAwAC0AMwBAAHIAbwBiAG8AVgAzACgAdQByAGQAZgBfAGMAaABhAG4AZwBlAGQAKQAEAAAAEAAAAAEAAAABAAAAgAUAAA==</a:base64Binary><a:base64Binary>aEIAAAUAAAD//v88MgAwAHgAMgAwAF8AYQBsAHUAbQBpAG4AdQBtAF8AZQB4AHQAcgB1AHMAaQBvAG4AXwBwAHIAbwBmAGkAbABlACAAMgA2AGMAbQAtADEAQAByAG8AYgBvAFYAMwAoAHUAcgBkAGYAXwBjAGgAYQBuAGcAZQBkACkABAAAABAAAAABAAAAAQAAAJkFAAA=</a:base64Binary><a:base64Binary>aEIAAAUAAAD//v8cMgAwAG0AbQAtADEAMABAAHIAbwBiAG8AVgAzACgAdQByAGQAZgBfAGMAaABhAG4AZwBlAGQAKQAEAAAAEAAAAAEAAAABAAAAygUAAA==</a:base64Binary><a:base64Binary>aEIAAAUAAAD//v8mYwB1AG0AXwBiAGEAbgBoAF8AeABlAF8AbABvAG4ALQA1AEAAcgBvAGIAbwBWADMAKAB1AHIAZABmAF8AYwBoAGEAbgBnAGUAZAApAAQAAAAQAAAAAQAAAAEAAADLBQAA</a:base64Binary><a:base64Binary>aEIAAAUAAAD//v8gbQBvAHQAbwByAEEAeABpAHMALQA0AEAAcgBvAGIAbwBWADMAKAB1AHIAZABmAF8AYwBoAGEAbgBnAGUAZAApAAQAAAAQAAAAAQAAAAEAAADMBQAA</a:base64Binary><a:base64Binary>aEIAAAUAAAD//v8cMgAwAG0AbQAtADEAMQBAAHIAbwBiAG8AVgAzACgAdQByAGQAZgBfAGMAaABhAG4AZwBlAGQAKQAEAAAAEAAAAAEAAAABAAAAzQUAAA==</a:base64Binary><a:base64Binary>aEIAAAUAAAD//v8sYwB1AG0AXwBkAGEAaAB1AG8AbgBnAF8AdAByAHUAbwBjAF8AcwBhAHUALQA1AEAAcgBvAGIAbwBWADMAKAB1AHIAZABmAF8AYwBoAGEAbgBnAGUAZAApAAQAAAAQAAAAAQAAAAEAAAAZBgAA</a:base64Binary><a:base64Binary>aEIAAAUAAAD//v8sYwB1AG0AXwBkAGEAaAB1AG8AbgBnAF8AdAByAHUAbwBjAF8AcwBhAHUALQA2AEAAcgBvAGIAbwBWADMAKAB1AHIAZABmAF8AYwBoAGEAbgBnAGUAZAApAAQAAAAQAAAAAQAAAAEAAAAgBgAA</a:base64Binary><a:base64Binary>aEIAAAUAAAD//v8kZgB1AGwAbABfAGMAbwB2AGUAcgBfAHYAMgAtADEAQAByAG8AYgBvAFYAMwAoAHUAcgBkAGYAXwBjAGgAYQBuAGcAZQBkACkABAAAABAAAAABAAAAAQAAAFwGAAA=</a:base64Binary><a:base64Binary>aEIAAAUAAAD//v8pYwBvAHYAZQByAF8AagBvAGkAbgB0AF8AdgAzAC4AMQAuADIALQAxAEAAcgBvAGIAbwBWADMAKAB1AHIAZABmAF8AYwBoAGEAbgBnAGUAZAApAAQAAAAQAAAAAQAAAAEAAACjBgAA</a:base64Binary><a:base64Binary>aEIAAAUAAAD//v8ZagAxAC0AMQBAAHIAbwBiAG8AVgAzACgAdQByAGQAZgBfAGMAaABhAG4AZwBlAGQAKQAEAAAAEAAAAAEAAAABAAAArAYAAA==</a:base64Binary><a:base64Binary>aEIAAAUAAAD//v8ZagAxAC0AMgBAAHIAbwBiAG8AVgAzACgAdQByAGQAZgBfAGMAaABhAG4AZwBlAGQAKQAEAAAAEAAAAAEAAAABAAAArQYAAA==</a:base64Binary><a:base64Binary>aEIAAAUAAAD//v8ebQBhAHQAeABlAG8AMQAtADEAQAByAG8AYgBvAFYAMwAoAHUAcgBkAGYAXwBjAGgAYQBuAGcAZQBkACkABAAAABAAAAABAAAAAQAAAL0GAAA=</a:base64Binary><a:base64Binary>aEIAAAUAAAD//v8tQQByAGMAYQBkAGUAIABQAHUAcwBoACAAYgB1AHQAdABvAG4AIABhAHMAbQAtADIAQAByAG8AYgBvAFYAMwAoAHUAcgBkAGYAXwBjAGgAYQBuAGcAZQBkACkABAAAABAAAAABAAAAAQAAAM8GAAA=</a:base64Binary><a:base64Binary>aEIAAAUAAAD//v86UwB0AG8AcAAgAFMAdwBpAHQAYwBoACAAUAB1AHMAaAAgAEIAdQB0AHQAbwBuACAATABBAFkAMwA3ACAAKABQAEIAQwApAC0AMwBAAHIAbwBiAG8AVgAzACgAdQByAGQAZgBfAGMAaABhAG4AZwBlAGQAKQAEAAAAEAAAAAEAAAABAAAA9wYAAA==</a:base64Binary><a:base64Binary>aEIAAAUAAAD//v8sYwBvAHYAZQByAF8AdQBwAF8AdgAyAF8AbABpAG4AaABfAG0AaQBjAGEALQAxAEAAcgBvAGIAbwBWADMAKAB1AHIAZABmAF8AYwBoAGEAbgBnAGUAZAApAAQAAAAQAAAAAQAAAAEAAADZBwAA</a:base64Binary><a:base64Binary>aEIAAAUAAAD//v8eYQBsAGkAYgBhAGIAYQAtADEAQAByAG8AYgBvAFYAMwAoAHUAcgBkAGYAXwBjAGgAYQBuAGcAZQBkACkABAAAABAAAAABAAAAAQAAADYIAAA=</a:base64Binary><a:base64Binary>aEIAAAUAAAD//v8aYwBoAGUALQAxAEAAcgBvAGIAbwBWADMAKAB1AHIAZABmAF8AYwBoAGEAbgBnAGUAZAApAAQAAAAQAAAAAQAAAAEAAAA8CAAA</a:base64Binary><a:base64Binary>aEIAAAUAAAD//v8aYwBoAGUALQAyAEAAcgBvAGIAbwBWADMAKAB1AHIAZABmAF8AYwBoAGEAbgBnAGUAZAApAAQAAAAQAAAAAQAAAAEAAABQCAAA</a:base64Binary><a:base64Binary>aEIAAAUAAAD//v8aYwBoAGUALQAzAEAAcgBvAGIAbwBWADMAKAB1AHIAZABmAF8AYwBoAGEAbgBnAGUAZAApAAQAAAAQAAAAAQAAAAEAAABZCAAA</a:base64Binary><a:base64Binary>aEIAAAUAAAD//v8aYwBoAGUALQA0AEAAcgBvAGIAbwBWADMAKAB1AHIAZABmAF8AYwBoAGEAbgBnAGUAZAApAAQAAAAQAAAAAQAAAAEAAABhCAAA</a:base64Binary><a:base64Binary>aEIAAAUAAAD//v8aYwBoAGUALQA1AEAAcgBvAGIAbwBWADMAKAB1AHIAZABmAF8AYwBoAGEAbgBnAGUAZAApAAQAAAAQAAAAAQAAAAEAAABpCAAA</a:base64Binary><a:base64Binary>aEIAAAUAAAD//v8aYwBoAGUALQA2AEAAcgBvAGIAbwBWADMAKAB1AHIAZABmAF8AYwBoAGEAbgBnAGUAZAApAAQAAAAQAAAAAQAAAAEAAABxCAAA</a:base64Binary><a:base64Binary>aEIAAAUAAAD//v8lZwBhAF8AbQBpAG4AaQBwAGMAXwBjAG8AbQBwAC0AMQBAAHIAbwBiAG8AVgAzACgAdQByAGQAZgBfAGMAaABhAG4AZwBlAGQAKQAEAAAAEAAAAAEAAAABAAAAxggAAA==</a:base64Binary><a:base64Binary>aEIAAAUAAAD//v8jZwBhAF8AbQBpAG4AaQBwAGMAXwB2ADIALQAyAEAAcgBvAGIAbwBWADMAKAB1AHIAZABmAF8AYwBoAGEAbgBnAGUAZAApAAQAAAAQAAAAAQAAAAEAAACxCAAA</a:base64Binary><a:base64Binary>aEIAAAUAAAD//v8jZwBhAF8AbQBpAG4AaQBwAGMAXwB2ADIALQAxAEAAcgBvAGIAbwBWADMAKAB1AHIAZABmAF8AYwBoAGEAbgBnAGUAZAApAAQAAAAQAAAAAQAAAAEAAACwCAAA</a:base64Binary><a:base64Binary>aEIAAAUAAAD//v8eaABvAHAAXwBwAGkAbgAtADEAQAByAG8AYgBvAFYAMwAoAHUAcgBkAGYAXwBjAGgAYQBuAGcAZQBkACkABAAAABAAAAABAAAAAQAAAN8IAAA=</a:base64Binary><a:base64Binary>aEIAAAUAAAD//v8fbgBhAG4AZwBfAGMAYQBtAC0AMQBAAHIAbwBiAG8AVgAzACgAdQByAGQAZgBfAGMAaABhAG4AZwBlAGQAKQAEAAAAEAAAAAEAAAABAAAA6ggAAA==</a:base64Binary><a:base64Binary>aEIAAAUAAAD//v81ZwBhAF8AYwBvAG0ALQAxAEAAcgBvAGIAbwBWADMAKAB1AHIAZABmAF8AYwBoAGEAbgBnAGUAZAApAC8AMgAwAHgAMgAwAF8AYQBsAHUAXwBkAG8AYwAxAC0AMgBAAGcAYQBfAGMAbwBtAAQAAAAQAAAAAQAAAAIAAAANCQAAGwAAAA==</a:base64Binary><a:base64Binary>aEIAAAUAAAD//v81ZwBhAF8AYwBvAG0ALQAxAEAAcgBvAGIAbwBWADMAKAB1AHIAZABmAF8AYwBoAGEAbgBnAGUAZAApAC8AMgAwAHgAMgAwAF8AYQBsAHUAXwBkAG8AYwAxAC0AMQBAAGcAYQBfAGMAbwBtAAQAAAAQAAAAAQAAAAIAAAANCQAAGgAAAA==</a:base64Binary><a:base64Binary>aEIAAAUAAAD//v83ZwBhAF8AYwBvAG0ALQAxAEAAcgBvAGIAbwBWADMAKAB1AHIAZABmAF8AYwBoAGEAbgBnAGUAZAApAC8AMgAwAHgAMgAwAF8AYQBsAHUAXwBuAGcAYQBuAGcAMQAtADEAQABnAGEAXwBjAG8AbQAEAAAAEAAAAAEAAAACAAAADQkAABkAAAA=</a:base64Binary><a:base64Binary>aEIAAAUAAAD//v8faABvAHAAXwBuAGEAbgBvAC0AMQBAAHIAbwBiAG8AVgAzACgAdQByAGQAZgBfAGMAaABhAG4AZwBlAGQAKQAEAAAAEAAAAAEAAAABAAAANAkAAA==</a:base64Binary><a:base64Binary>aEIAAAUAAAD//v8hawBlAGcAbwBjAF8AdABhAGIAMQAtADEAQAByAG8AYgBvAFYAMwAoAHUAcgBkAGYAXwBjAGgAYQBuAGcAZQBkACkABAAAABAAAAABAAAAAQAAAG4JAAA=</a:base64Binary><a:base64Binary>aEIAAAUAAAD//v8hawBlAGcAbwBjAF8AdABhAGIAMgAtADEAQAByAG8AYgBvAFYAMwAoAHUAcgBkAGYAXwBjAGgAYQBuAGcAZQBkACkABAAAABAAAAABAAAAAQAAAG8JAAA=</a:base64Binary><a:base64Binary>aEIAAAUAAAD//v8edAByAG8AZABvAG4AZwAtADEAQAByAG8AYgBvAFYAMwAoAHUAcgBkAGYAXwBjAGgAYQBuAGcAZQBkACkABAAAABAAAAABAAAAAQAAAHgJAAA=</a:base64Binary></SWComponentPIDs><SWMainComponentPID i:nil="true"/><Visual z:Ref="i16"/><isFixedFrame>false</isFixedFrame><isIncomplete>false</isIncomplete></Link>
2025-06-27 11:29:17,091 INFO  ExportHelperExtension.cs: 347 - Creating joint lidar_link
2025-06-27 11:29:17,095 INFO  ExportHelperExtension.cs: 1397 - Fixing components for base_link
2025-06-27 11:29:17,097 INFO  ExportHelperExtension.cs: 1402 - Fixing 396
2025-06-27 11:29:17,097 INFO  ExportHelperExtension.cs: 1402 - Fixing 553
2025-06-27 11:29:17,098 INFO  ExportHelperExtension.cs: 1402 - Fixing 559
2025-06-27 11:29:17,098 INFO  ExportHelperExtension.cs: 1402 - Fixing 683
2025-06-27 11:29:17,098 INFO  ExportHelperExtension.cs: 1402 - Fixing 1159
2025-06-27 11:29:17,099 INFO  ExportHelperExtension.cs: 1402 - Fixing 1225
2025-06-27 11:29:17,099 INFO  ExportHelperExtension.cs: 1402 - Fixing 1232
2025-06-27 11:29:17,099 INFO  ExportHelperExtension.cs: 1402 - Fixing 1238
2025-06-27 11:29:17,099 INFO  ExportHelperExtension.cs: 1402 - Fixing 1241
2025-06-27 11:29:17,100 INFO  ExportHelperExtension.cs: 1402 - Fixing 1244
2025-06-27 11:29:17,100 INFO  ExportHelperExtension.cs: 1402 - Fixing 1245
2025-06-27 11:29:17,100 INFO  ExportHelperExtension.cs: 1402 - Fixing 1249
2025-06-27 11:29:17,100 INFO  ExportHelperExtension.cs: 1402 - Fixing 1299
2025-06-27 11:29:17,101 INFO  ExportHelperExtension.cs: 1402 - Fixing 1312
2025-06-27 11:29:17,101 INFO  ExportHelperExtension.cs: 1402 - Fixing 1329
2025-06-27 11:29:17,101 INFO  ExportHelperExtension.cs: 1402 - Fixing 1333
2025-06-27 11:29:17,101 INFO  ExportHelperExtension.cs: 1409 - Component 1333 is already fixed
2025-06-27 11:29:17,102 INFO  ExportHelperExtension.cs: 1402 - Fixing 1371
2025-06-27 11:29:17,102 INFO  ExportHelperExtension.cs: 1402 - Fixing 1400
2025-06-27 11:29:17,102 INFO  ExportHelperExtension.cs: 1402 - Fixing 1406
2025-06-27 11:29:17,103 INFO  ExportHelperExtension.cs: 1402 - Fixing 1408
2025-06-27 11:29:17,103 INFO  ExportHelperExtension.cs: 1409 - Component 1408 is already fixed
2025-06-27 11:29:17,103 INFO  ExportHelperExtension.cs: 1402 - Fixing 1433
2025-06-27 11:29:17,103 INFO  ExportHelperExtension.cs: 1402 - Fixing 1482
2025-06-27 11:29:17,104 INFO  ExportHelperExtension.cs: 1402 - Fixing 1483
2025-06-27 11:29:17,104 INFO  ExportHelperExtension.cs: 1402 - Fixing 1484
2025-06-27 11:29:17,104 INFO  ExportHelperExtension.cs: 1402 - Fixing 1485
2025-06-27 11:29:17,104 INFO  ExportHelperExtension.cs: 1402 - Fixing 1561
2025-06-27 11:29:17,105 INFO  ExportHelperExtension.cs: 1402 - Fixing 1568
2025-06-27 11:29:17,105 INFO  ExportHelperExtension.cs: 1402 - Fixing 1628
2025-06-27 11:29:17,105 INFO  ExportHelperExtension.cs: 1402 - Fixing 1699
2025-06-27 11:29:17,105 INFO  ExportHelperExtension.cs: 1402 - Fixing 1708
2025-06-27 11:29:17,106 INFO  ExportHelperExtension.cs: 1402 - Fixing 1709
2025-06-27 11:29:17,106 INFO  ExportHelperExtension.cs: 1402 - Fixing 1725
2025-06-27 11:29:17,106 INFO  ExportHelperExtension.cs: 1402 - Fixing 1743
2025-06-27 11:29:17,106 INFO  ExportHelperExtension.cs: 1402 - Fixing 1783
2025-06-27 11:29:17,106 INFO  ExportHelperExtension.cs: 1402 - Fixing 2009
2025-06-27 11:29:17,106 INFO  ExportHelperExtension.cs: 1402 - Fixing 2102
2025-06-27 11:29:17,106 INFO  ExportHelperExtension.cs: 1402 - Fixing 2108
2025-06-27 11:29:17,106 INFO  ExportHelperExtension.cs: 1402 - Fixing 2128
2025-06-27 11:29:17,107 INFO  ExportHelperExtension.cs: 1402 - Fixing 2137
2025-06-27 11:29:17,107 INFO  ExportHelperExtension.cs: 1402 - Fixing 2145
2025-06-27 11:29:17,107 INFO  ExportHelperExtension.cs: 1402 - Fixing 2153
2025-06-27 11:29:17,107 INFO  ExportHelperExtension.cs: 1402 - Fixing 2161
2025-06-27 11:29:17,108 INFO  ExportHelperExtension.cs: 1402 - Fixing 2246
2025-06-27 11:29:17,108 INFO  ExportHelperExtension.cs: 1402 - Fixing 2225
2025-06-27 11:29:17,108 INFO  ExportHelperExtension.cs: 1402 - Fixing 2224
2025-06-27 11:29:17,108 INFO  ExportHelperExtension.cs: 1402 - Fixing 2271
2025-06-27 11:29:17,109 INFO  ExportHelperExtension.cs: 1402 - Fixing 2282
2025-06-27 11:29:17,110 INFO  ExportHelperExtension.cs: 1402 - Fixing 27
2025-06-27 11:29:17,110 INFO  ExportHelperExtension.cs: 1402 - Fixing 26
2025-06-27 11:29:17,110 INFO  ExportHelperExtension.cs: 1402 - Fixing 25
2025-06-27 11:29:17,110 INFO  ExportHelperExtension.cs: 1402 - Fixing 2356
2025-06-27 11:29:17,110 INFO  ExportHelperExtension.cs: 1402 - Fixing 2414
2025-06-27 11:29:17,110 INFO  ExportHelperExtension.cs: 1402 - Fixing 2415
2025-06-27 11:29:17,111 INFO  ExportHelperExtension.cs: 1402 - Fixing 2424
2025-06-27 11:29:18,392 INFO  ExportHelperExtension.cs: 832 - R1: 0, 0
2025-06-27 11:29:18,392 INFO  ExportHelperExtension.cs: 841 - R2: 0, 0
2025-06-27 11:29:18,393 INFO  ExportHelperExtension.cs: 849 - L1: 0
2025-06-27 11:29:18,393 INFO  ExportHelperExtension.cs: 857 - L2: 0
2025-06-27 11:29:18,527 INFO  ExportHelperExtension.cs: 1352 - Unfixing component 396
2025-06-27 11:29:18,528 INFO  ExportHelperExtension.cs: 1352 - Unfixing component 553
2025-06-27 11:29:18,528 INFO  ExportHelperExtension.cs: 1352 - Unfixing component 559
2025-06-27 11:29:18,529 INFO  ExportHelperExtension.cs: 1352 - Unfixing component 683
2025-06-27 11:29:18,529 INFO  ExportHelperExtension.cs: 1352 - Unfixing component 1159
2025-06-27 11:29:18,529 INFO  ExportHelperExtension.cs: 1352 - Unfixing component 1225
2025-06-27 11:29:18,529 INFO  ExportHelperExtension.cs: 1352 - Unfixing component 1232
2025-06-27 11:29:18,529 INFO  ExportHelperExtension.cs: 1352 - Unfixing component 1238
2025-06-27 11:29:18,529 INFO  ExportHelperExtension.cs: 1352 - Unfixing component 1241
2025-06-27 11:29:18,529 INFO  ExportHelperExtension.cs: 1352 - Unfixing component 1244
2025-06-27 11:29:18,529 INFO  ExportHelperExtension.cs: 1352 - Unfixing component 1245
2025-06-27 11:29:18,530 INFO  ExportHelperExtension.cs: 1352 - Unfixing component 1249
2025-06-27 11:29:18,530 INFO  ExportHelperExtension.cs: 1352 - Unfixing component 1299
2025-06-27 11:29:18,530 INFO  ExportHelperExtension.cs: 1352 - Unfixing component 1312
2025-06-27 11:29:18,530 INFO  ExportHelperExtension.cs: 1352 - Unfixing component 1329
2025-06-27 11:29:18,531 INFO  ExportHelperExtension.cs: 1352 - Unfixing component 1371
2025-06-27 11:29:18,531 INFO  ExportHelperExtension.cs: 1352 - Unfixing component 1400
2025-06-27 11:29:18,531 INFO  ExportHelperExtension.cs: 1352 - Unfixing component 1406
2025-06-27 11:29:18,531 INFO  ExportHelperExtension.cs: 1352 - Unfixing component 1433
2025-06-27 11:29:18,532 INFO  ExportHelperExtension.cs: 1352 - Unfixing component 1482
2025-06-27 11:29:18,532 INFO  ExportHelperExtension.cs: 1352 - Unfixing component 1483
2025-06-27 11:29:18,532 INFO  ExportHelperExtension.cs: 1352 - Unfixing component 1484
2025-06-27 11:29:18,532 INFO  ExportHelperExtension.cs: 1352 - Unfixing component 1485
2025-06-27 11:29:18,533 INFO  ExportHelperExtension.cs: 1352 - Unfixing component 1561
2025-06-27 11:29:18,533 INFO  ExportHelperExtension.cs: 1352 - Unfixing component 1568
2025-06-27 11:29:18,533 INFO  ExportHelperExtension.cs: 1352 - Unfixing component 1628
2025-06-27 11:29:18,533 INFO  ExportHelperExtension.cs: 1352 - Unfixing component 1699
2025-06-27 11:29:18,536 INFO  ExportHelperExtension.cs: 1352 - Unfixing component 1708
2025-06-27 11:29:18,536 INFO  ExportHelperExtension.cs: 1352 - Unfixing component 1709
2025-06-27 11:29:18,536 INFO  ExportHelperExtension.cs: 1352 - Unfixing component 1725
2025-06-27 11:29:18,537 INFO  ExportHelperExtension.cs: 1352 - Unfixing component 1743
2025-06-27 11:29:18,537 INFO  ExportHelperExtension.cs: 1352 - Unfixing component 1783
2025-06-27 11:29:18,537 INFO  ExportHelperExtension.cs: 1352 - Unfixing component 2009
2025-06-27 11:29:18,537 INFO  ExportHelperExtension.cs: 1352 - Unfixing component 2102
2025-06-27 11:29:18,538 INFO  ExportHelperExtension.cs: 1352 - Unfixing component 2108
2025-06-27 11:29:18,538 INFO  ExportHelperExtension.cs: 1352 - Unfixing component 2128
2025-06-27 11:29:18,538 INFO  ExportHelperExtension.cs: 1352 - Unfixing component 2137
2025-06-27 11:29:18,538 INFO  ExportHelperExtension.cs: 1352 - Unfixing component 2145
2025-06-27 11:29:18,539 INFO  ExportHelperExtension.cs: 1352 - Unfixing component 2153
2025-06-27 11:29:18,539 INFO  ExportHelperExtension.cs: 1352 - Unfixing component 2161
2025-06-27 11:29:18,539 INFO  ExportHelperExtension.cs: 1352 - Unfixing component 2246
2025-06-27 11:29:18,539 INFO  ExportHelperExtension.cs: 1352 - Unfixing component 2225
2025-06-27 11:29:18,540 INFO  ExportHelperExtension.cs: 1352 - Unfixing component 2224
2025-06-27 11:29:18,540 INFO  ExportHelperExtension.cs: 1352 - Unfixing component 2271
2025-06-27 11:29:18,540 INFO  ExportHelperExtension.cs: 1352 - Unfixing component 2282
2025-06-27 11:29:18,540 INFO  ExportHelperExtension.cs: 1352 - Unfixing component 27
2025-06-27 11:29:18,541 INFO  ExportHelperExtension.cs: 1352 - Unfixing component 26
2025-06-27 11:29:18,541 INFO  ExportHelperExtension.cs: 1352 - Unfixing component 25
2025-06-27 11:29:18,541 INFO  ExportHelperExtension.cs: 1352 - Unfixing component 2356
2025-06-27 11:29:18,541 INFO  ExportHelperExtension.cs: 1352 - Unfixing component 2414
2025-06-27 11:29:18,542 INFO  ExportHelperExtension.cs: 1352 - Unfixing component 2415
2025-06-27 11:29:18,542 INFO  ExportHelperExtension.cs: 1352 - Unfixing component 2424
2025-06-27 11:29:19,897 WARN  ExportHelperExtension.cs: 351 - Creating joint from parent base_link to child lidar_link failed
2025-06-27 11:29:20,165 INFO  ExportHelperExtension.cs: 347 - Creating joint imu_link
2025-06-27 11:29:20,166 WARN  ExportHelperExtension.cs: 351 - Creating joint from parent base_link to child imu_link failed
2025-06-27 11:29:20,169 INFO  ExportHelperExtension.cs: 347 - Creating joint right_wheel_link
2025-06-27 11:29:20,519 WARN  ExportHelperExtension.cs: 351 - Creating joint from parent base_link to child right_wheel_link failed
2025-06-27 11:29:20,638 INFO  ExportHelperExtension.cs: 347 - Creating joint left_wheel_link
2025-06-27 11:29:20,825 WARN  ExportHelperExtension.cs: 351 - Creating joint from parent base_link to child left_wheel_link failed
2025-06-27 11:29:20,953 INFO  ExportHelperExtension.cs: 347 - Creating joint camera_link
2025-06-27 11:29:20,953 INFO  ExportHelperExtension.cs: 1397 - Fixing components for base_link
2025-06-27 11:29:20,954 INFO  ExportHelperExtension.cs: 1402 - Fixing 396
2025-06-27 11:29:20,954 INFO  ExportHelperExtension.cs: 1402 - Fixing 553
2025-06-27 11:29:20,954 INFO  ExportHelperExtension.cs: 1402 - Fixing 559
2025-06-27 11:29:20,955 INFO  ExportHelperExtension.cs: 1402 - Fixing 683
2025-06-27 11:29:20,955 INFO  ExportHelperExtension.cs: 1402 - Fixing 1159
2025-06-27 11:29:20,955 INFO  ExportHelperExtension.cs: 1402 - Fixing 1225
2025-06-27 11:29:20,956 INFO  ExportHelperExtension.cs: 1402 - Fixing 1232
2025-06-27 11:29:20,956 INFO  ExportHelperExtension.cs: 1402 - Fixing 1238
2025-06-27 11:29:20,956 INFO  ExportHelperExtension.cs: 1402 - Fixing 1241
2025-06-27 11:29:20,956 INFO  ExportHelperExtension.cs: 1402 - Fixing 1244
2025-06-27 11:29:20,957 INFO  ExportHelperExtension.cs: 1402 - Fixing 1245
2025-06-27 11:29:20,957 INFO  ExportHelperExtension.cs: 1402 - Fixing 1249
2025-06-27 11:29:20,957 INFO  ExportHelperExtension.cs: 1402 - Fixing 1299
2025-06-27 11:29:20,957 INFO  ExportHelperExtension.cs: 1402 - Fixing 1312
2025-06-27 11:29:20,958 INFO  ExportHelperExtension.cs: 1402 - Fixing 1329
2025-06-27 11:29:20,958 INFO  ExportHelperExtension.cs: 1402 - Fixing 1333
2025-06-27 11:29:20,958 INFO  ExportHelperExtension.cs: 1409 - Component 1333 is already fixed
2025-06-27 11:29:20,958 INFO  ExportHelperExtension.cs: 1402 - Fixing 1371
2025-06-27 11:29:20,959 INFO  ExportHelperExtension.cs: 1402 - Fixing 1400
2025-06-27 11:29:20,959 INFO  ExportHelperExtension.cs: 1402 - Fixing 1406
2025-06-27 11:29:20,959 INFO  ExportHelperExtension.cs: 1402 - Fixing 1408
2025-06-27 11:29:20,959 INFO  ExportHelperExtension.cs: 1409 - Component 1408 is already fixed
2025-06-27 11:29:20,960 INFO  ExportHelperExtension.cs: 1402 - Fixing 1433
2025-06-27 11:29:20,960 INFO  ExportHelperExtension.cs: 1402 - Fixing 1482
2025-06-27 11:29:20,960 INFO  ExportHelperExtension.cs: 1402 - Fixing 1483
2025-06-27 11:29:20,960 INFO  ExportHelperExtension.cs: 1402 - Fixing 1484
2025-06-27 11:29:20,961 INFO  ExportHelperExtension.cs: 1402 - Fixing 1485
2025-06-27 11:29:20,961 INFO  ExportHelperExtension.cs: 1402 - Fixing 1561
2025-06-27 11:29:20,961 INFO  ExportHelperExtension.cs: 1402 - Fixing 1568
2025-06-27 11:29:20,961 INFO  ExportHelperExtension.cs: 1402 - Fixing 1628
2025-06-27 11:29:20,962 INFO  ExportHelperExtension.cs: 1402 - Fixing 1699
2025-06-27 11:29:20,962 INFO  ExportHelperExtension.cs: 1402 - Fixing 1708
2025-06-27 11:29:20,962 INFO  ExportHelperExtension.cs: 1402 - Fixing 1709
2025-06-27 11:29:20,962 INFO  ExportHelperExtension.cs: 1402 - Fixing 1725
2025-06-27 11:29:20,963 INFO  ExportHelperExtension.cs: 1402 - Fixing 1743
2025-06-27 11:29:20,963 INFO  ExportHelperExtension.cs: 1402 - Fixing 1783
2025-06-27 11:29:20,963 INFO  ExportHelperExtension.cs: 1402 - Fixing 2009
2025-06-27 11:29:20,963 INFO  ExportHelperExtension.cs: 1402 - Fixing 2102
2025-06-27 11:29:20,964 INFO  ExportHelperExtension.cs: 1402 - Fixing 2108
2025-06-27 11:29:20,964 INFO  ExportHelperExtension.cs: 1402 - Fixing 2128
2025-06-27 11:29:20,964 INFO  ExportHelperExtension.cs: 1402 - Fixing 2137
2025-06-27 11:29:20,964 INFO  ExportHelperExtension.cs: 1402 - Fixing 2145
2025-06-27 11:29:20,965 INFO  ExportHelperExtension.cs: 1402 - Fixing 2153
2025-06-27 11:29:20,965 INFO  ExportHelperExtension.cs: 1402 - Fixing 2161
2025-06-27 11:29:20,965 INFO  ExportHelperExtension.cs: 1402 - Fixing 2246
2025-06-27 11:29:20,965 INFO  ExportHelperExtension.cs: 1402 - Fixing 2225
2025-06-27 11:29:20,966 INFO  ExportHelperExtension.cs: 1402 - Fixing 2224
2025-06-27 11:29:20,966 INFO  ExportHelperExtension.cs: 1402 - Fixing 2271
2025-06-27 11:29:20,966 INFO  ExportHelperExtension.cs: 1402 - Fixing 2282
2025-06-27 11:29:20,966 INFO  ExportHelperExtension.cs: 1402 - Fixing 27
2025-06-27 11:29:20,966 INFO  ExportHelperExtension.cs: 1402 - Fixing 26
2025-06-27 11:29:20,966 INFO  ExportHelperExtension.cs: 1402 - Fixing 25
2025-06-27 11:29:20,966 INFO  ExportHelperExtension.cs: 1402 - Fixing 2356
2025-06-27 11:29:20,966 INFO  ExportHelperExtension.cs: 1402 - Fixing 2414
2025-06-27 11:29:20,967 INFO  ExportHelperExtension.cs: 1402 - Fixing 2415
2025-06-27 11:29:20,967 INFO  ExportHelperExtension.cs: 1402 - Fixing 2424
2025-06-27 11:29:21,980 INFO  ExportHelperExtension.cs: 832 - R1: 0, 0
2025-06-27 11:29:21,980 INFO  ExportHelperExtension.cs: 841 - R2: 0, 0
2025-06-27 11:29:21,983 INFO  ExportHelperExtension.cs: 849 - L1: 0
2025-06-27 11:29:21,983 INFO  ExportHelperExtension.cs: 857 - L2: 0
2025-06-27 11:29:22,307 INFO  ExportHelperExtension.cs: 1352 - Unfixing component 396
2025-06-27 11:29:22,308 INFO  ExportHelperExtension.cs: 1352 - Unfixing component 553
2025-06-27 11:29:22,309 INFO  ExportHelperExtension.cs: 1352 - Unfixing component 559
2025-06-27 11:29:22,309 INFO  ExportHelperExtension.cs: 1352 - Unfixing component 683
2025-06-27 11:29:22,309 INFO  ExportHelperExtension.cs: 1352 - Unfixing component 1159
2025-06-27 11:29:22,309 INFO  ExportHelperExtension.cs: 1352 - Unfixing component 1225
2025-06-27 11:29:22,309 INFO  ExportHelperExtension.cs: 1352 - Unfixing component 1232
2025-06-27 11:29:22,310 INFO  ExportHelperExtension.cs: 1352 - Unfixing component 1238
2025-06-27 11:29:22,311 INFO  ExportHelperExtension.cs: 1352 - Unfixing component 1241
2025-06-27 11:29:22,311 INFO  ExportHelperExtension.cs: 1352 - Unfixing component 1244
2025-06-27 11:29:22,311 INFO  ExportHelperExtension.cs: 1352 - Unfixing component 1245
2025-06-27 11:29:22,311 INFO  ExportHelperExtension.cs: 1352 - Unfixing component 1249
2025-06-27 11:29:22,311 INFO  ExportHelperExtension.cs: 1352 - Unfixing component 1299
2025-06-27 11:29:22,312 INFO  ExportHelperExtension.cs: 1352 - Unfixing component 1312
2025-06-27 11:29:22,312 INFO  ExportHelperExtension.cs: 1352 - Unfixing component 1329
2025-06-27 11:29:22,312 INFO  ExportHelperExtension.cs: 1352 - Unfixing component 1371
2025-06-27 11:29:22,313 INFO  ExportHelperExtension.cs: 1352 - Unfixing component 1400
2025-06-27 11:29:22,313 INFO  ExportHelperExtension.cs: 1352 - Unfixing component 1406
2025-06-27 11:29:22,314 INFO  ExportHelperExtension.cs: 1352 - Unfixing component 1433
2025-06-27 11:29:22,314 INFO  ExportHelperExtension.cs: 1352 - Unfixing component 1482
2025-06-27 11:29:22,314 INFO  ExportHelperExtension.cs: 1352 - Unfixing component 1483
2025-06-27 11:29:22,314 INFO  ExportHelperExtension.cs: 1352 - Unfixing component 1484
2025-06-27 11:29:22,315 INFO  ExportHelperExtension.cs: 1352 - Unfixing component 1485
2025-06-27 11:29:22,315 INFO  ExportHelperExtension.cs: 1352 - Unfixing component 1561
2025-06-27 11:29:22,315 INFO  ExportHelperExtension.cs: 1352 - Unfixing component 1568
2025-06-27 11:29:22,315 INFO  ExportHelperExtension.cs: 1352 - Unfixing component 1628
2025-06-27 11:29:22,316 INFO  ExportHelperExtension.cs: 1352 - Unfixing component 1699
2025-06-27 11:29:22,316 INFO  ExportHelperExtension.cs: 1352 - Unfixing component 1708
2025-06-27 11:29:22,316 INFO  ExportHelperExtension.cs: 1352 - Unfixing component 1709
2025-06-27 11:29:22,316 INFO  ExportHelperExtension.cs: 1352 - Unfixing component 1725
2025-06-27 11:29:22,317 INFO  ExportHelperExtension.cs: 1352 - Unfixing component 1743
2025-06-27 11:29:22,317 INFO  ExportHelperExtension.cs: 1352 - Unfixing component 1783
2025-06-27 11:29:22,317 INFO  ExportHelperExtension.cs: 1352 - Unfixing component 2009
2025-06-27 11:29:22,318 INFO  ExportHelperExtension.cs: 1352 - Unfixing component 2102
2025-06-27 11:29:22,318 INFO  ExportHelperExtension.cs: 1352 - Unfixing component 2108
2025-06-27 11:29:22,318 INFO  ExportHelperExtension.cs: 1352 - Unfixing component 2128
2025-06-27 11:29:22,318 INFO  ExportHelperExtension.cs: 1352 - Unfixing component 2137
2025-06-27 11:29:22,319 INFO  ExportHelperExtension.cs: 1352 - Unfixing component 2145
2025-06-27 11:29:22,319 INFO  ExportHelperExtension.cs: 1352 - Unfixing component 2153
2025-06-27 11:29:22,319 INFO  ExportHelperExtension.cs: 1352 - Unfixing component 2161
2025-06-27 11:29:22,319 INFO  ExportHelperExtension.cs: 1352 - Unfixing component 2246
2025-06-27 11:29:22,320 INFO  ExportHelperExtension.cs: 1352 - Unfixing component 2225
2025-06-27 11:29:22,320 INFO  ExportHelperExtension.cs: 1352 - Unfixing component 2224
2025-06-27 11:29:22,320 INFO  ExportHelperExtension.cs: 1352 - Unfixing component 2271
2025-06-27 11:29:22,321 INFO  ExportHelperExtension.cs: 1352 - Unfixing component 2282
2025-06-27 11:29:22,321 INFO  ExportHelperExtension.cs: 1352 - Unfixing component 27
2025-06-27 11:29:22,321 INFO  ExportHelperExtension.cs: 1352 - Unfixing component 26
2025-06-27 11:29:22,321 INFO  ExportHelperExtension.cs: 1352 - Unfixing component 25
2025-06-27 11:29:22,321 INFO  ExportHelperExtension.cs: 1352 - Unfixing component 2356
2025-06-27 11:29:22,321 INFO  ExportHelperExtension.cs: 1352 - Unfixing component 2414
2025-06-27 11:29:22,321 INFO  ExportHelperExtension.cs: 1352 - Unfixing component 2415
2025-06-27 11:29:22,322 INFO  ExportHelperExtension.cs: 1352 - Unfixing component 2424
2025-06-27 11:29:23,335 WARN  ExportHelperExtension.cs: 351 - Creating joint from parent base_link to child camera_link failed
2025-06-27 11:29:23,676 INFO  ExportHelperExtension.cs: 1125 - Retrieving features of type [CoordSys] from roboV3(urdf_changed).SLDASM
2025-06-27 11:29:23,684 INFO  ExportHelperExtension.cs: 1136 - Found 313 in roboV3(urdf_changed).SLDASM
2025-06-27 11:29:23,685 INFO  ExportHelperExtension.cs: 1145 - Found 18 features of type [CoordSys] in roboV3(urdf_changed).SLDASM
2025-06-27 11:29:23,685 INFO  ExportHelperExtension.cs: 1148 - Proceeding through assembly components
2025-06-27 11:29:23,686 INFO  ExportHelperExtension.cs: 1160 - 60 components to check
2025-06-27 11:29:23,686 INFO  ExportHelperExtension.cs: 1125 - Retrieving features of type [CoordSys] from motorAxis-1
2025-06-27 11:29:23,686 INFO  ExportHelperExtension.cs: 1136 - Found 30 in motorAxis-1
2025-06-27 11:29:23,687 INFO  ExportHelperExtension.cs: 1145 - Found 0 features of type [CoordSys] in motorAxis-1
2025-06-27 11:29:23,687 INFO  ExportHelperExtension.cs: 1125 - Retrieving features of type [CoordSys] from standoff_M2_20mm-1
2025-06-27 11:29:23,687 INFO  ExportHelperExtension.cs: 1136 - Found 31 in standoff_M2_20mm-1
2025-06-27 11:29:23,688 INFO  ExportHelperExtension.cs: 1145 - Found 0 features of type [CoordSys] in standoff_M2_20mm-1
2025-06-27 11:29:23,688 INFO  ExportHelperExtension.cs: 1125 - Retrieving features of type [CoordSys] from standoff_M2_20mm-5
2025-06-27 11:29:23,688 INFO  ExportHelperExtension.cs: 1136 - Found 31 in standoff_M2_20mm-5
2025-06-27 11:29:23,688 INFO  ExportHelperExtension.cs: 1145 - Found 0 features of type [CoordSys] in standoff_M2_20mm-5
2025-06-27 11:29:23,689 INFO  ExportHelperExtension.cs: 1125 - Retrieving features of type [CoordSys] from remote_relay-1
2025-06-27 11:29:23,689 INFO  ExportHelperExtension.cs: 1136 - Found 28 in remote_relay-1
2025-06-27 11:29:23,689 INFO  ExportHelperExtension.cs: 1145 - Found 0 features of type [CoordSys] in remote_relay-1
2025-06-27 11:29:23,690 INFO  ExportHelperExtension.cs: 1125 - Retrieving features of type [CoordSys] from motoredit-3
2025-06-27 11:29:23,691 INFO  ExportHelperExtension.cs: 1136 - Found 40 in motoredit-3
2025-06-27 11:29:23,691 INFO  ExportHelperExtension.cs: 1145 - Found 0 features of type [CoordSys] in motoredit-3
2025-06-27 11:29:23,691 INFO  ExportHelperExtension.cs: 1125 - Retrieving features of type [CoordSys] from X3_Lidar-1
2025-06-27 11:29:23,692 INFO  ExportHelperExtension.cs: 1136 - Found 90 in X3_Lidar-1
2025-06-27 11:29:23,693 INFO  ExportHelperExtension.cs: 1145 - Found 0 features of type [CoordSys] in X3_Lidar-1
2025-06-27 11:29:23,693 INFO  ExportHelperExtension.cs: 1125 - Retrieving features of type [CoordSys] from standoff_M2_20mm-4
2025-06-27 11:29:23,694 INFO  ExportHelperExtension.cs: 1136 - Found 31 in standoff_M2_20mm-4
2025-06-27 11:29:23,694 INFO  ExportHelperExtension.cs: 1145 - Found 0 features of type [CoordSys] in standoff_M2_20mm-4
2025-06-27 11:29:23,694 INFO  ExportHelperExtension.cs: 1125 - Retrieving features of type [CoordSys] from battery-1
2025-06-27 11:29:23,695 INFO  ExportHelperExtension.cs: 1136 - Found 28 in battery-1
2025-06-27 11:29:23,695 INFO  ExportHelperExtension.cs: 1145 - Found 0 features of type [CoordSys] in battery-1
2025-06-27 11:29:23,697 INFO  ExportHelperExtension.cs: 1125 - Retrieving features of type [CoordSys] from 36v_12v_converter-1
2025-06-27 11:29:23,984 INFO  ExportHelperExtension.cs: 1136 - Found 29 in 36v_12v_converter-1
2025-06-27 11:29:23,986 INFO  ExportHelperExtension.cs: 1145 - Found 0 features of type [CoordSys] in 36v_12v_converter-1
2025-06-27 11:29:23,986 INFO  ExportHelperExtension.cs: 1125 - Retrieving features of type [CoordSys] from cum_relay_my4n_4p-1
2025-06-27 11:29:23,987 INFO  ExportHelperExtension.cs: 1136 - Found 27 in cum_relay_my4n_4p-1
2025-06-27 11:29:23,987 INFO  ExportHelperExtension.cs: 1145 - Found 0 features of type [CoordSys] in cum_relay_my4n_4p-1
2025-06-27 11:29:23,987 INFO  ExportHelperExtension.cs: 1125 - Retrieving features of type [CoordSys] from hoverboard_driver-1
2025-06-27 11:29:23,988 INFO  ExportHelperExtension.cs: 1136 - Found 25 in hoverboard_driver-1
2025-06-27 11:29:23,988 INFO  ExportHelperExtension.cs: 1145 - Found 0 features of type [CoordSys] in hoverboard_driver-1
2025-06-27 11:29:23,988 INFO  ExportHelperExtension.cs: 1125 - Retrieving features of type [CoordSys] from ??????? V-slot 20x40-3
2025-06-27 11:29:23,989 INFO  ExportHelperExtension.cs: 1136 - Found 30 in ??????? V-slot 20x40-3
2025-06-27 11:29:23,989 INFO  ExportHelperExtension.cs: 1145 - Found 0 features of type [CoordSys] in ??????? V-slot 20x40-3
2025-06-27 11:29:23,989 INFO  ExportHelperExtension.cs: 1125 - Retrieving features of type [CoordSys] from cover_joint_v3.1.2-1
2025-06-27 11:29:23,990 INFO  ExportHelperExtension.cs: 1136 - Found 35 in cover_joint_v3.1.2-1
2025-06-27 11:29:23,990 INFO  ExportHelperExtension.cs: 1145 - Found 0 features of type [CoordSys] in cover_joint_v3.1.2-1
2025-06-27 11:29:23,990 INFO  ExportHelperExtension.cs: 1125 - Retrieving features of type [CoordSys] from j1-2
2025-06-27 11:29:23,990 INFO  ExportHelperExtension.cs: 1136 - Found 32 in j1-2
2025-06-27 11:29:23,990 INFO  ExportHelperExtension.cs: 1145 - Found 0 features of type [CoordSys] in j1-2
2025-06-27 11:29:23,990 INFO  ExportHelperExtension.cs: 1125 - Retrieving features of type [CoordSys] from cum_dahuong_truoc_sau-5
2025-06-27 11:29:23,991 INFO  ExportHelperExtension.cs: 1136 - Found 53 in cum_dahuong_truoc_sau-5
2025-06-27 11:29:23,991 INFO  ExportHelperExtension.cs: 1145 - Found 0 features of type [CoordSys] in cum_dahuong_truoc_sau-5
2025-06-27 11:29:23,991 INFO  ExportHelperExtension.cs: 1125 - Retrieving features of type [CoordSys] from motoredit-4
2025-06-27 11:29:23,992 INFO  ExportHelperExtension.cs: 1136 - Found 40 in motoredit-4
2025-06-27 11:29:23,993 INFO  ExportHelperExtension.cs: 1145 - Found 0 features of type [CoordSys] in motoredit-4
2025-06-27 11:29:23,993 INFO  ExportHelperExtension.cs: 1125 - Retrieving features of type [CoordSys] from cum_banh_xe_lon-3
2025-06-27 11:29:23,993 INFO  ExportHelperExtension.cs: 1136 - Found 27 in cum_banh_xe_lon-3
2025-06-27 11:29:23,994 INFO  ExportHelperExtension.cs: 1145 - Found 0 features of type [CoordSys] in cum_banh_xe_lon-3
2025-06-27 11:29:23,994 INFO  ExportHelperExtension.cs: 1125 - Retrieving features of type [CoordSys] from WEIDU TB25XX-1
2025-06-27 11:29:23,994 INFO  ExportHelperExtension.cs: 1136 - Found 101 in WEIDU TB25XX-1
2025-06-27 11:29:23,995 INFO  ExportHelperExtension.cs: 1145 - Found 0 features of type [CoordSys] in WEIDU TB25XX-1
2025-06-27 11:29:23,995 INFO  ExportHelperExtension.cs: 1125 - Retrieving features of type [CoordSys] from 20mm-2
2025-06-27 11:29:23,996 INFO  ExportHelperExtension.cs: 1136 - Found 40 in 20mm-2
2025-06-27 11:29:23,996 INFO  ExportHelperExtension.cs: 1145 - Found 0 features of type [CoordSys] in 20mm-2
2025-06-27 11:29:23,996 INFO  ExportHelperExtension.cs: 1125 - Retrieving features of type [CoordSys] from 20mm-8
2025-06-27 11:29:23,997 INFO  ExportHelperExtension.cs: 1136 - Found 40 in 20mm-8
2025-06-27 11:29:23,997 INFO  ExportHelperExtension.cs: 1145 - Found 0 features of type [CoordSys] in 20mm-8
2025-06-27 11:29:23,997 INFO  ExportHelperExtension.cs: 1125 - Retrieving features of type [CoordSys] from lidar_pushup-1
2025-06-27 11:29:23,998 INFO  ExportHelperExtension.cs: 1136 - Found 34 in lidar_pushup-1
2025-06-27 11:29:23,998 INFO  ExportHelperExtension.cs: 1145 - Found 0 features of type [CoordSys] in lidar_pushup-1
2025-06-27 11:29:23,998 INFO  ExportHelperExtension.cs: 1125 - Retrieving features of type [CoordSys] from standoff_M2_20mm-3
2025-06-27 11:29:23,998 INFO  ExportHelperExtension.cs: 1136 - Found 31 in standoff_M2_20mm-3
2025-06-27 11:29:23,999 INFO  ExportHelperExtension.cs: 1145 - Found 0 features of type [CoordSys] in standoff_M2_20mm-3
2025-06-27 11:29:23,999 INFO  ExportHelperExtension.cs: 1125 - Retrieving features of type [CoordSys] from lidar_pushup-3
2025-06-27 11:29:23,999 INFO  ExportHelperExtension.cs: 1136 - Found 34 in lidar_pushup-3
2025-06-27 11:29:24,000 INFO  ExportHelperExtension.cs: 1145 - Found 0 features of type [CoordSys] in lidar_pushup-3
2025-06-27 11:29:24,000 INFO  ExportHelperExtension.cs: 1125 - Retrieving features of type [CoordSys] from pi_hang_imu-1
2025-06-27 11:29:24,000 INFO  ExportHelperExtension.cs: 1136 - Found 33 in pi_hang_imu-1
2025-06-27 11:29:24,000 INFO  ExportHelperExtension.cs: 1145 - Found 0 features of type [CoordSys] in pi_hang_imu-1
2025-06-27 11:29:24,000 INFO  ExportHelperExtension.cs: 1125 - Retrieving features of type [CoordSys] from ??????? V-slot 20x40-1
2025-06-27 11:29:24,000 INFO  ExportHelperExtension.cs: 1136 - Found 30 in ??????? V-slot 20x40-1
2025-06-27 11:29:24,001 INFO  ExportHelperExtension.cs: 1145 - Found 0 features of type [CoordSys] in ??????? V-slot 20x40-1
2025-06-27 11:29:24,001 INFO  ExportHelperExtension.cs: 1125 - Retrieving features of type [CoordSys] from 20mm-10
2025-06-27 11:29:24,001 INFO  ExportHelperExtension.cs: 1136 - Found 40 in 20mm-10
2025-06-27 11:29:24,002 INFO  ExportHelperExtension.cs: 1145 - Found 0 features of type [CoordSys] in 20mm-10
2025-06-27 11:29:24,002 INFO  ExportHelperExtension.cs: 1125 - Retrieving features of type [CoordSys] from motorAxis-4
2025-06-27 11:29:24,003 INFO  ExportHelperExtension.cs: 1136 - Found 30 in motorAxis-4
2025-06-27 11:29:24,003 INFO  ExportHelperExtension.cs: 1145 - Found 0 features of type [CoordSys] in motorAxis-4
2025-06-27 11:29:24,004 INFO  ExportHelperExtension.cs: 1125 - Retrieving features of type [CoordSys] from cum_dahuong_truoc_sau-6
2025-06-27 11:29:24,004 INFO  ExportHelperExtension.cs: 1136 - Found 53 in cum_dahuong_truoc_sau-6
2025-06-27 11:29:24,005 INFO  ExportHelperExtension.cs: 1145 - Found 0 features of type [CoordSys] in cum_dahuong_truoc_sau-6
2025-06-27 11:29:24,005 INFO  ExportHelperExtension.cs: 1125 - Retrieving features of type [CoordSys] from full_cover_v2-1
2025-06-27 11:29:24,007 INFO  ExportHelperExtension.cs: 1136 - Found 29 in full_cover_v2-1
2025-06-27 11:29:24,007 INFO  ExportHelperExtension.cs: 1145 - Found 0 features of type [CoordSys] in full_cover_v2-1
2025-06-27 11:29:24,008 INFO  ExportHelperExtension.cs: 1125 - Retrieving features of type [CoordSys] from cover_up_v2-1
2025-06-27 11:29:24,009 INFO  ExportHelperExtension.cs: 1136 - Found 26 in cover_up_v2-1
2025-06-27 11:29:24,009 INFO  ExportHelperExtension.cs: 1145 - Found 0 features of type [CoordSys] in cover_up_v2-1
2025-06-27 11:29:24,009 INFO  ExportHelperExtension.cs: 1125 - Retrieving features of type [CoordSys] from aluminium_base-1
2025-06-27 11:29:24,010 INFO  ExportHelperExtension.cs: 1136 - Found 35 in aluminium_base-1
2025-06-27 11:29:24,010 INFO  ExportHelperExtension.cs: 1145 - Found 0 features of type [CoordSys] in aluminium_base-1
2025-06-27 11:29:24,010 INFO  ExportHelperExtension.cs: 1125 - Retrieving features of type [CoordSys] from 20x20_aluminum_extrusion_profile 26cm-1
2025-06-27 11:29:24,011 INFO  ExportHelperExtension.cs: 1136 - Found 25 in 20x20_aluminum_extrusion_profile 26cm-1
2025-06-27 11:29:24,012 INFO  ExportHelperExtension.cs: 1145 - Found 0 features of type [CoordSys] in 20x20_aluminum_extrusion_profile 26cm-1
2025-06-27 11:29:24,012 INFO  ExportHelperExtension.cs: 1125 - Retrieving features of type [CoordSys] from 20mm-11
2025-06-27 11:29:24,013 INFO  ExportHelperExtension.cs: 1136 - Found 40 in 20mm-11
2025-06-27 11:29:24,014 INFO  ExportHelperExtension.cs: 1145 - Found 0 features of type [CoordSys] in 20mm-11
2025-06-27 11:29:24,014 INFO  ExportHelperExtension.cs: 1125 - Retrieving features of type [CoordSys] from cum_banh_xe_lon-5
2025-06-27 11:29:24,014 INFO  ExportHelperExtension.cs: 1136 - Found 27 in cum_banh_xe_lon-5
2025-06-27 11:29:24,015 INFO  ExportHelperExtension.cs: 1145 - Found 0 features of type [CoordSys] in cum_banh_xe_lon-5
2025-06-27 11:29:24,016 INFO  ExportHelperExtension.cs: 1125 - Retrieving features of type [CoordSys] from j1-1
2025-06-27 11:29:24,016 INFO  ExportHelperExtension.cs: 1136 - Found 32 in j1-1
2025-06-27 11:29:24,017 INFO  ExportHelperExtension.cs: 1145 - Found 0 features of type [CoordSys] in j1-1
2025-06-27 11:29:24,017 INFO  ExportHelperExtension.cs: 1125 - Retrieving features of type [CoordSys] from matxeo1-1
2025-06-27 11:29:24,017 INFO  ExportHelperExtension.cs: 1136 - Found 27 in matxeo1-1
2025-06-27 11:29:24,018 INFO  ExportHelperExtension.cs: 1145 - Found 0 features of type [CoordSys] in matxeo1-1
2025-06-27 11:29:24,019 INFO  ExportHelperExtension.cs: 1125 - Retrieving features of type [CoordSys] from Stop Switch Push Button LAY37 (PBC)-3
2025-06-27 11:29:24,019 INFO  ExportHelperExtension.cs: 1136 - Found 63 in Stop Switch Push Button LAY37 (PBC)-3
2025-06-27 11:29:24,020 INFO  ExportHelperExtension.cs: 1145 - Found 0 features of type [CoordSys] in Stop Switch Push Button LAY37 (PBC)-3
2025-06-27 11:29:24,020 INFO  ExportHelperExtension.cs: 1125 - Retrieving features of type [CoordSys] from cover_up_v2_linh-1
2025-06-27 11:29:24,021 INFO  ExportHelperExtension.cs: 1136 - Found 26 in cover_up_v2_linh-1
2025-06-27 11:29:24,021 INFO  ExportHelperExtension.cs: 1145 - Found 0 features of type [CoordSys] in cover_up_v2_linh-1
2025-06-27 11:29:24,022 INFO  ExportHelperExtension.cs: 1125 - Retrieving features of type [CoordSys] from cover_up_v2_linh_mica-1
2025-06-27 11:29:24,022 INFO  ExportHelperExtension.cs: 1136 - Found 28 in cover_up_v2_linh_mica-1
2025-06-27 11:29:24,023 INFO  ExportHelperExtension.cs: 1145 - Found 0 features of type [CoordSys] in cover_up_v2_linh_mica-1
2025-06-27 11:29:24,023 INFO  ExportHelperExtension.cs: 1125 - Retrieving features of type [CoordSys] from Arcade Push button asm-2
2025-06-27 11:29:24,023 INFO  ExportHelperExtension.cs: 1136 - Found 56 in Arcade Push button asm-2
2025-06-27 11:29:24,024 INFO  ExportHelperExtension.cs: 1145 - Found 0 features of type [CoordSys] in Arcade Push button asm-2
2025-06-27 11:29:24,024 INFO  ExportHelperExtension.cs: 1125 - Retrieving features of type [CoordSys] from final kinect-1
2025-06-27 11:29:24,025 INFO  ExportHelperExtension.cs: 1136 - Found 27 in final kinect-1
2025-06-27 11:29:24,025 INFO  ExportHelperExtension.cs: 1145 - Found 0 features of type [CoordSys] in final kinect-1
2025-06-27 11:29:24,026 INFO  ExportHelperExtension.cs: 1125 - Retrieving features of type [CoordSys] from alibaba-1
2025-06-27 11:29:24,026 INFO  ExportHelperExtension.cs: 1136 - Found 35 in alibaba-1
2025-06-27 11:29:24,027 INFO  ExportHelperExtension.cs: 1145 - Found 0 features of type [CoordSys] in alibaba-1
2025-06-27 11:29:24,027 INFO  ExportHelperExtension.cs: 1125 - Retrieving features of type [CoordSys] from che-1
2025-06-27 11:29:24,028 INFO  ExportHelperExtension.cs: 1136 - Found 25 in che-1
2025-06-27 11:29:24,028 INFO  ExportHelperExtension.cs: 1145 - Found 0 features of type [CoordSys] in che-1
2025-06-27 11:29:24,028 INFO  ExportHelperExtension.cs: 1125 - Retrieving features of type [CoordSys] from che-2
2025-06-27 11:29:24,029 INFO  ExportHelperExtension.cs: 1136 - Found 25 in che-2
2025-06-27 11:29:24,029 INFO  ExportHelperExtension.cs: 1145 - Found 0 features of type [CoordSys] in che-2
2025-06-27 11:29:24,030 INFO  ExportHelperExtension.cs: 1125 - Retrieving features of type [CoordSys] from ga_minipc_v2-2
2025-06-27 11:29:24,030 INFO  ExportHelperExtension.cs: 1136 - Found 31 in ga_minipc_v2-2
2025-06-27 11:29:24,030 INFO  ExportHelperExtension.cs: 1145 - Found 0 features of type [CoordSys] in ga_minipc_v2-2
2025-06-27 11:29:24,031 INFO  ExportHelperExtension.cs: 1125 - Retrieving features of type [CoordSys] from hop_pin-1
2025-06-27 11:29:24,031 INFO  ExportHelperExtension.cs: 1136 - Found 27 in hop_pin-1
2025-06-27 11:29:24,040 INFO  ExportHelperExtension.cs: 1145 - Found 0 features of type [CoordSys] in hop_pin-1
2025-06-27 11:29:24,040 INFO  ExportHelperExtension.cs: 1125 - Retrieving features of type [CoordSys] from che-3
2025-06-27 11:29:24,054 INFO  ExportHelperExtension.cs: 1136 - Found 25 in che-3
2025-06-27 11:29:24,055 INFO  ExportHelperExtension.cs: 1145 - Found 0 features of type [CoordSys] in che-3
2025-06-27 11:29:24,055 INFO  ExportHelperExtension.cs: 1125 - Retrieving features of type [CoordSys] from che-5
2025-06-27 11:29:24,056 INFO  ExportHelperExtension.cs: 1136 - Found 25 in che-5
2025-06-27 11:29:24,056 INFO  ExportHelperExtension.cs: 1145 - Found 0 features of type [CoordSys] in che-5
2025-06-27 11:29:24,056 INFO  ExportHelperExtension.cs: 1125 - Retrieving features of type [CoordSys] from ga_minipc_comp-1
2025-06-27 11:29:24,057 INFO  ExportHelperExtension.cs: 1136 - Found 40 in ga_minipc_comp-1
2025-06-27 11:29:24,057 INFO  ExportHelperExtension.cs: 1145 - Found 0 features of type [CoordSys] in ga_minipc_comp-1
2025-06-27 11:29:24,057 INFO  ExportHelperExtension.cs: 1125 - Retrieving features of type [CoordSys] from nang_cam-1
2025-06-27 11:29:24,058 INFO  ExportHelperExtension.cs: 1136 - Found 25 in nang_cam-1
2025-06-27 11:29:24,059 INFO  ExportHelperExtension.cs: 1145 - Found 0 features of type [CoordSys] in nang_cam-1
2025-06-27 11:29:24,059 INFO  ExportHelperExtension.cs: 1125 - Retrieving features of type [CoordSys] from hop_nano-1
2025-06-27 11:29:24,060 INFO  ExportHelperExtension.cs: 1136 - Found 35 in hop_nano-1
2025-06-27 11:29:24,060 INFO  ExportHelperExtension.cs: 1145 - Found 0 features of type [CoordSys] in hop_nano-1
2025-06-27 11:29:24,060 INFO  ExportHelperExtension.cs: 1125 - Retrieving features of type [CoordSys] from kegoc_tab2-1
2025-06-27 11:29:24,061 INFO  ExportHelperExtension.cs: 1136 - Found 25 in kegoc_tab2-1
2025-06-27 11:29:24,061 INFO  ExportHelperExtension.cs: 1145 - Found 0 features of type [CoordSys] in kegoc_tab2-1
2025-06-27 11:29:24,061 INFO  ExportHelperExtension.cs: 1125 - Retrieving features of type [CoordSys] from trodong-1
2025-06-27 11:29:24,062 INFO  ExportHelperExtension.cs: 1136 - Found 25 in trodong-1
2025-06-27 11:29:24,062 INFO  ExportHelperExtension.cs: 1145 - Found 0 features of type [CoordSys] in trodong-1
2025-06-27 11:29:24,062 INFO  ExportHelperExtension.cs: 1125 - Retrieving features of type [CoordSys] from kegoc_tab1-1
2025-06-27 11:29:24,063 INFO  ExportHelperExtension.cs: 1136 - Found 25 in kegoc_tab1-1
2025-06-27 11:29:24,063 INFO  ExportHelperExtension.cs: 1145 - Found 0 features of type [CoordSys] in kegoc_tab1-1
2025-06-27 11:29:24,063 INFO  ExportHelperExtension.cs: 1125 - Retrieving features of type [CoordSys] from op_tablet-1
2025-06-27 11:29:24,064 INFO  ExportHelperExtension.cs: 1136 - Found 37 in op_tablet-1
2025-06-27 11:29:24,064 INFO  ExportHelperExtension.cs: 1145 - Found 0 features of type [CoordSys] in op_tablet-1
2025-06-27 11:29:24,064 INFO  ExportHelperExtension.cs: 1125 - Retrieving features of type [CoordSys] from ga_minipc_v2-1
2025-06-27 11:29:24,064 INFO  ExportHelperExtension.cs: 1136 - Found 31 in ga_minipc_v2-1
2025-06-27 11:29:24,065 INFO  ExportHelperExtension.cs: 1145 - Found 0 features of type [CoordSys] in ga_minipc_v2-1
2025-06-27 11:29:24,065 INFO  ExportHelperExtension.cs: 1125 - Retrieving features of type [CoordSys] from che-4
2025-06-27 11:29:24,066 INFO  ExportHelperExtension.cs: 1136 - Found 25 in che-4
2025-06-27 11:29:24,066 INFO  ExportHelperExtension.cs: 1145 - Found 0 features of type [CoordSys] in che-4
2025-06-27 11:29:24,066 INFO  ExportHelperExtension.cs: 1125 - Retrieving features of type [CoordSys] from che-6
2025-06-27 11:29:24,067 INFO  ExportHelperExtension.cs: 1136 - Found 25 in che-6
2025-06-27 11:29:24,067 INFO  ExportHelperExtension.cs: 1145 - Found 0 features of type [CoordSys] in che-6
2025-06-27 11:29:24,067 INFO  ExportHelperExtension.cs: 1125 - Retrieving features of type [CoordSys] from ga_com-1
2025-06-27 11:29:24,068 INFO  ExportHelperExtension.cs: 1136 - Found 33 in ga_com-1
2025-06-27 11:29:24,068 INFO  ExportHelperExtension.cs: 1145 - Found 0 features of type [CoordSys] in ga_com-1
2025-06-27 11:29:24,068 INFO  ExportHelperExtension.cs: 1125 - Retrieving features of type [CoordSys] from imu_40do-1
2025-06-27 11:29:24,069 INFO  ExportHelperExtension.cs: 1136 - Found 25 in imu_40do-1
2025-06-27 11:29:24,069 INFO  ExportHelperExtension.cs: 1145 - Found 0 features of type [CoordSys] in imu_40do-1
2025-06-27 11:29:24,069 INFO  ExportHelperExtension.cs: 1125 - Retrieving features of type [RefAxis] from roboV3(urdf_changed).SLDASM
2025-06-27 11:29:24,070 INFO  ExportHelperExtension.cs: 1136 - Found 313 in roboV3(urdf_changed).SLDASM
2025-06-27 11:29:24,071 INFO  ExportHelperExtension.cs: 1145 - Found 12 features of type [RefAxis] in roboV3(urdf_changed).SLDASM
2025-06-27 11:29:24,071 INFO  ExportHelperExtension.cs: 1148 - Proceeding through assembly components
2025-06-27 11:29:24,072 INFO  ExportHelperExtension.cs: 1160 - 60 components to check
2025-06-27 11:29:24,072 INFO  ExportHelperExtension.cs: 1125 - Retrieving features of type [RefAxis] from motorAxis-1
2025-06-27 11:29:24,072 INFO  ExportHelperExtension.cs: 1136 - Found 30 in motorAxis-1
2025-06-27 11:29:24,073 INFO  ExportHelperExtension.cs: 1145 - Found 0 features of type [RefAxis] in motorAxis-1
2025-06-27 11:29:24,073 INFO  ExportHelperExtension.cs: 1125 - Retrieving features of type [RefAxis] from standoff_M2_20mm-1
2025-06-27 11:29:24,073 INFO  ExportHelperExtension.cs: 1136 - Found 31 in standoff_M2_20mm-1
2025-06-27 11:29:24,074 INFO  ExportHelperExtension.cs: 1145 - Found 0 features of type [RefAxis] in standoff_M2_20mm-1
2025-06-27 11:29:24,074 INFO  ExportHelperExtension.cs: 1125 - Retrieving features of type [RefAxis] from standoff_M2_20mm-5
2025-06-27 11:29:24,074 INFO  ExportHelperExtension.cs: 1136 - Found 31 in standoff_M2_20mm-5
2025-06-27 11:29:24,074 INFO  ExportHelperExtension.cs: 1145 - Found 0 features of type [RefAxis] in standoff_M2_20mm-5
2025-06-27 11:29:24,075 INFO  ExportHelperExtension.cs: 1125 - Retrieving features of type [RefAxis] from remote_relay-1
2025-06-27 11:29:24,075 INFO  ExportHelperExtension.cs: 1136 - Found 28 in remote_relay-1
2025-06-27 11:29:24,075 INFO  ExportHelperExtension.cs: 1145 - Found 0 features of type [RefAxis] in remote_relay-1
2025-06-27 11:29:24,076 INFO  ExportHelperExtension.cs: 1125 - Retrieving features of type [RefAxis] from motoredit-3
2025-06-27 11:29:24,076 INFO  ExportHelperExtension.cs: 1136 - Found 40 in motoredit-3
2025-06-27 11:29:24,077 INFO  ExportHelperExtension.cs: 1145 - Found 0 features of type [RefAxis] in motoredit-3
2025-06-27 11:29:24,077 INFO  ExportHelperExtension.cs: 1125 - Retrieving features of type [RefAxis] from X3_Lidar-1
2025-06-27 11:29:24,077 INFO  ExportHelperExtension.cs: 1136 - Found 90 in X3_Lidar-1
2025-06-27 11:29:24,078 INFO  ExportHelperExtension.cs: 1145 - Found 0 features of type [RefAxis] in X3_Lidar-1
2025-06-27 11:29:24,078 INFO  ExportHelperExtension.cs: 1125 - Retrieving features of type [RefAxis] from standoff_M2_20mm-4
2025-06-27 11:29:24,078 INFO  ExportHelperExtension.cs: 1136 - Found 31 in standoff_M2_20mm-4
2025-06-27 11:29:24,079 INFO  ExportHelperExtension.cs: 1145 - Found 0 features of type [RefAxis] in standoff_M2_20mm-4
2025-06-27 11:29:24,079 INFO  ExportHelperExtension.cs: 1125 - Retrieving features of type [RefAxis] from battery-1
2025-06-27 11:29:24,079 INFO  ExportHelperExtension.cs: 1136 - Found 28 in battery-1
2025-06-27 11:29:24,079 INFO  ExportHelperExtension.cs: 1145 - Found 0 features of type [RefAxis] in battery-1
2025-06-27 11:29:24,080 INFO  ExportHelperExtension.cs: 1125 - Retrieving features of type [RefAxis] from 36v_12v_converter-1
2025-06-27 11:29:24,080 INFO  ExportHelperExtension.cs: 1136 - Found 29 in 36v_12v_converter-1
2025-06-27 11:29:24,081 INFO  ExportHelperExtension.cs: 1145 - Found 0 features of type [RefAxis] in 36v_12v_converter-1
2025-06-27 11:29:24,081 INFO  ExportHelperExtension.cs: 1125 - Retrieving features of type [RefAxis] from cum_relay_my4n_4p-1
2025-06-27 11:29:24,081 INFO  ExportHelperExtension.cs: 1136 - Found 27 in cum_relay_my4n_4p-1
2025-06-27 11:29:24,082 INFO  ExportHelperExtension.cs: 1145 - Found 0 features of type [RefAxis] in cum_relay_my4n_4p-1
2025-06-27 11:29:24,082 INFO  ExportHelperExtension.cs: 1125 - Retrieving features of type [RefAxis] from hoverboard_driver-1
2025-06-27 11:29:24,082 INFO  ExportHelperExtension.cs: 1136 - Found 25 in hoverboard_driver-1
2025-06-27 11:29:24,083 INFO  ExportHelperExtension.cs: 1145 - Found 0 features of type [RefAxis] in hoverboard_driver-1
2025-06-27 11:29:24,083 INFO  ExportHelperExtension.cs: 1125 - Retrieving features of type [RefAxis] from ??????? V-slot 20x40-3
2025-06-27 11:29:24,083 INFO  ExportHelperExtension.cs: 1136 - Found 30 in ??????? V-slot 20x40-3
2025-06-27 11:29:24,084 INFO  ExportHelperExtension.cs: 1145 - Found 0 features of type [RefAxis] in ??????? V-slot 20x40-3
2025-06-27 11:29:24,085 INFO  ExportHelperExtension.cs: 1125 - Retrieving features of type [RefAxis] from cover_joint_v3.1.2-1
2025-06-27 11:29:24,085 INFO  ExportHelperExtension.cs: 1136 - Found 35 in cover_joint_v3.1.2-1
2025-06-27 11:29:24,085 INFO  ExportHelperExtension.cs: 1145 - Found 0 features of type [RefAxis] in cover_joint_v3.1.2-1
2025-06-27 11:29:24,086 INFO  ExportHelperExtension.cs: 1125 - Retrieving features of type [RefAxis] from j1-2
2025-06-27 11:29:24,087 INFO  ExportHelperExtension.cs: 1136 - Found 32 in j1-2
2025-06-27 11:29:24,087 INFO  ExportHelperExtension.cs: 1145 - Found 0 features of type [RefAxis] in j1-2
2025-06-27 11:29:24,087 INFO  ExportHelperExtension.cs: 1125 - Retrieving features of type [RefAxis] from cum_dahuong_truoc_sau-5
2025-06-27 11:29:24,088 INFO  ExportHelperExtension.cs: 1136 - Found 53 in cum_dahuong_truoc_sau-5
2025-06-27 11:29:24,089 INFO  ExportHelperExtension.cs: 1145 - Found 0 features of type [RefAxis] in cum_dahuong_truoc_sau-5
2025-06-27 11:29:24,089 INFO  ExportHelperExtension.cs: 1125 - Retrieving features of type [RefAxis] from motoredit-4
2025-06-27 11:29:24,089 INFO  ExportHelperExtension.cs: 1136 - Found 40 in motoredit-4
2025-06-27 11:29:24,090 INFO  ExportHelperExtension.cs: 1145 - Found 0 features of type [RefAxis] in motoredit-4
2025-06-27 11:29:24,090 INFO  ExportHelperExtension.cs: 1125 - Retrieving features of type [RefAxis] from cum_banh_xe_lon-3
2025-06-27 11:29:24,091 INFO  ExportHelperExtension.cs: 1136 - Found 27 in cum_banh_xe_lon-3
2025-06-27 11:29:24,091 INFO  ExportHelperExtension.cs: 1145 - Found 0 features of type [RefAxis] in cum_banh_xe_lon-3
2025-06-27 11:29:24,091 INFO  ExportHelperExtension.cs: 1125 - Retrieving features of type [RefAxis] from WEIDU TB25XX-1
2025-06-27 11:29:24,092 INFO  ExportHelperExtension.cs: 1136 - Found 101 in WEIDU TB25XX-1
2025-06-27 11:29:24,093 INFO  ExportHelperExtension.cs: 1145 - Found 0 features of type [RefAxis] in WEIDU TB25XX-1
2025-06-27 11:29:24,093 INFO  ExportHelperExtension.cs: 1125 - Retrieving features of type [RefAxis] from 20mm-2
2025-06-27 11:29:24,094 INFO  ExportHelperExtension.cs: 1136 - Found 40 in 20mm-2
2025-06-27 11:29:24,094 INFO  ExportHelperExtension.cs: 1145 - Found 0 features of type [RefAxis] in 20mm-2
2025-06-27 11:29:24,094 INFO  ExportHelperExtension.cs: 1125 - Retrieving features of type [RefAxis] from 20mm-8
2025-06-27 11:29:24,095 INFO  ExportHelperExtension.cs: 1136 - Found 40 in 20mm-8
2025-06-27 11:29:24,095 INFO  ExportHelperExtension.cs: 1145 - Found 0 features of type [RefAxis] in 20mm-8
2025-06-27 11:29:24,096 INFO  ExportHelperExtension.cs: 1125 - Retrieving features of type [RefAxis] from lidar_pushup-1
2025-06-27 11:29:24,096 INFO  ExportHelperExtension.cs: 1136 - Found 34 in lidar_pushup-1
2025-06-27 11:29:24,097 INFO  ExportHelperExtension.cs: 1145 - Found 1 features of type [RefAxis] in lidar_pushup-1
2025-06-27 11:29:24,097 INFO  ExportHelperExtension.cs: 1125 - Retrieving features of type [RefAxis] from standoff_M2_20mm-3
2025-06-27 11:29:24,098 INFO  ExportHelperExtension.cs: 1136 - Found 31 in standoff_M2_20mm-3
2025-06-27 11:29:24,117 INFO  ExportHelperExtension.cs: 1145 - Found 0 features of type [RefAxis] in standoff_M2_20mm-3
2025-06-27 11:29:24,117 INFO  ExportHelperExtension.cs: 1125 - Retrieving features of type [RefAxis] from lidar_pushup-3
2025-06-27 11:29:24,131 INFO  ExportHelperExtension.cs: 1136 - Found 34 in lidar_pushup-3
2025-06-27 11:29:24,132 INFO  ExportHelperExtension.cs: 1145 - Found 1 features of type [RefAxis] in lidar_pushup-3
2025-06-27 11:29:24,133 INFO  ExportHelperExtension.cs: 1125 - Retrieving features of type [RefAxis] from pi_hang_imu-1
2025-06-27 11:29:24,133 INFO  ExportHelperExtension.cs: 1136 - Found 33 in pi_hang_imu-1
2025-06-27 11:29:24,134 INFO  ExportHelperExtension.cs: 1145 - Found 4 features of type [RefAxis] in pi_hang_imu-1
2025-06-27 11:29:24,134 INFO  ExportHelperExtension.cs: 1125 - Retrieving features of type [RefAxis] from ??????? V-slot 20x40-1
2025-06-27 11:29:24,134 INFO  ExportHelperExtension.cs: 1136 - Found 30 in ??????? V-slot 20x40-1
2025-06-27 11:29:24,135 INFO  ExportHelperExtension.cs: 1145 - Found 0 features of type [RefAxis] in ??????? V-slot 20x40-1
2025-06-27 11:29:24,135 INFO  ExportHelperExtension.cs: 1125 - Retrieving features of type [RefAxis] from 20mm-10
2025-06-27 11:29:24,135 INFO  ExportHelperExtension.cs: 1136 - Found 40 in 20mm-10
2025-06-27 11:29:24,136 INFO  ExportHelperExtension.cs: 1145 - Found 0 features of type [RefAxis] in 20mm-10
2025-06-27 11:29:24,136 INFO  ExportHelperExtension.cs: 1125 - Retrieving features of type [RefAxis] from motorAxis-4
2025-06-27 11:29:24,136 INFO  ExportHelperExtension.cs: 1136 - Found 30 in motorAxis-4
2025-06-27 11:29:24,137 INFO  ExportHelperExtension.cs: 1145 - Found 0 features of type [RefAxis] in motorAxis-4
2025-06-27 11:29:24,137 INFO  ExportHelperExtension.cs: 1125 - Retrieving features of type [RefAxis] from cum_dahuong_truoc_sau-6
2025-06-27 11:29:24,138 INFO  ExportHelperExtension.cs: 1136 - Found 53 in cum_dahuong_truoc_sau-6
2025-06-27 11:29:24,138 INFO  ExportHelperExtension.cs: 1145 - Found 0 features of type [RefAxis] in cum_dahuong_truoc_sau-6
2025-06-27 11:29:24,138 INFO  ExportHelperExtension.cs: 1125 - Retrieving features of type [RefAxis] from full_cover_v2-1
2025-06-27 11:29:24,139 INFO  ExportHelperExtension.cs: 1136 - Found 29 in full_cover_v2-1
2025-06-27 11:29:24,139 INFO  ExportHelperExtension.cs: 1145 - Found 0 features of type [RefAxis] in full_cover_v2-1
2025-06-27 11:29:24,139 INFO  ExportHelperExtension.cs: 1125 - Retrieving features of type [RefAxis] from cover_up_v2-1
2025-06-27 11:29:24,140 INFO  ExportHelperExtension.cs: 1136 - Found 26 in cover_up_v2-1
2025-06-27 11:29:24,140 INFO  ExportHelperExtension.cs: 1145 - Found 0 features of type [RefAxis] in cover_up_v2-1
2025-06-27 11:29:24,141 INFO  ExportHelperExtension.cs: 1125 - Retrieving features of type [RefAxis] from aluminium_base-1
2025-06-27 11:29:24,141 INFO  ExportHelperExtension.cs: 1136 - Found 35 in aluminium_base-1
2025-06-27 11:29:24,142 INFO  ExportHelperExtension.cs: 1145 - Found 0 features of type [RefAxis] in aluminium_base-1
2025-06-27 11:29:24,142 INFO  ExportHelperExtension.cs: 1125 - Retrieving features of type [RefAxis] from 20x20_aluminum_extrusion_profile 26cm-1
2025-06-27 11:29:24,142 INFO  ExportHelperExtension.cs: 1136 - Found 25 in 20x20_aluminum_extrusion_profile 26cm-1
2025-06-27 11:29:24,142 INFO  ExportHelperExtension.cs: 1145 - Found 0 features of type [RefAxis] in 20x20_aluminum_extrusion_profile 26cm-1
2025-06-27 11:29:24,143 INFO  ExportHelperExtension.cs: 1125 - Retrieving features of type [RefAxis] from 20mm-11
2025-06-27 11:29:24,143 INFO  ExportHelperExtension.cs: 1136 - Found 40 in 20mm-11
2025-06-27 11:29:24,144 INFO  ExportHelperExtension.cs: 1145 - Found 0 features of type [RefAxis] in 20mm-11
2025-06-27 11:29:24,144 INFO  ExportHelperExtension.cs: 1125 - Retrieving features of type [RefAxis] from cum_banh_xe_lon-5
2025-06-27 11:29:24,144 INFO  ExportHelperExtension.cs: 1136 - Found 27 in cum_banh_xe_lon-5
2025-06-27 11:29:24,145 INFO  ExportHelperExtension.cs: 1145 - Found 0 features of type [RefAxis] in cum_banh_xe_lon-5
2025-06-27 11:29:24,145 INFO  ExportHelperExtension.cs: 1125 - Retrieving features of type [RefAxis] from j1-1
2025-06-27 11:29:24,145 INFO  ExportHelperExtension.cs: 1136 - Found 32 in j1-1
2025-06-27 11:29:24,146 INFO  ExportHelperExtension.cs: 1145 - Found 0 features of type [RefAxis] in j1-1
2025-06-27 11:29:24,146 INFO  ExportHelperExtension.cs: 1125 - Retrieving features of type [RefAxis] from matxeo1-1
2025-06-27 11:29:24,146 INFO  ExportHelperExtension.cs: 1136 - Found 27 in matxeo1-1
2025-06-27 11:29:24,147 INFO  ExportHelperExtension.cs: 1145 - Found 0 features of type [RefAxis] in matxeo1-1
2025-06-27 11:29:24,147 INFO  ExportHelperExtension.cs: 1125 - Retrieving features of type [RefAxis] from Stop Switch Push Button LAY37 (PBC)-3
2025-06-27 11:29:24,147 INFO  ExportHelperExtension.cs: 1136 - Found 63 in Stop Switch Push Button LAY37 (PBC)-3
2025-06-27 11:29:24,148 INFO  ExportHelperExtension.cs: 1145 - Found 0 features of type [RefAxis] in Stop Switch Push Button LAY37 (PBC)-3
2025-06-27 11:29:24,148 INFO  ExportHelperExtension.cs: 1125 - Retrieving features of type [RefAxis] from cover_up_v2_linh-1
2025-06-27 11:29:24,148 INFO  ExportHelperExtension.cs: 1136 - Found 26 in cover_up_v2_linh-1
2025-06-27 11:29:24,149 INFO  ExportHelperExtension.cs: 1145 - Found 0 features of type [RefAxis] in cover_up_v2_linh-1
2025-06-27 11:29:24,149 INFO  ExportHelperExtension.cs: 1125 - Retrieving features of type [RefAxis] from cover_up_v2_linh_mica-1
2025-06-27 11:29:24,149 INFO  ExportHelperExtension.cs: 1136 - Found 28 in cover_up_v2_linh_mica-1
2025-06-27 11:29:24,150 INFO  ExportHelperExtension.cs: 1145 - Found 0 features of type [RefAxis] in cover_up_v2_linh_mica-1
2025-06-27 11:29:24,150 INFO  ExportHelperExtension.cs: 1125 - Retrieving features of type [RefAxis] from Arcade Push button asm-2
2025-06-27 11:29:24,151 INFO  ExportHelperExtension.cs: 1136 - Found 56 in Arcade Push button asm-2
2025-06-27 11:29:24,151 INFO  ExportHelperExtension.cs: 1145 - Found 0 features of type [RefAxis] in Arcade Push button asm-2
2025-06-27 11:29:24,151 INFO  ExportHelperExtension.cs: 1125 - Retrieving features of type [RefAxis] from final kinect-1
2025-06-27 11:29:24,152 INFO  ExportHelperExtension.cs: 1136 - Found 27 in final kinect-1
2025-06-27 11:29:24,152 INFO  ExportHelperExtension.cs: 1145 - Found 0 features of type [RefAxis] in final kinect-1
2025-06-27 11:29:24,152 INFO  ExportHelperExtension.cs: 1125 - Retrieving features of type [RefAxis] from alibaba-1
2025-06-27 11:29:24,153 INFO  ExportHelperExtension.cs: 1136 - Found 35 in alibaba-1
2025-06-27 11:29:24,153 INFO  ExportHelperExtension.cs: 1145 - Found 0 features of type [RefAxis] in alibaba-1
2025-06-27 11:29:24,153 INFO  ExportHelperExtension.cs: 1125 - Retrieving features of type [RefAxis] from che-1
2025-06-27 11:29:24,154 INFO  ExportHelperExtension.cs: 1136 - Found 25 in che-1
2025-06-27 11:29:24,154 INFO  ExportHelperExtension.cs: 1145 - Found 0 features of type [RefAxis] in che-1
2025-06-27 11:29:24,154 INFO  ExportHelperExtension.cs: 1125 - Retrieving features of type [RefAxis] from che-2
2025-06-27 11:29:24,155 INFO  ExportHelperExtension.cs: 1136 - Found 25 in che-2
2025-06-27 11:29:24,155 INFO  ExportHelperExtension.cs: 1145 - Found 0 features of type [RefAxis] in che-2
2025-06-27 11:29:24,155 INFO  ExportHelperExtension.cs: 1125 - Retrieving features of type [RefAxis] from ga_minipc_v2-2
2025-06-27 11:29:24,156 INFO  ExportHelperExtension.cs: 1136 - Found 31 in ga_minipc_v2-2
2025-06-27 11:29:24,156 INFO  ExportHelperExtension.cs: 1145 - Found 0 features of type [RefAxis] in ga_minipc_v2-2
2025-06-27 11:29:24,156 INFO  ExportHelperExtension.cs: 1125 - Retrieving features of type [RefAxis] from hop_pin-1
2025-06-27 11:29:24,157 INFO  ExportHelperExtension.cs: 1136 - Found 27 in hop_pin-1
2025-06-27 11:29:24,157 INFO  ExportHelperExtension.cs: 1145 - Found 0 features of type [RefAxis] in hop_pin-1
2025-06-27 11:29:24,157 INFO  ExportHelperExtension.cs: 1125 - Retrieving features of type [RefAxis] from che-3
2025-06-27 11:29:24,157 INFO  ExportHelperExtension.cs: 1136 - Found 25 in che-3
2025-06-27 11:29:24,158 INFO  ExportHelperExtension.cs: 1145 - Found 0 features of type [RefAxis] in che-3
2025-06-27 11:29:24,158 INFO  ExportHelperExtension.cs: 1125 - Retrieving features of type [RefAxis] from che-5
2025-06-27 11:29:24,158 INFO  ExportHelperExtension.cs: 1136 - Found 25 in che-5
2025-06-27 11:29:24,159 INFO  ExportHelperExtension.cs: 1145 - Found 0 features of type [RefAxis] in che-5
2025-06-27 11:29:24,159 INFO  ExportHelperExtension.cs: 1125 - Retrieving features of type [RefAxis] from ga_minipc_comp-1
2025-06-27 11:29:24,159 INFO  ExportHelperExtension.cs: 1136 - Found 40 in ga_minipc_comp-1
2025-06-27 11:29:24,160 INFO  ExportHelperExtension.cs: 1145 - Found 0 features of type [RefAxis] in ga_minipc_comp-1
2025-06-27 11:29:24,160 INFO  ExportHelperExtension.cs: 1125 - Retrieving features of type [RefAxis] from nang_cam-1
2025-06-27 11:29:24,160 INFO  ExportHelperExtension.cs: 1136 - Found 25 in nang_cam-1
2025-06-27 11:29:24,161 INFO  ExportHelperExtension.cs: 1145 - Found 0 features of type [RefAxis] in nang_cam-1
2025-06-27 11:29:24,161 INFO  ExportHelperExtension.cs: 1125 - Retrieving features of type [RefAxis] from hop_nano-1
2025-06-27 11:29:24,161 INFO  ExportHelperExtension.cs: 1136 - Found 35 in hop_nano-1
2025-06-27 11:29:24,162 INFO  ExportHelperExtension.cs: 1145 - Found 0 features of type [RefAxis] in hop_nano-1
2025-06-27 11:29:24,162 INFO  ExportHelperExtension.cs: 1125 - Retrieving features of type [RefAxis] from kegoc_tab2-1
2025-06-27 11:29:24,163 INFO  ExportHelperExtension.cs: 1136 - Found 25 in kegoc_tab2-1
2025-06-27 11:29:24,163 INFO  ExportHelperExtension.cs: 1145 - Found 0 features of type [RefAxis] in kegoc_tab2-1
2025-06-27 11:29:24,163 INFO  ExportHelperExtension.cs: 1125 - Retrieving features of type [RefAxis] from trodong-1
2025-06-27 11:29:24,163 INFO  ExportHelperExtension.cs: 1136 - Found 25 in trodong-1
2025-06-27 11:29:24,164 INFO  ExportHelperExtension.cs: 1145 - Found 0 features of type [RefAxis] in trodong-1
2025-06-27 11:29:24,164 INFO  ExportHelperExtension.cs: 1125 - Retrieving features of type [RefAxis] from kegoc_tab1-1
2025-06-27 11:29:24,165 INFO  ExportHelperExtension.cs: 1136 - Found 25 in kegoc_tab1-1
2025-06-27 11:29:24,165 INFO  ExportHelperExtension.cs: 1145 - Found 0 features of type [RefAxis] in kegoc_tab1-1
2025-06-27 11:29:24,165 INFO  ExportHelperExtension.cs: 1125 - Retrieving features of type [RefAxis] from op_tablet-1
2025-06-27 11:29:24,166 INFO  ExportHelperExtension.cs: 1136 - Found 37 in op_tablet-1
2025-06-27 11:29:24,166 INFO  ExportHelperExtension.cs: 1145 - Found 0 features of type [RefAxis] in op_tablet-1
2025-06-27 11:29:24,166 INFO  ExportHelperExtension.cs: 1125 - Retrieving features of type [RefAxis] from ga_minipc_v2-1
2025-06-27 11:29:24,167 INFO  ExportHelperExtension.cs: 1136 - Found 31 in ga_minipc_v2-1
2025-06-27 11:29:24,167 INFO  ExportHelperExtension.cs: 1145 - Found 0 features of type [RefAxis] in ga_minipc_v2-1
2025-06-27 11:29:24,168 INFO  ExportHelperExtension.cs: 1125 - Retrieving features of type [RefAxis] from che-4
2025-06-27 11:29:24,168 INFO  ExportHelperExtension.cs: 1136 - Found 25 in che-4
2025-06-27 11:29:24,168 INFO  ExportHelperExtension.cs: 1145 - Found 0 features of type [RefAxis] in che-4
2025-06-27 11:29:24,168 INFO  ExportHelperExtension.cs: 1125 - Retrieving features of type [RefAxis] from che-6
2025-06-27 11:29:24,169 INFO  ExportHelperExtension.cs: 1136 - Found 25 in che-6
2025-06-27 11:29:24,169 INFO  ExportHelperExtension.cs: 1145 - Found 0 features of type [RefAxis] in che-6
2025-06-27 11:29:24,170 INFO  ExportHelperExtension.cs: 1125 - Retrieving features of type [RefAxis] from ga_com-1
2025-06-27 11:29:24,170 INFO  ExportHelperExtension.cs: 1136 - Found 33 in ga_com-1
2025-06-27 11:29:24,170 INFO  ExportHelperExtension.cs: 1145 - Found 0 features of type [RefAxis] in ga_com-1
2025-06-27 11:29:24,170 INFO  ExportHelperExtension.cs: 1125 - Retrieving features of type [RefAxis] from imu_40do-1
2025-06-27 11:29:24,178 INFO  ExportHelperExtension.cs: 1136 - Found 25 in imu_40do-1
2025-06-27 11:29:24,178 INFO  ExportHelperExtension.cs: 1145 - Found 0 features of type [RefAxis] in imu_40do-1
2025-06-27 11:29:24,243 INFO  ExportPropertyManager.cs: 1142 - AfterClose called. This method no longer throws an Exception. It just silently does nothing. Ok, except for this logging message
2025-06-27 11:29:39,824 INFO  AssemblyExportForm.cs: 253 - Completing URDF export
2025-06-27 11:29:39,830 INFO  ConfigurationSerialization.cs: 276 - URDF Configuration found
<Link z:Id="i1" xmlns="http://schemas.datacontract.org/2004/07/SW2URDF" xmlns:i="http://www.w3.org/2001/XMLSchema-instance" xmlns:z="http://schemas.microsoft.com/2003/10/Serialization/"><Attributes><Attribute z:Id="i2"><AttributeType>name</AttributeType><IsRequired>true</IsRequired><Value i:type="a:string" xmlns:a="http://www.w3.org/2001/XMLSchema">base_link</Value></Attribute></Attributes><ChildElements><URDFElement z:Id="i3" i:type="Inertial"><Attributes/><ChildElements><URDFElement z:Id="i4" i:type="Origin"><Attributes><Attribute z:Id="i5"><AttributeType>xyz</AttributeType><IsRequired>true</IsRequired><Value i:type="a:ArrayOfdouble" xmlns:a="http://schemas.microsoft.com/2003/10/Serialization/Arrays"><a:double>0.0283696678283355</a:double><a:double>-0.0053387669522444448</a:double><a:double>0.070976161328204557</a:double></Value></Attribute><Attribute z:Id="i6"><AttributeType>rpy</AttributeType><IsRequired>true</IsRequired><Value i:type="a:ArrayOfdouble" xmlns:a="http://schemas.microsoft.com/2003/10/Serialization/Arrays"><a:double>0</a:double><a:double>0</a:double><a:double>0</a:double></Value></Attribute></Attributes><ChildElements/><ElementName>origin</ElementName><required>false</required><RPYAttribute z:Ref="i6"/><XYZAttribute z:Ref="i5"/><isCustomized>false</isCustomized></URDFElement><URDFElement z:Id="i7" i:type="Mass"><Attributes><Attribute z:Id="i8"><AttributeType>value</AttributeType><IsRequired>true</IsRequired><Value i:type="a:double" xmlns:a="http://www.w3.org/2001/XMLSchema">9.396190686586456</Value></Attribute></Attributes><ChildElements/><ElementName>mass</ElementName><required>false</required><ValueAttribute z:Ref="i8"/></URDFElement><URDFElement z:Id="i9" i:type="Inertia"><Attributes><Attribute z:Id="i10"><AttributeType>ixx</AttributeType><IsRequired>true</IsRequired><Value i:type="a:double" xmlns:a="http://www.w3.org/2001/XMLSchema">0.037750785721450249</Value></Attribute><Attribute z:Id="i11"><AttributeType>ixy</AttributeType><IsRequired>true</IsRequired><Value i:type="a:double" xmlns:a="http://www.w3.org/2001/XMLSchema">-0.00025260952951414417</Value></Attribute><Attribute z:Id="i12"><AttributeType>ixz</AttributeType><IsRequired>true</IsRequired><Value i:type="a:double" xmlns:a="http://www.w3.org/2001/XMLSchema">0.00047244512505706555</Value></Attribute><Attribute z:Id="i13"><AttributeType>iyy</AttributeType><IsRequired>true</IsRequired><Value i:type="a:double" xmlns:a="http://www.w3.org/2001/XMLSchema">0.059669282857082596</Value></Attribute><Attribute z:Id="i14"><AttributeType>iyz</AttributeType><IsRequired>true</IsRequired><Value i:type="a:double" xmlns:a="http://www.w3.org/2001/XMLSchema">-6.2380513801288206E-07</Value></Attribute><Attribute z:Id="i15"><AttributeType>izz</AttributeType><IsRequired>true</IsRequired><Value i:type="a:double" xmlns:a="http://www.w3.org/2001/XMLSchema">0.074553113262024712</Value></Attribute></Attributes><ChildElements/><ElementName>inertia</ElementName><required>false</required><IxxAttribute z:Ref="i10"/><IxyAttribute z:Ref="i11"/><IxzAttribute z:Ref="i12"/><IyyAttribute z:Ref="i13"/><IyzAttribute z:Ref="i14"/><IzzAttribute z:Ref="i15"/></URDFElement></ChildElements><ElementName>inertial</ElementName><required>false</required><Inertia z:Ref="i9"/><Mass z:Ref="i7"/><Origin z:Ref="i4"/></URDFElement><URDFElement z:Id="i16" i:type="Visual"><Attributes/><ChildElements><URDFElement z:Id="i17" i:type="Origin"><Attributes><Attribute z:Id="i18"><AttributeType>xyz</AttributeType><IsRequired>true</IsRequired><Value i:type="a:ArrayOfdouble" xmlns:a="http://schemas.microsoft.com/2003/10/Serialization/Arrays"><a:double>0</a:double><a:double>0</a:double><a:double>0</a:double></Value></Attribute><Attribute z:Id="i19"><AttributeType>rpy</AttributeType><IsRequired>true</IsRequired><Value i:type="a:ArrayOfdouble" xmlns:a="http://schemas.microsoft.com/2003/10/Serialization/Arrays"><a:double>0</a:double><a:double>0</a:double><a:double>0</a:double></Value></Attribute></Attributes><ChildElements/><ElementName>origin</ElementName><required>false</required><RPYAttribute z:Ref="i19"/><XYZAttribute z:Ref="i18"/><isCustomized>false</isCustomized></URDFElement><URDFElement z:Id="i20" i:type="Geometry"><Attributes/><ChildElements><URDFElement z:Id="i21" i:type="Mesh"><Attributes><Attribute z:Id="i22"><AttributeType>filename</AttributeType><IsRequired>true</IsRequired><Value i:nil="true"/></Attribute></Attributes><ChildElements/><ElementName>mesh</ElementName><required>false</required><FilenameAttribute z:Ref="i22"/></URDFElement></ChildElements><ElementName>geometry</ElementName><required>true</required><Mesh z:Ref="i21"/></URDFElement><URDFElement z:Id="i23" i:type="Material"><Attributes><Attribute z:Id="i24"><AttributeType>name</AttributeType><IsRequired>true</IsRequired><Value i:type="a:string" xmlns:a="http://www.w3.org/2001/XMLSchema"/></Attribute></Attributes><ChildElements><URDFElement z:Id="i25" i:type="Color"><Attributes><Attribute z:Id="i26"><AttributeType>rgba</AttributeType><IsRequired>true</IsRequired><Value i:type="a:ArrayOfdouble" xmlns:a="http://schemas.microsoft.com/2003/10/Serialization/Arrays"><a:double>0.75294117647058822</a:double><a:double>0.75294117647058822</a:double><a:double>0.75294117647058822</a:double><a:double>1</a:double></Value></Attribute></Attributes><ChildElements/><ElementName>color</ElementName><required>false</required><RGBAAttribute z:Ref="i26"/></URDFElement><URDFElement z:Id="i27" i:type="Texture"><Attributes><Attribute z:Id="i28"><AttributeType>filename</AttributeType><IsRequired>true</IsRequired><Value i:nil="true"/></Attribute></Attributes><ChildElements/><ElementName>texture</ElementName><required>false</required><FilenameAttribute z:Ref="i28"/><wFilename/></URDFElement></ChildElements><ElementName>material</ElementName><required>false</required><Color z:Ref="i25"/><NameAttribute z:Ref="i24"/><Texture z:Ref="i27"/></URDFElement></ChildElements><ElementName>visual</ElementName><required>false</required><Geometry z:Ref="i20"/><Material z:Ref="i23"/><Origin z:Ref="i17"/></URDFElement><URDFElement z:Id="i29" i:type="Collision"><Attributes/><ChildElements><URDFElement z:Id="i30" i:type="Origin"><Attributes><Attribute z:Id="i31"><AttributeType>xyz</AttributeType><IsRequired>true</IsRequired><Value i:type="a:ArrayOfdouble" xmlns:a="http://schemas.microsoft.com/2003/10/Serialization/Arrays"><a:double>0</a:double><a:double>0</a:double><a:double>0</a:double></Value></Attribute><Attribute z:Id="i32"><AttributeType>rpy</AttributeType><IsRequired>true</IsRequired><Value i:type="a:ArrayOfdouble" xmlns:a="http://schemas.microsoft.com/2003/10/Serialization/Arrays"><a:double>0</a:double><a:double>0</a:double><a:double>0</a:double></Value></Attribute></Attributes><ChildElements/><ElementName>origin</ElementName><required>false</required><RPYAttribute z:Ref="i32"/><XYZAttribute z:Ref="i31"/><isCustomized>false</isCustomized></URDFElement><URDFElement z:Id="i33" i:type="Geometry"><Attributes/><ChildElements><URDFElement z:Id="i34" i:type="Mesh"><Attributes><Attribute z:Id="i35"><AttributeType>filename</AttributeType><IsRequired>true</IsRequired><Value i:nil="true"/></Attribute></Attributes><ChildElements/><ElementName>mesh</ElementName><required>false</required><FilenameAttribute z:Ref="i35"/></URDFElement></ChildElements><ElementName>geometry</ElementName><required>true</required><Mesh z:Ref="i34"/></URDFElement></ChildElements><ElementName>collision</ElementName><required>false</required><Geometry z:Ref="i33"/><Origin z:Ref="i30"/></URDFElement><URDFElement z:Id="i36" i:type="Joint"><Attributes><Attribute z:Id="i37"><AttributeType>name</AttributeType><IsRequired>true</IsRequired><Value i:type="a:string" xmlns:a="http://www.w3.org/2001/XMLSchema"/></Attribute><Attribute z:Id="i38"><AttributeType>type</AttributeType><IsRequired>true</IsRequired><Value i:type="a:string" xmlns:a="http://www.w3.org/2001/XMLSchema"/></Attribute></Attributes><ChildElements><URDFElement z:Id="i39" i:type="Origin"><Attributes><Attribute z:Id="i40"><AttributeType>xyz</AttributeType><IsRequired>true</IsRequired><Value i:type="a:ArrayOfdouble" xmlns:a="http://schemas.microsoft.com/2003/10/Serialization/Arrays"><a:double>0</a:double><a:double>0</a:double><a:double>0</a:double></Value></Attribute><Attribute z:Id="i41"><AttributeType>rpy</AttributeType><IsRequired>true</IsRequired><Value i:type="a:ArrayOfdouble" xmlns:a="http://schemas.microsoft.com/2003/10/Serialization/Arrays"><a:double>0</a:double><a:double>0</a:double><a:double>0</a:double></Value></Attribute></Attributes><ChildElements/><ElementName>origin</ElementName><required>false</required><RPYAttribute z:Ref="i41"/><XYZAttribute z:Ref="i40"/><isCustomized>false</isCustomized></URDFElement><URDFElement z:Id="i42" i:type="ParentLink"><Attributes><Attribute z:Id="i43"><AttributeType>link</AttributeType><IsRequired>true</IsRequired><Value i:type="a:string" xmlns:a="http://www.w3.org/2001/XMLSchema"/></Attribute></Attributes><ChildElements/><ElementName>parent</ElementName><required>true</required><NameAttribute z:Ref="i43"/></URDFElement><URDFElement z:Id="i44" i:type="ChildLink"><Attributes><Attribute z:Id="i45"><AttributeType>link</AttributeType><IsRequired>true</IsRequired><Value i:type="a:string" xmlns:a="http://www.w3.org/2001/XMLSchema"/></Attribute></Attributes><ChildElements/><ElementName>child</ElementName><required>true</required><NameAttribute z:Ref="i45"/></URDFElement><URDFElement z:Id="i46" i:type="Axis"><Attributes><Attribute z:Id="i47"><AttributeType>xyz</AttributeType><IsRequired>true</IsRequired><Value i:type="a:ArrayOfdouble" xmlns:a="http://schemas.microsoft.com/2003/10/Serialization/Arrays"><a:double>0</a:double><a:double>0</a:double><a:double>0</a:double></Value></Attribute></Attributes><ChildElements/><ElementName>axis</ElementName><required>false</required><XYZAttribute z:Ref="i47"/></URDFElement><URDFElement z:Id="i48" i:type="Limit"><Attributes><Attribute z:Id="i49"><AttributeType>lower</AttributeType><IsRequired>false</IsRequired><Value i:nil="true"/></Attribute><Attribute z:Id="i50"><AttributeType>upper</AttributeType><IsRequired>false</IsRequired><Value i:nil="true"/></Attribute><Attribute z:Id="i51"><AttributeType>effort</AttributeType><IsRequired>true</IsRequired><Value i:nil="true"/></Attribute><Attribute z:Id="i52"><AttributeType>velocity</AttributeType><IsRequired>true</IsRequired><Value i:nil="true"/></Attribute></Attributes><ChildElements/><ElementName>limit</ElementName><required>false</required><EffortAttribute z:Ref="i51"/><LowerAttribute z:Ref="i49"/><UpperAttribute z:Ref="i50"/><VelocityAttribute z:Ref="i52"/></URDFElement><URDFElement z:Id="i53" i:type="Calibration"><Attributes><Attribute z:Id="i54"><AttributeType>rising</AttributeType><IsRequired>false</IsRequired><Value i:nil="true"/></Attribute><Attribute z:Id="i55"><AttributeType>falling</AttributeType><IsRequired>false</IsRequired><Value i:nil="true"/></Attribute></Attributes><ChildElements/><ElementName>calibration</ElementName><required>false</required><FallingAttribute z:Ref="i55"/><RisingAttribute z:Ref="i54"/></URDFElement><URDFElement z:Id="i56" i:type="Dynamics"><Attributes><Attribute z:Id="i57"><AttributeType>damping</AttributeType><IsRequired>false</IsRequired><Value i:nil="true"/></Attribute><Attribute z:Id="i58"><AttributeType>friction</AttributeType><IsRequired>false</IsRequired><Value i:nil="true"/></Attribute></Attributes><ChildElements/><ElementName>dynamics</ElementName><required>false</required><DampingAttribute z:Ref="i57"/><FrictionAttribute z:Ref="i58"/></URDFElement><URDFElement z:Id="i59" i:type="SafetyController"><Attributes><Attribute z:Id="i60"><AttributeType>soft_upper_limit</AttributeType><IsRequired>false</IsRequired><Value i:nil="true"/></Attribute><Attribute z:Id="i61"><AttributeType>soft_lower_limit</AttributeType><IsRequired>false</IsRequired><Value i:nil="true"/></Attribute><Attribute z:Id="i62"><AttributeType>k_position</AttributeType><IsRequired>false</IsRequired><Value i:nil="true"/></Attribute><Attribute z:Id="i63"><AttributeType>k_velocity</AttributeType><IsRequired>true</IsRequired><Value i:nil="true"/></Attribute></Attributes><ChildElements/><ElementName>safety_controller</ElementName><required>false</required><KPositionAttribute z:Ref="i62"/><KVelocityAttribute z:Ref="i63"/><SoftLowerAttribute z:Ref="i61"/><SoftUpperAttribute z:Ref="i60"/></URDFElement><URDFElement z:Id="i64" i:type="Mimic"><Attributes><Attribute z:Id="i65"><AttributeType>joint</AttributeType><IsRequired>true</IsRequired><Value i:nil="true"/></Attribute><Attribute z:Id="i66"><AttributeType>multiplier</AttributeType><IsRequired>false</IsRequired><Value i:nil="true"/></Attribute><Attribute z:Id="i67"><AttributeType>offset</AttributeType><IsRequired>false</IsRequired><Value i:nil="true"/></Attribute></Attributes><ChildElements/><ElementName>mimic</ElementName><required>false</required><JointNameAttribute z:Ref="i65"/><MultiplierAttribute z:Ref="i66"/><OffsetAttribute z:Ref="i67"/></URDFElement></ChildElements><ElementName>joint</ElementName><required>false</required><Axis z:Ref="i46"/><AxisName/><Calibration z:Ref="i53"/><Child z:Ref="i44"/><CoordinateSystemName>Coordinate System1</CoordinateSystemName><Dynamics z:Ref="i56"/><Limit z:Ref="i48"/><Mimic z:Ref="i64"/><NameAttribute z:Ref="i37"/><Origin z:Ref="i39"/><Parent z:Ref="i42"/><Safety z:Ref="i59"/><TypeAttribute z:Ref="i38"/></URDFElement></ChildElements><ElementName>link</ElementName><required>true</required><Children><Link z:Id="i68"><Attributes><Attribute z:Id="i69"><AttributeType>name</AttributeType><IsRequired>true</IsRequired><Value i:type="a:string" xmlns:a="http://www.w3.org/2001/XMLSchema">lidar_link</Value></Attribute></Attributes><ChildElements><URDFElement z:Id="i70" i:type="Inertial"><Attributes/><ChildElements><URDFElement z:Id="i71" i:type="Origin"><Attributes><Attribute z:Id="i72"><AttributeType>xyz</AttributeType><IsRequired>true</IsRequired><Value i:type="a:ArrayOfdouble" xmlns:a="http://schemas.microsoft.com/2003/10/Serialization/Arrays"><a:double>0.014838317136805057</a:double><a:double>0.00044768343099887975</a:double><a:double>-0.021153620818728069</a:double></Value></Attribute><Attribute z:Id="i73"><AttributeType>rpy</AttributeType><IsRequired>true</IsRequired><Value i:type="a:ArrayOfdouble" xmlns:a="http://schemas.microsoft.com/2003/10/Serialization/Arrays"><a:double>0</a:double><a:double>0</a:double><a:double>0</a:double></Value></Attribute></Attributes><ChildElements/><ElementName>origin</ElementName><required>false</required><RPYAttribute z:Ref="i73"/><XYZAttribute z:Ref="i72"/><isCustomized>false</isCustomized></URDFElement><URDFElement z:Id="i74" i:type="Mass"><Attributes><Attribute z:Id="i75"><AttributeType>value</AttributeType><IsRequired>true</IsRequired><Value i:type="a:double" xmlns:a="http://www.w3.org/2001/XMLSchema">0.031240912740486168</Value></Attribute></Attributes><ChildElements/><ElementName>mass</ElementName><required>false</required><ValueAttribute z:Ref="i75"/></URDFElement><URDFElement z:Id="i76" i:type="Inertia"><Attributes><Attribute z:Id="i77"><AttributeType>ixx</AttributeType><IsRequired>true</IsRequired><Value i:type="a:double" xmlns:a="http://www.w3.org/2001/XMLSchema">8.8802637080853618E-06</Value></Attribute><Attribute z:Id="i78"><AttributeType>ixy</AttributeType><IsRequired>true</IsRequired><Value i:type="a:double" xmlns:a="http://www.w3.org/2001/XMLSchema">-1.7766449426414631E-07</Value></Attribute><Attribute z:Id="i79"><AttributeType>ixz</AttributeType><IsRequired>true</IsRequired><Value i:type="a:double" xmlns:a="http://www.w3.org/2001/XMLSchema">1.1302767990892899E-07</Value></Attribute><Attribute z:Id="i80"><AttributeType>iyy</AttributeType><IsRequired>true</IsRequired><Value i:type="a:double" xmlns:a="http://www.w3.org/2001/XMLSchema">1.4491001820374183E-05</Value></Attribute><Attribute z:Id="i81"><AttributeType>iyz</AttributeType><IsRequired>true</IsRequired><Value i:type="a:double" xmlns:a="http://www.w3.org/2001/XMLSchema">3.4607611495900329E-08</Value></Attribute><Attribute z:Id="i82"><AttributeType>izz</AttributeType><IsRequired>true</IsRequired><Value i:type="a:double" xmlns:a="http://www.w3.org/2001/XMLSchema">2.2528909951833517E-05</Value></Attribute></Attributes><ChildElements/><ElementName>inertia</ElementName><required>false</required><IxxAttribute z:Ref="i77"/><IxyAttribute z:Ref="i78"/><IxzAttribute z:Ref="i79"/><IyyAttribute z:Ref="i80"/><IyzAttribute z:Ref="i81"/><IzzAttribute z:Ref="i82"/></URDFElement></ChildElements><ElementName>inertial</ElementName><required>false</required><Inertia z:Ref="i76"/><Mass z:Ref="i74"/><Origin z:Ref="i71"/></URDFElement><URDFElement z:Id="i83" i:type="Visual"><Attributes/><ChildElements><URDFElement z:Id="i84" i:type="Origin"><Attributes><Attribute z:Id="i85"><AttributeType>xyz</AttributeType><IsRequired>true</IsRequired><Value i:type="a:ArrayOfdouble" xmlns:a="http://schemas.microsoft.com/2003/10/Serialization/Arrays"><a:double>0</a:double><a:double>0</a:double><a:double>0</a:double></Value></Attribute><Attribute z:Id="i86"><AttributeType>rpy</AttributeType><IsRequired>true</IsRequired><Value i:type="a:ArrayOfdouble" xmlns:a="http://schemas.microsoft.com/2003/10/Serialization/Arrays"><a:double>0</a:double><a:double>0</a:double><a:double>0</a:double></Value></Attribute></Attributes><ChildElements/><ElementName>origin</ElementName><required>false</required><RPYAttribute z:Ref="i86"/><XYZAttribute z:Ref="i85"/><isCustomized>false</isCustomized></URDFElement><URDFElement z:Id="i87" i:type="Geometry"><Attributes/><ChildElements><URDFElement z:Id="i88" i:type="Mesh"><Attributes><Attribute z:Id="i89"><AttributeType>filename</AttributeType><IsRequired>true</IsRequired><Value i:nil="true"/></Attribute></Attributes><ChildElements/><ElementName>mesh</ElementName><required>false</required><FilenameAttribute z:Ref="i89"/></URDFElement></ChildElements><ElementName>geometry</ElementName><required>true</required><Mesh z:Ref="i88"/></URDFElement><URDFElement z:Id="i90" i:type="Material"><Attributes><Attribute z:Id="i91"><AttributeType>name</AttributeType><IsRequired>true</IsRequired><Value i:type="a:string" xmlns:a="http://www.w3.org/2001/XMLSchema"/></Attribute></Attributes><ChildElements><URDFElement z:Id="i92" i:type="Color"><Attributes><Attribute z:Id="i93"><AttributeType>rgba</AttributeType><IsRequired>true</IsRequired><Value i:type="a:ArrayOfdouble" xmlns:a="http://schemas.microsoft.com/2003/10/Serialization/Arrays"><a:double>0.792156862745098</a:double><a:double>0.81960784313725488</a:double><a:double>0.93333333333333335</a:double><a:double>1</a:double></Value></Attribute></Attributes><ChildElements/><ElementName>color</ElementName><required>false</required><RGBAAttribute z:Ref="i93"/></URDFElement><URDFElement z:Id="i94" i:type="Texture"><Attributes><Attribute z:Id="i95"><AttributeType>filename</AttributeType><IsRequired>true</IsRequired><Value i:nil="true"/></Attribute></Attributes><ChildElements/><ElementName>texture</ElementName><required>false</required><FilenameAttribute z:Ref="i95"/><wFilename/></URDFElement></ChildElements><ElementName>material</ElementName><required>false</required><Color z:Ref="i92"/><NameAttribute z:Ref="i91"/><Texture z:Ref="i94"/></URDFElement></ChildElements><ElementName>visual</ElementName><required>false</required><Geometry z:Ref="i87"/><Material z:Ref="i90"/><Origin z:Ref="i84"/></URDFElement><URDFElement z:Id="i96" i:type="Collision"><Attributes/><ChildElements><URDFElement z:Id="i97" i:type="Origin"><Attributes><Attribute z:Id="i98"><AttributeType>xyz</AttributeType><IsRequired>true</IsRequired><Value i:type="a:ArrayOfdouble" xmlns:a="http://schemas.microsoft.com/2003/10/Serialization/Arrays"><a:double>0</a:double><a:double>0</a:double><a:double>0</a:double></Value></Attribute><Attribute z:Id="i99"><AttributeType>rpy</AttributeType><IsRequired>true</IsRequired><Value i:type="a:ArrayOfdouble" xmlns:a="http://schemas.microsoft.com/2003/10/Serialization/Arrays"><a:double>0</a:double><a:double>0</a:double><a:double>0</a:double></Value></Attribute></Attributes><ChildElements/><ElementName>origin</ElementName><required>false</required><RPYAttribute z:Ref="i99"/><XYZAttribute z:Ref="i98"/><isCustomized>false</isCustomized></URDFElement><URDFElement z:Id="i100" i:type="Geometry"><Attributes/><ChildElements><URDFElement z:Id="i101" i:type="Mesh"><Attributes><Attribute z:Id="i102"><AttributeType>filename</AttributeType><IsRequired>true</IsRequired><Value i:nil="true"/></Attribute></Attributes><ChildElements/><ElementName>mesh</ElementName><required>false</required><FilenameAttribute z:Ref="i102"/></URDFElement></ChildElements><ElementName>geometry</ElementName><required>true</required><Mesh z:Ref="i101"/></URDFElement></ChildElements><ElementName>collision</ElementName><required>false</required><Geometry z:Ref="i100"/><Origin z:Ref="i97"/></URDFElement><URDFElement z:Id="i103" i:type="Joint"><Attributes><Attribute z:Id="i104"><AttributeType>name</AttributeType><IsRequired>true</IsRequired><Value i:type="a:string" xmlns:a="http://www.w3.org/2001/XMLSchema">lidar</Value></Attribute><Attribute z:Id="i105"><AttributeType>type</AttributeType><IsRequired>true</IsRequired><Value i:type="a:string" xmlns:a="http://www.w3.org/2001/XMLSchema">fixed</Value></Attribute></Attributes><ChildElements><URDFElement z:Id="i106" i:type="Origin"><Attributes><Attribute z:Id="i107"><AttributeType>xyz</AttributeType><IsRequired>true</IsRequired><Value i:type="a:ArrayOfdouble" xmlns:a="http://schemas.microsoft.com/2003/10/Serialization/Arrays"><a:double>0.15566672564358219</a:double><a:double>0.0011277706563345147</a:double><a:double>0.14609999999809897</a:double></Value></Attribute><Attribute z:Id="i108"><AttributeType>rpy</AttributeType><IsRequired>true</IsRequired><Value i:type="a:ArrayOfdouble" xmlns:a="http://schemas.microsoft.com/2003/10/Serialization/Arrays"><a:double>0</a:double><a:double>0</a:double><a:double>0</a:double></Value></Attribute></Attributes><ChildElements/><ElementName>origin</ElementName><required>false</required><RPYAttribute z:Ref="i108"/><XYZAttribute z:Ref="i107"/><isCustomized>false</isCustomized></URDFElement><URDFElement z:Id="i109" i:type="ParentLink"><Attributes><Attribute z:Id="i110"><AttributeType>link</AttributeType><IsRequired>true</IsRequired><Value i:type="a:string" xmlns:a="http://www.w3.org/2001/XMLSchema">base_link</Value></Attribute></Attributes><ChildElements/><ElementName>parent</ElementName><required>true</required><NameAttribute z:Ref="i110"/></URDFElement><URDFElement z:Id="i111" i:type="ChildLink"><Attributes><Attribute z:Id="i112"><AttributeType>link</AttributeType><IsRequired>true</IsRequired><Value i:type="a:string" xmlns:a="http://www.w3.org/2001/XMLSchema">lidar_link</Value></Attribute></Attributes><ChildElements/><ElementName>child</ElementName><required>true</required><NameAttribute z:Ref="i112"/></URDFElement><URDFElement z:Id="i113" i:type="Axis"><Attributes><Attribute z:Id="i114"><AttributeType>xyz</AttributeType><IsRequired>true</IsRequired><Value i:type="a:ArrayOfdouble" xmlns:a="http://schemas.microsoft.com/2003/10/Serialization/Arrays"><a:double>0</a:double><a:double>0</a:double><a:double>0</a:double></Value></Attribute></Attributes><ChildElements/><ElementName>axis</ElementName><required>false</required><XYZAttribute z:Ref="i114"/></URDFElement><URDFElement z:Id="i115" i:type="Limit"><Attributes><Attribute z:Id="i116"><AttributeType>lower</AttributeType><IsRequired>false</IsRequired><Value i:nil="true"/></Attribute><Attribute z:Id="i117"><AttributeType>upper</AttributeType><IsRequired>false</IsRequired><Value i:nil="true"/></Attribute><Attribute z:Id="i118"><AttributeType>effort</AttributeType><IsRequired>true</IsRequired><Value i:nil="true"/></Attribute><Attribute z:Id="i119"><AttributeType>velocity</AttributeType><IsRequired>true</IsRequired><Value i:nil="true"/></Attribute></Attributes><ChildElements/><ElementName>limit</ElementName><required>false</required><EffortAttribute z:Ref="i118"/><LowerAttribute z:Ref="i116"/><UpperAttribute z:Ref="i117"/><VelocityAttribute z:Ref="i119"/></URDFElement><URDFElement z:Id="i120" i:type="Calibration"><Attributes><Attribute z:Id="i121"><AttributeType>rising</AttributeType><IsRequired>false</IsRequired><Value i:nil="true"/></Attribute><Attribute z:Id="i122"><AttributeType>falling</AttributeType><IsRequired>false</IsRequired><Value i:nil="true"/></Attribute></Attributes><ChildElements/><ElementName>calibration</ElementName><required>false</required><FallingAttribute z:Ref="i122"/><RisingAttribute z:Ref="i121"/></URDFElement><URDFElement z:Id="i123" i:type="Dynamics"><Attributes><Attribute z:Id="i124"><AttributeType>damping</AttributeType><IsRequired>false</IsRequired><Value i:nil="true"/></Attribute><Attribute z:Id="i125"><AttributeType>friction</AttributeType><IsRequired>false</IsRequired><Value i:nil="true"/></Attribute></Attributes><ChildElements/><ElementName>dynamics</ElementName><required>false</required><DampingAttribute z:Ref="i124"/><FrictionAttribute z:Ref="i125"/></URDFElement><URDFElement z:Id="i126" i:type="SafetyController"><Attributes><Attribute z:Id="i127"><AttributeType>soft_upper_limit</AttributeType><IsRequired>false</IsRequired><Value i:nil="true"/></Attribute><Attribute z:Id="i128"><AttributeType>soft_lower_limit</AttributeType><IsRequired>false</IsRequired><Value i:nil="true"/></Attribute><Attribute z:Id="i129"><AttributeType>k_position</AttributeType><IsRequired>false</IsRequired><Value i:nil="true"/></Attribute><Attribute z:Id="i130"><AttributeType>k_velocity</AttributeType><IsRequired>true</IsRequired><Value i:nil="true"/></Attribute></Attributes><ChildElements/><ElementName>safety_controller</ElementName><required>false</required><KPositionAttribute z:Ref="i129"/><KVelocityAttribute z:Ref="i130"/><SoftLowerAttribute z:Ref="i128"/><SoftUpperAttribute z:Ref="i127"/></URDFElement><URDFElement z:Id="i131" i:type="Mimic"><Attributes><Attribute z:Id="i132"><AttributeType>joint</AttributeType><IsRequired>true</IsRequired><Value i:nil="true"/></Attribute><Attribute z:Id="i133"><AttributeType>multiplier</AttributeType><IsRequired>false</IsRequired><Value i:nil="true"/></Attribute><Attribute z:Id="i134"><AttributeType>offset</AttributeType><IsRequired>false</IsRequired><Value i:nil="true"/></Attribute></Attributes><ChildElements/><ElementName>mimic</ElementName><required>false</required><JointNameAttribute z:Ref="i132"/><MultiplierAttribute z:Ref="i133"/><OffsetAttribute z:Ref="i134"/></URDFElement></ChildElements><ElementName>joint</ElementName><required>false</required><Axis z:Ref="i113"/><AxisName>Axis_lidar</AxisName><Calibration z:Ref="i120"/><Child z:Ref="i111"/><CoordinateSystemName>Coordinate System2</CoordinateSystemName><Dynamics z:Ref="i123"/><Limit z:Ref="i115"/><Mimic z:Ref="i131"/><NameAttribute z:Ref="i104"/><Origin z:Ref="i106"/><Parent z:Ref="i109"/><Safety z:Ref="i126"/><TypeAttribute z:Ref="i105"/></URDFElement></ChildElements><ElementName>link</ElementName><required>true</required><Children/><Collision z:Ref="i96"/><Inertial z:Ref="i70"/><Joint z:Ref="i103"/><NameAttribute z:Ref="i69"/><Parent z:Ref="i1"/><STLQualityFine>false</STLQualityFine><SWComponentPIDs xmlns:a="http://schemas.microsoft.com/2003/10/Serialization/Arrays"><a:base64Binary>aEIAAAUAAAD//v8fWAAzAF8ATABpAGQAYQByAC0AMQBAAHIAbwBiAG8AVgAzACgAdQByAGQAZgBfAGMAaABhAG4AZwBlAGQAKQAEAAAAEAAAAAEAAAABAAAAiwQAAA==</a:base64Binary></SWComponentPIDs><SWMainComponentPID i:nil="true"/><Visual z:Ref="i83"/><isFixedFrame>false</isFixedFrame><isIncomplete>false</isIncomplete></Link><Link z:Id="i135"><Attributes><Attribute z:Id="i136"><AttributeType>name</AttributeType><IsRequired>true</IsRequired><Value i:type="a:string" xmlns:a="http://www.w3.org/2001/XMLSchema">imu_link</Value></Attribute></Attributes><ChildElements><URDFElement z:Id="i137" i:type="Inertial"><Attributes/><ChildElements><URDFElement z:Id="i138" i:type="Origin"><Attributes><Attribute z:Id="i139"><AttributeType>xyz</AttributeType><IsRequired>true</IsRequired><Value i:type="a:ArrayOfdouble" xmlns:a="http://schemas.microsoft.com/2003/10/Serialization/Arrays"><a:double>-0.012652845066781104</a:double><a:double>-0.012693666023714495</a:double><a:double>-0.00550000000000006</a:double></Value></Attribute><Attribute z:Id="i140"><AttributeType>rpy</AttributeType><IsRequired>true</IsRequired><Value i:type="a:ArrayOfdouble" xmlns:a="http://schemas.microsoft.com/2003/10/Serialization/Arrays"><a:double>0</a:double><a:double>0</a:double><a:double>0</a:double></Value></Attribute></Attributes><ChildElements/><ElementName>origin</ElementName><required>false</required><RPYAttribute z:Ref="i140"/><XYZAttribute z:Ref="i139"/><isCustomized>false</isCustomized></URDFElement><URDFElement z:Id="i141" i:type="Mass"><Attributes><Attribute z:Id="i142"><AttributeType>value</AttributeType><IsRequired>true</IsRequired><Value i:type="a:double" xmlns:a="http://www.w3.org/2001/XMLSchema">0.0071204927508749152</Value></Attribute></Attributes><ChildElements/><ElementName>mass</ElementName><required>false</required><ValueAttribute z:Ref="i142"/></URDFElement><URDFElement z:Id="i143" i:type="Inertia"><Attributes><Attribute z:Id="i144"><AttributeType>ixx</AttributeType><IsRequired>true</IsRequired><Value i:type="a:double" xmlns:a="http://www.w3.org/2001/XMLSchema">4.5609851561914559E-07</Value></Attribute><Attribute z:Id="i145"><AttributeType>ixy</AttributeType><IsRequired>true</IsRequired><Value i:type="a:double" xmlns:a="http://www.w3.org/2001/XMLSchema">9.3184393074195757E-09</Value></Attribute><Attribute z:Id="i146"><AttributeType>ixz</AttributeType><IsRequired>true</IsRequired><Value i:type="a:double" xmlns:a="http://www.w3.org/2001/XMLSchema">-1.1102832568513459E-22</Value></Attribute><Attribute z:Id="i147"><AttributeType>iyy</AttributeType><IsRequired>true</IsRequired><Value i:type="a:double" xmlns:a="http://www.w3.org/2001/XMLSchema">4.5615854575030384E-07</Value></Attribute><Attribute z:Id="i148"><AttributeType>iyz</AttributeType><IsRequired>true</IsRequired><Value i:type="a:double" xmlns:a="http://www.w3.org/2001/XMLSchema">-1.4286879436499486E-21</Value></Attribute><Attribute z:Id="i149"><AttributeType>izz</AttributeType><IsRequired>true</IsRequired><Value i:type="a:double" xmlns:a="http://www.w3.org/2001/XMLSchema">7.686604575601382E-07</Value></Attribute></Attributes><ChildElements/><ElementName>inertia</ElementName><required>false</required><IxxAttribute z:Ref="i144"/><IxyAttribute z:Ref="i145"/><IxzAttribute z:Ref="i146"/><IyyAttribute z:Ref="i147"/><IyzAttribute z:Ref="i148"/><IzzAttribute z:Ref="i149"/></URDFElement></ChildElements><ElementName>inertial</ElementName><required>false</required><Inertia z:Ref="i143"/><Mass z:Ref="i141"/><Origin z:Ref="i138"/></URDFElement><URDFElement z:Id="i150" i:type="Visual"><Attributes/><ChildElements><URDFElement z:Id="i151" i:type="Origin"><Attributes><Attribute z:Id="i152"><AttributeType>xyz</AttributeType><IsRequired>true</IsRequired><Value i:type="a:ArrayOfdouble" xmlns:a="http://schemas.microsoft.com/2003/10/Serialization/Arrays"><a:double>0</a:double><a:double>0</a:double><a:double>0</a:double></Value></Attribute><Attribute z:Id="i153"><AttributeType>rpy</AttributeType><IsRequired>true</IsRequired><Value i:type="a:ArrayOfdouble" xmlns:a="http://schemas.microsoft.com/2003/10/Serialization/Arrays"><a:double>0</a:double><a:double>0</a:double><a:double>0</a:double></Value></Attribute></Attributes><ChildElements/><ElementName>origin</ElementName><required>false</required><RPYAttribute z:Ref="i153"/><XYZAttribute z:Ref="i152"/><isCustomized>false</isCustomized></URDFElement><URDFElement z:Id="i154" i:type="Geometry"><Attributes/><ChildElements><URDFElement z:Id="i155" i:type="Mesh"><Attributes><Attribute z:Id="i156"><AttributeType>filename</AttributeType><IsRequired>true</IsRequired><Value i:nil="true"/></Attribute></Attributes><ChildElements/><ElementName>mesh</ElementName><required>false</required><FilenameAttribute z:Ref="i156"/></URDFElement></ChildElements><ElementName>geometry</ElementName><required>true</required><Mesh z:Ref="i155"/></URDFElement><URDFElement z:Id="i157" i:type="Material"><Attributes><Attribute z:Id="i158"><AttributeType>name</AttributeType><IsRequired>true</IsRequired><Value i:type="a:string" xmlns:a="http://www.w3.org/2001/XMLSchema"/></Attribute></Attributes><ChildElements><URDFElement z:Id="i159" i:type="Color"><Attributes><Attribute z:Id="i160"><AttributeType>rgba</AttributeType><IsRequired>true</IsRequired><Value i:type="a:ArrayOfdouble" xmlns:a="http://schemas.microsoft.com/2003/10/Serialization/Arrays"><a:double>0.792156862745098</a:double><a:double>0.81960784313725488</a:double><a:double>0.93333333333333335</a:double><a:double>1</a:double></Value></Attribute></Attributes><ChildElements/><ElementName>color</ElementName><required>false</required><RGBAAttribute z:Ref="i160"/></URDFElement><URDFElement z:Id="i161" i:type="Texture"><Attributes><Attribute z:Id="i162"><AttributeType>filename</AttributeType><IsRequired>true</IsRequired><Value i:nil="true"/></Attribute></Attributes><ChildElements/><ElementName>texture</ElementName><required>false</required><FilenameAttribute z:Ref="i162"/><wFilename/></URDFElement></ChildElements><ElementName>material</ElementName><required>false</required><Color z:Ref="i159"/><NameAttribute z:Ref="i158"/><Texture z:Ref="i161"/></URDFElement></ChildElements><ElementName>visual</ElementName><required>false</required><Geometry z:Ref="i154"/><Material z:Ref="i157"/><Origin z:Ref="i151"/></URDFElement><URDFElement z:Id="i163" i:type="Collision"><Attributes/><ChildElements><URDFElement z:Id="i164" i:type="Origin"><Attributes><Attribute z:Id="i165"><AttributeType>xyz</AttributeType><IsRequired>true</IsRequired><Value i:type="a:ArrayOfdouble" xmlns:a="http://schemas.microsoft.com/2003/10/Serialization/Arrays"><a:double>0</a:double><a:double>0</a:double><a:double>0</a:double></Value></Attribute><Attribute z:Id="i166"><AttributeType>rpy</AttributeType><IsRequired>true</IsRequired><Value i:type="a:ArrayOfdouble" xmlns:a="http://schemas.microsoft.com/2003/10/Serialization/Arrays"><a:double>0</a:double><a:double>0</a:double><a:double>0</a:double></Value></Attribute></Attributes><ChildElements/><ElementName>origin</ElementName><required>false</required><RPYAttribute z:Ref="i166"/><XYZAttribute z:Ref="i165"/><isCustomized>false</isCustomized></URDFElement><URDFElement z:Id="i167" i:type="Geometry"><Attributes/><ChildElements><URDFElement z:Id="i168" i:type="Mesh"><Attributes><Attribute z:Id="i169"><AttributeType>filename</AttributeType><IsRequired>true</IsRequired><Value i:nil="true"/></Attribute></Attributes><ChildElements/><ElementName>mesh</ElementName><required>false</required><FilenameAttribute z:Ref="i169"/></URDFElement></ChildElements><ElementName>geometry</ElementName><required>true</required><Mesh z:Ref="i168"/></URDFElement></ChildElements><ElementName>collision</ElementName><required>false</required><Geometry z:Ref="i167"/><Origin z:Ref="i164"/></URDFElement><URDFElement z:Id="i170" i:type="Joint"><Attributes><Attribute z:Id="i171"><AttributeType>name</AttributeType><IsRequired>true</IsRequired><Value i:type="a:string" xmlns:a="http://www.w3.org/2001/XMLSchema">imu</Value></Attribute><Attribute z:Id="i172"><AttributeType>type</AttributeType><IsRequired>true</IsRequired><Value i:type="a:string" xmlns:a="http://www.w3.org/2001/XMLSchema">fixed</Value></Attribute></Attributes><ChildElements><URDFElement z:Id="i173" i:type="Origin"><Attributes><Attribute z:Id="i174"><AttributeType>xyz</AttributeType><IsRequired>true</IsRequired><Value i:type="a:ArrayOfdouble" xmlns:a="http://schemas.microsoft.com/2003/10/Serialization/Arrays"><a:double>0.15399361324346994</a:double><a:double>-0.085457424436671869</a:double><a:double>0.040999999999999481</a:double></Value></Attribute><Attribute z:Id="i175"><AttributeType>rpy</AttributeType><IsRequired>true</IsRequired><Value i:type="a:ArrayOfdouble" xmlns:a="http://schemas.microsoft.com/2003/10/Serialization/Arrays"><a:double>0</a:double><a:double>0</a:double><a:double>0</a:double></Value></Attribute></Attributes><ChildElements/><ElementName>origin</ElementName><required>false</required><RPYAttribute z:Ref="i175"/><XYZAttribute z:Ref="i174"/><isCustomized>false</isCustomized></URDFElement><URDFElement z:Id="i176" i:type="ParentLink"><Attributes><Attribute z:Id="i177"><AttributeType>link</AttributeType><IsRequired>true</IsRequired><Value i:type="a:string" xmlns:a="http://www.w3.org/2001/XMLSchema">base_link</Value></Attribute></Attributes><ChildElements/><ElementName>parent</ElementName><required>true</required><NameAttribute z:Ref="i177"/></URDFElement><URDFElement z:Id="i178" i:type="ChildLink"><Attributes><Attribute z:Id="i179"><AttributeType>link</AttributeType><IsRequired>true</IsRequired><Value i:type="a:string" xmlns:a="http://www.w3.org/2001/XMLSchema">imu_link</Value></Attribute></Attributes><ChildElements/><ElementName>child</ElementName><required>true</required><NameAttribute z:Ref="i179"/></URDFElement><URDFElement z:Id="i180" i:type="Axis"><Attributes><Attribute z:Id="i181"><AttributeType>xyz</AttributeType><IsRequired>true</IsRequired><Value i:type="a:ArrayOfdouble" xmlns:a="http://schemas.microsoft.com/2003/10/Serialization/Arrays"><a:double>0</a:double><a:double>0</a:double><a:double>1</a:double></Value></Attribute></Attributes><ChildElements/><ElementName>axis</ElementName><required>false</required><XYZAttribute z:Ref="i181"/></URDFElement><URDFElement z:Id="i182" i:type="Limit"><Attributes><Attribute z:Id="i183"><AttributeType>lower</AttributeType><IsRequired>false</IsRequired><Value i:nil="true"/></Attribute><Attribute z:Id="i184"><AttributeType>upper</AttributeType><IsRequired>false</IsRequired><Value i:nil="true"/></Attribute><Attribute z:Id="i185"><AttributeType>effort</AttributeType><IsRequired>true</IsRequired><Value i:nil="true"/></Attribute><Attribute z:Id="i186"><AttributeType>velocity</AttributeType><IsRequired>true</IsRequired><Value i:nil="true"/></Attribute></Attributes><ChildElements/><ElementName>limit</ElementName><required>false</required><EffortAttribute z:Ref="i185"/><LowerAttribute z:Ref="i183"/><UpperAttribute z:Ref="i184"/><VelocityAttribute z:Ref="i186"/></URDFElement><URDFElement z:Id="i187" i:type="Calibration"><Attributes><Attribute z:Id="i188"><AttributeType>rising</AttributeType><IsRequired>false</IsRequired><Value i:nil="true"/></Attribute><Attribute z:Id="i189"><AttributeType>falling</AttributeType><IsRequired>false</IsRequired><Value i:nil="true"/></Attribute></Attributes><ChildElements/><ElementName>calibration</ElementName><required>false</required><FallingAttribute z:Ref="i189"/><RisingAttribute z:Ref="i188"/></URDFElement><URDFElement z:Id="i190" i:type="Dynamics"><Attributes><Attribute z:Id="i191"><AttributeType>damping</AttributeType><IsRequired>false</IsRequired><Value i:nil="true"/></Attribute><Attribute z:Id="i192"><AttributeType>friction</AttributeType><IsRequired>false</IsRequired><Value i:nil="true"/></Attribute></Attributes><ChildElements/><ElementName>dynamics</ElementName><required>false</required><DampingAttribute z:Ref="i191"/><FrictionAttribute z:Ref="i192"/></URDFElement><URDFElement z:Id="i193" i:type="SafetyController"><Attributes><Attribute z:Id="i194"><AttributeType>soft_upper_limit</AttributeType><IsRequired>false</IsRequired><Value i:nil="true"/></Attribute><Attribute z:Id="i195"><AttributeType>soft_lower_limit</AttributeType><IsRequired>false</IsRequired><Value i:nil="true"/></Attribute><Attribute z:Id="i196"><AttributeType>k_position</AttributeType><IsRequired>false</IsRequired><Value i:nil="true"/></Attribute><Attribute z:Id="i197"><AttributeType>k_velocity</AttributeType><IsRequired>true</IsRequired><Value i:nil="true"/></Attribute></Attributes><ChildElements/><ElementName>safety_controller</ElementName><required>false</required><KPositionAttribute z:Ref="i196"/><KVelocityAttribute z:Ref="i197"/><SoftLowerAttribute z:Ref="i195"/><SoftUpperAttribute z:Ref="i194"/></URDFElement><URDFElement z:Id="i198" i:type="Mimic"><Attributes><Attribute z:Id="i199"><AttributeType>joint</AttributeType><IsRequired>true</IsRequired><Value i:nil="true"/></Attribute><Attribute z:Id="i200"><AttributeType>multiplier</AttributeType><IsRequired>false</IsRequired><Value i:nil="true"/></Attribute><Attribute z:Id="i201"><AttributeType>offset</AttributeType><IsRequired>false</IsRequired><Value i:nil="true"/></Attribute></Attributes><ChildElements/><ElementName>mimic</ElementName><required>false</required><JointNameAttribute z:Ref="i199"/><MultiplierAttribute z:Ref="i200"/><OffsetAttribute z:Ref="i201"/></URDFElement></ChildElements><ElementName>joint</ElementName><required>false</required><Axis z:Ref="i180"/><AxisName>Axis_imu</AxisName><Calibration z:Ref="i187"/><Child z:Ref="i178"/><CoordinateSystemName>Coordinate System29_imu</CoordinateSystemName><Dynamics z:Ref="i190"/><Limit z:Ref="i182"/><Mimic z:Ref="i198"/><NameAttribute z:Ref="i171"/><Origin z:Ref="i173"/><Parent z:Ref="i176"/><Safety z:Ref="i193"/><TypeAttribute z:Ref="i172"/></URDFElement></ChildElements><ElementName>link</ElementName><required>true</required><Children/><Collision z:Ref="i163"/><Inertial z:Ref="i137"/><Joint z:Ref="i170"/><NameAttribute z:Ref="i136"/><Parent z:Ref="i1"/><STLQualityFine>false</STLQualityFine><SWComponentPIDs xmlns:a="http://schemas.microsoft.com/2003/10/Serialization/Arrays"><a:base64Binary>aEIAAAUAAAD//v8faQBtAHUAXwA0ADAAZABvAC0AMQBAAHIAbwBiAG8AVgAzACgAdQByAGQAZgBfAGMAaABhAG4AZwBlAGQAKQAEAAAAEAAAAAEAAAABAAAAdwkAAA==</a:base64Binary></SWComponentPIDs><SWMainComponentPID i:nil="true"/><Visual z:Ref="i150"/><isFixedFrame>false</isFixedFrame><isIncomplete>false</isIncomplete></Link><Link z:Id="i202"><Attributes><Attribute z:Id="i203"><AttributeType>name</AttributeType><IsRequired>true</IsRequired><Value i:type="a:string" xmlns:a="http://www.w3.org/2001/XMLSchema">right_wheel_link</Value></Attribute></Attributes><ChildElements><URDFElement z:Id="i204" i:type="Inertial"><Attributes/><ChildElements><URDFElement z:Id="i205" i:type="Origin"><Attributes><Attribute z:Id="i206"><AttributeType>xyz</AttributeType><IsRequired>true</IsRequired><Value i:type="a:ArrayOfdouble" xmlns:a="http://schemas.microsoft.com/2003/10/Serialization/Arrays"><a:double>0.00024358782977840221</a:double><a:double>-0.029500099045564304</a:double><a:double>8.011608043645424E-11</a:double></Value></Attribute><Attribute z:Id="i207"><AttributeType>rpy</AttributeType><IsRequired>true</IsRequired><Value i:type="a:ArrayOfdouble" xmlns:a="http://schemas.microsoft.com/2003/10/Serialization/Arrays"><a:double>0</a:double><a:double>0</a:double><a:double>0</a:double></Value></Attribute></Attributes><ChildElements/><ElementName>origin</ElementName><required>false</required><RPYAttribute z:Ref="i207"/><XYZAttribute z:Ref="i206"/><isCustomized>false</isCustomized></URDFElement><URDFElement z:Id="i208" i:type="Mass"><Attributes><Attribute z:Id="i209"><AttributeType>value</AttributeType><IsRequired>true</IsRequired><Value i:type="a:double" xmlns:a="http://www.w3.org/2001/XMLSchema">0.98170665090243969</Value></Attribute></Attributes><ChildElements/><ElementName>mass</ElementName><required>false</required><ValueAttribute z:Ref="i209"/></URDFElement><URDFElement z:Id="i210" i:type="Inertia"><Attributes><Attribute z:Id="i211"><AttributeType>ixx</AttributeType><IsRequired>true</IsRequired><Value i:type="a:double" xmlns:a="http://www.w3.org/2001/XMLSchema">0.0016529885173842311</Value></Attribute><Attribute z:Id="i212"><AttributeType>ixy</AttributeType><IsRequired>true</IsRequired><Value i:type="a:double" xmlns:a="http://www.w3.org/2001/XMLSchema">-1.0124915182156964E-05</Value></Attribute><Attribute z:Id="i213"><AttributeType>ixz</AttributeType><IsRequired>true</IsRequired><Value i:type="a:double" xmlns:a="http://www.w3.org/2001/XMLSchema">1.3027076084651632E-08</Value></Attribute><Attribute z:Id="i214"><AttributeType>iyy</AttributeType><IsRequired>true</IsRequired><Value i:type="a:double" xmlns:a="http://www.w3.org/2001/XMLSchema">0.0028786195096230549</Value></Attribute><Attribute z:Id="i215"><AttributeType>iyz</AttributeType><IsRequired>true</IsRequired><Value i:type="a:double" xmlns:a="http://www.w3.org/2001/XMLSchema">5.3288362588409926E-10</Value></Attribute><Attribute z:Id="i216"><AttributeType>izz</AttributeType><IsRequired>true</IsRequired><Value i:type="a:double" xmlns:a="http://www.w3.org/2001/XMLSchema">0.00165292257365774</Value></Attribute></Attributes><ChildElements/><ElementName>inertia</ElementName><required>false</required><IxxAttribute z:Ref="i211"/><IxyAttribute z:Ref="i212"/><IxzAttribute z:Ref="i213"/><IyyAttribute z:Ref="i214"/><IyzAttribute z:Ref="i215"/><IzzAttribute z:Ref="i216"/></URDFElement></ChildElements><ElementName>inertial</ElementName><required>false</required><Inertia z:Ref="i210"/><Mass z:Ref="i208"/><Origin z:Ref="i205"/></URDFElement><URDFElement z:Id="i217" i:type="Visual"><Attributes/><ChildElements><URDFElement z:Id="i218" i:type="Origin"><Attributes><Attribute z:Id="i219"><AttributeType>xyz</AttributeType><IsRequired>true</IsRequired><Value i:type="a:ArrayOfdouble" xmlns:a="http://schemas.microsoft.com/2003/10/Serialization/Arrays"><a:double>0</a:double><a:double>0</a:double><a:double>0</a:double></Value></Attribute><Attribute z:Id="i220"><AttributeType>rpy</AttributeType><IsRequired>true</IsRequired><Value i:type="a:ArrayOfdouble" xmlns:a="http://schemas.microsoft.com/2003/10/Serialization/Arrays"><a:double>0</a:double><a:double>0</a:double><a:double>0</a:double></Value></Attribute></Attributes><ChildElements/><ElementName>origin</ElementName><required>false</required><RPYAttribute z:Ref="i220"/><XYZAttribute z:Ref="i219"/><isCustomized>false</isCustomized></URDFElement><URDFElement z:Id="i221" i:type="Geometry"><Attributes/><ChildElements><URDFElement z:Id="i222" i:type="Mesh"><Attributes><Attribute z:Id="i223"><AttributeType>filename</AttributeType><IsRequired>true</IsRequired><Value i:nil="true"/></Attribute></Attributes><ChildElements/><ElementName>mesh</ElementName><required>false</required><FilenameAttribute z:Ref="i223"/></URDFElement></ChildElements><ElementName>geometry</ElementName><required>true</required><Mesh z:Ref="i222"/></URDFElement><URDFElement z:Id="i224" i:type="Material"><Attributes><Attribute z:Id="i225"><AttributeType>name</AttributeType><IsRequired>true</IsRequired><Value i:type="a:string" xmlns:a="http://www.w3.org/2001/XMLSchema"/></Attribute></Attributes><ChildElements><URDFElement z:Id="i226" i:type="Color"><Attributes><Attribute z:Id="i227"><AttributeType>rgba</AttributeType><IsRequired>true</IsRequired><Value i:type="a:ArrayOfdouble" xmlns:a="http://schemas.microsoft.com/2003/10/Serialization/Arrays"><a:double>0.2</a:double><a:double>0.2</a:double><a:double>0.2</a:double><a:double>1</a:double></Value></Attribute></Attributes><ChildElements/><ElementName>color</ElementName><required>false</required><RGBAAttribute z:Ref="i227"/></URDFElement><URDFElement z:Id="i228" i:type="Texture"><Attributes><Attribute z:Id="i229"><AttributeType>filename</AttributeType><IsRequired>true</IsRequired><Value i:nil="true"/></Attribute></Attributes><ChildElements/><ElementName>texture</ElementName><required>false</required><FilenameAttribute z:Ref="i229"/><wFilename/></URDFElement></ChildElements><ElementName>material</ElementName><required>false</required><Color z:Ref="i226"/><NameAttribute z:Ref="i225"/><Texture z:Ref="i228"/></URDFElement></ChildElements><ElementName>visual</ElementName><required>false</required><Geometry z:Ref="i221"/><Material z:Ref="i224"/><Origin z:Ref="i218"/></URDFElement><URDFElement z:Id="i230" i:type="Collision"><Attributes/><ChildElements><URDFElement z:Id="i231" i:type="Origin"><Attributes><Attribute z:Id="i232"><AttributeType>xyz</AttributeType><IsRequired>true</IsRequired><Value i:type="a:ArrayOfdouble" xmlns:a="http://schemas.microsoft.com/2003/10/Serialization/Arrays"><a:double>0</a:double><a:double>0</a:double><a:double>0</a:double></Value></Attribute><Attribute z:Id="i233"><AttributeType>rpy</AttributeType><IsRequired>true</IsRequired><Value i:type="a:ArrayOfdouble" xmlns:a="http://schemas.microsoft.com/2003/10/Serialization/Arrays"><a:double>0</a:double><a:double>0</a:double><a:double>0</a:double></Value></Attribute></Attributes><ChildElements/><ElementName>origin</ElementName><required>false</required><RPYAttribute z:Ref="i233"/><XYZAttribute z:Ref="i232"/><isCustomized>false</isCustomized></URDFElement><URDFElement z:Id="i234" i:type="Geometry"><Attributes/><ChildElements><URDFElement z:Id="i235" i:type="Mesh"><Attributes><Attribute z:Id="i236"><AttributeType>filename</AttributeType><IsRequired>true</IsRequired><Value i:nil="true"/></Attribute></Attributes><ChildElements/><ElementName>mesh</ElementName><required>false</required><FilenameAttribute z:Ref="i236"/></URDFElement></ChildElements><ElementName>geometry</ElementName><required>true</required><Mesh z:Ref="i235"/></URDFElement></ChildElements><ElementName>collision</ElementName><required>false</required><Geometry z:Ref="i234"/><Origin z:Ref="i231"/></URDFElement><URDFElement z:Id="i237" i:type="Joint"><Attributes><Attribute z:Id="i238"><AttributeType>name</AttributeType><IsRequired>true</IsRequired><Value i:type="a:string" xmlns:a="http://www.w3.org/2001/XMLSchema">right_wheel</Value></Attribute><Attribute z:Id="i239"><AttributeType>type</AttributeType><IsRequired>true</IsRequired><Value i:type="a:string" xmlns:a="http://www.w3.org/2001/XMLSchema">continuous</Value></Attribute></Attributes><ChildElements><URDFElement z:Id="i240" i:type="Origin"><Attributes><Attribute z:Id="i241"><AttributeType>xyz</AttributeType><IsRequired>true</IsRequired><Value i:type="a:ArrayOfdouble" xmlns:a="http://schemas.microsoft.com/2003/10/Serialization/Arrays"><a:double>0.0015755697007704406</a:double><a:double>-0.17502025768769183</a:double><a:double>0.015000000004217473</a:double></Value></Attribute><Attribute z:Id="i242"><AttributeType>rpy</AttributeType><IsRequired>true</IsRequired><Value i:type="a:ArrayOfdouble" xmlns:a="http://schemas.microsoft.com/2003/10/Serialization/Arrays"><a:double>0</a:double><a:double>0</a:double><a:double>0</a:double></Value></Attribute></Attributes><ChildElements/><ElementName>origin</ElementName><required>false</required><RPYAttribute z:Ref="i242"/><XYZAttribute z:Ref="i241"/><isCustomized>false</isCustomized></URDFElement><URDFElement z:Id="i243" i:type="ParentLink"><Attributes><Attribute z:Id="i244"><AttributeType>link</AttributeType><IsRequired>true</IsRequired><Value i:type="a:string" xmlns:a="http://www.w3.org/2001/XMLSchema">base_link</Value></Attribute></Attributes><ChildElements/><ElementName>parent</ElementName><required>true</required><NameAttribute z:Ref="i244"/></URDFElement><URDFElement z:Id="i245" i:type="ChildLink"><Attributes><Attribute z:Id="i246"><AttributeType>link</AttributeType><IsRequired>true</IsRequired><Value i:type="a:string" xmlns:a="http://www.w3.org/2001/XMLSchema">right_wheel_link</Value></Attribute></Attributes><ChildElements/><ElementName>child</ElementName><required>true</required><NameAttribute z:Ref="i246"/></URDFElement><URDFElement z:Id="i247" i:type="Axis"><Attributes><Attribute z:Id="i248"><AttributeType>xyz</AttributeType><IsRequired>true</IsRequired><Value i:type="a:ArrayOfdouble" xmlns:a="http://schemas.microsoft.com/2003/10/Serialization/Arrays"><a:double>-0.00825691107326283</a:double><a:double>0.99996591112873856</a:double><a:double>0</a:double></Value></Attribute></Attributes><ChildElements/><ElementName>axis</ElementName><required>false</required><XYZAttribute z:Ref="i248"/></URDFElement><URDFElement z:Id="i249" i:type="Limit"><Attributes><Attribute z:Id="i250"><AttributeType>lower</AttributeType><IsRequired>false</IsRequired><Value i:nil="true"/></Attribute><Attribute z:Id="i251"><AttributeType>upper</AttributeType><IsRequired>false</IsRequired><Value i:nil="true"/></Attribute><Attribute z:Id="i252"><AttributeType>effort</AttributeType><IsRequired>true</IsRequired><Value i:nil="true"/></Attribute><Attribute z:Id="i253"><AttributeType>velocity</AttributeType><IsRequired>true</IsRequired><Value i:nil="true"/></Attribute></Attributes><ChildElements/><ElementName>limit</ElementName><required>false</required><EffortAttribute z:Ref="i252"/><LowerAttribute z:Ref="i250"/><UpperAttribute z:Ref="i251"/><VelocityAttribute z:Ref="i253"/></URDFElement><URDFElement z:Id="i254" i:type="Calibration"><Attributes><Attribute z:Id="i255"><AttributeType>rising</AttributeType><IsRequired>false</IsRequired><Value i:nil="true"/></Attribute><Attribute z:Id="i256"><AttributeType>falling</AttributeType><IsRequired>false</IsRequired><Value i:nil="true"/></Attribute></Attributes><ChildElements/><ElementName>calibration</ElementName><required>false</required><FallingAttribute z:Ref="i256"/><RisingAttribute z:Ref="i255"/></URDFElement><URDFElement z:Id="i257" i:type="Dynamics"><Attributes><Attribute z:Id="i258"><AttributeType>damping</AttributeType><IsRequired>false</IsRequired><Value i:nil="true"/></Attribute><Attribute z:Id="i259"><AttributeType>friction</AttributeType><IsRequired>false</IsRequired><Value i:nil="true"/></Attribute></Attributes><ChildElements/><ElementName>dynamics</ElementName><required>false</required><DampingAttribute z:Ref="i258"/><FrictionAttribute z:Ref="i259"/></URDFElement><URDFElement z:Id="i260" i:type="SafetyController"><Attributes><Attribute z:Id="i261"><AttributeType>soft_upper_limit</AttributeType><IsRequired>false</IsRequired><Value i:nil="true"/></Attribute><Attribute z:Id="i262"><AttributeType>soft_lower_limit</AttributeType><IsRequired>false</IsRequired><Value i:nil="true"/></Attribute><Attribute z:Id="i263"><AttributeType>k_position</AttributeType><IsRequired>false</IsRequired><Value i:nil="true"/></Attribute><Attribute z:Id="i264"><AttributeType>k_velocity</AttributeType><IsRequired>true</IsRequired><Value i:nil="true"/></Attribute></Attributes><ChildElements/><ElementName>safety_controller</ElementName><required>false</required><KPositionAttribute z:Ref="i263"/><KVelocityAttribute z:Ref="i264"/><SoftLowerAttribute z:Ref="i262"/><SoftUpperAttribute z:Ref="i261"/></URDFElement><URDFElement z:Id="i265" i:type="Mimic"><Attributes><Attribute z:Id="i266"><AttributeType>joint</AttributeType><IsRequired>true</IsRequired><Value i:nil="true"/></Attribute><Attribute z:Id="i267"><AttributeType>multiplier</AttributeType><IsRequired>false</IsRequired><Value i:nil="true"/></Attribute><Attribute z:Id="i268"><AttributeType>offset</AttributeType><IsRequired>false</IsRequired><Value i:nil="true"/></Attribute></Attributes><ChildElements/><ElementName>mimic</ElementName><required>false</required><JointNameAttribute z:Ref="i266"/><MultiplierAttribute z:Ref="i267"/><OffsetAttribute z:Ref="i268"/></URDFElement></ChildElements><ElementName>joint</ElementName><required>false</required><Axis z:Ref="i247"/><AxisName>Axis2</AxisName><Calibration z:Ref="i254"/><Child z:Ref="i245"/><CoordinateSystemName>Coordinate System6</CoordinateSystemName><Dynamics z:Ref="i257"/><Limit z:Ref="i249"/><Mimic z:Ref="i265"/><NameAttribute z:Ref="i238"/><Origin z:Ref="i240"/><Parent z:Ref="i243"/><Safety z:Ref="i260"/><TypeAttribute z:Ref="i239"/></URDFElement></ChildElements><ElementName>link</ElementName><required>true</required><Children/><Collision z:Ref="i230"/><Inertial z:Ref="i204"/><Joint z:Ref="i237"/><NameAttribute z:Ref="i203"/><Parent z:Ref="i1"/><STLQualityFine>false</STLQualityFine><SWComponentPIDs xmlns:a="http://schemas.microsoft.com/2003/10/Serialization/Arrays"><a:base64Binary>aEIAAAUAAAD//v8gbQBvAHQAbwByAGUAZABpAHQALQA0AEAAcgBvAGIAbwBWADMAKAB1AHIAZABmAF8AYwBoAGEAbgBnAGUAZAApAAQAAAAQAAAAAQAAAAEAAADOBQAA</a:base64Binary></SWComponentPIDs><SWMainComponentPID i:nil="true"/><Visual z:Ref="i217"/><isFixedFrame>false</isFixedFrame><isIncomplete>false</isIncomplete></Link><Link z:Id="i269"><Attributes><Attribute z:Id="i270"><AttributeType>name</AttributeType><IsRequired>true</IsRequired><Value i:type="a:string" xmlns:a="http://www.w3.org/2001/XMLSchema">left_wheel_link</Value></Attribute></Attributes><ChildElements><URDFElement z:Id="i271" i:type="Inertial"><Attributes/><ChildElements><URDFElement z:Id="i272" i:type="Origin"><Attributes><Attribute z:Id="i273"><AttributeType>xyz</AttributeType><IsRequired>true</IsRequired><Value i:type="a:ArrayOfdouble" xmlns:a="http://schemas.microsoft.com/2003/10/Serialization/Arrays"><a:double>-0.00024358782977862425</a:double><a:double>0.029500099045563943</a:double><a:double>8.0114970213429615E-11</a:double></Value></Attribute><Attribute z:Id="i274"><AttributeType>rpy</AttributeType><IsRequired>true</IsRequired><Value i:type="a:ArrayOfdouble" xmlns:a="http://schemas.microsoft.com/2003/10/Serialization/Arrays"><a:double>0</a:double><a:double>0</a:double><a:double>0</a:double></Value></Attribute></Attributes><ChildElements/><ElementName>origin</ElementName><required>false</required><RPYAttribute z:Ref="i274"/><XYZAttribute z:Ref="i273"/><isCustomized>false</isCustomized></URDFElement><URDFElement z:Id="i275" i:type="Mass"><Attributes><Attribute z:Id="i276"><AttributeType>value</AttributeType><IsRequired>true</IsRequired><Value i:type="a:double" xmlns:a="http://www.w3.org/2001/XMLSchema">0.98170665090244258</Value></Attribute></Attributes><ChildElements/><ElementName>mass</ElementName><required>false</required><ValueAttribute z:Ref="i276"/></URDFElement><URDFElement z:Id="i277" i:type="Inertia"><Attributes><Attribute z:Id="i278"><AttributeType>ixx</AttributeType><IsRequired>true</IsRequired><Value i:type="a:double" xmlns:a="http://www.w3.org/2001/XMLSchema">0.0016529912083484673</Value></Attribute><Attribute z:Id="i279"><AttributeType>ixy</AttributeType><IsRequired>true</IsRequired><Value i:type="a:double" xmlns:a="http://www.w3.org/2001/XMLSchema">-1.0124910987100605E-05</Value></Attribute><Attribute z:Id="i280"><AttributeType>ixz</AttributeType><IsRequired>true</IsRequired><Value i:type="a:double" xmlns:a="http://www.w3.org/2001/XMLSchema">-1.4498411509328035E-08</Value></Attribute><Attribute z:Id="i281"><AttributeType>iyy</AttributeType><IsRequired>true</IsRequired><Value i:type="a:double" xmlns:a="http://www.w3.org/2001/XMLSchema">0.0028786195090139259</Value></Attribute><Attribute z:Id="i282"><AttributeType>iyz</AttributeType><IsRequired>true</IsRequired><Value i:type="a:double" xmlns:a="http://www.w3.org/2001/XMLSchema">7.25004217200697E-11</Value></Attribute><Attribute z:Id="i283"><AttributeType>izz</AttributeType><IsRequired>true</IsRequired><Value i:type="a:double" xmlns:a="http://www.w3.org/2001/XMLSchema">0.001652919882344762</Value></Attribute></Attributes><ChildElements/><ElementName>inertia</ElementName><required>false</required><IxxAttribute z:Ref="i278"/><IxyAttribute z:Ref="i279"/><IxzAttribute z:Ref="i280"/><IyyAttribute z:Ref="i281"/><IyzAttribute z:Ref="i282"/><IzzAttribute z:Ref="i283"/></URDFElement></ChildElements><ElementName>inertial</ElementName><required>false</required><Inertia z:Ref="i277"/><Mass z:Ref="i275"/><Origin z:Ref="i272"/></URDFElement><URDFElement z:Id="i284" i:type="Visual"><Attributes/><ChildElements><URDFElement z:Id="i285" i:type="Origin"><Attributes><Attribute z:Id="i286"><AttributeType>xyz</AttributeType><IsRequired>true</IsRequired><Value i:type="a:ArrayOfdouble" xmlns:a="http://schemas.microsoft.com/2003/10/Serialization/Arrays"><a:double>0</a:double><a:double>0</a:double><a:double>0</a:double></Value></Attribute><Attribute z:Id="i287"><AttributeType>rpy</AttributeType><IsRequired>true</IsRequired><Value i:type="a:ArrayOfdouble" xmlns:a="http://schemas.microsoft.com/2003/10/Serialization/Arrays"><a:double>0</a:double><a:double>0</a:double><a:double>0</a:double></Value></Attribute></Attributes><ChildElements/><ElementName>origin</ElementName><required>false</required><RPYAttribute z:Ref="i287"/><XYZAttribute z:Ref="i286"/><isCustomized>false</isCustomized></URDFElement><URDFElement z:Id="i288" i:type="Geometry"><Attributes/><ChildElements><URDFElement z:Id="i289" i:type="Mesh"><Attributes><Attribute z:Id="i290"><AttributeType>filename</AttributeType><IsRequired>true</IsRequired><Value i:nil="true"/></Attribute></Attributes><ChildElements/><ElementName>mesh</ElementName><required>false</required><FilenameAttribute z:Ref="i290"/></URDFElement></ChildElements><ElementName>geometry</ElementName><required>true</required><Mesh z:Ref="i289"/></URDFElement><URDFElement z:Id="i291" i:type="Material"><Attributes><Attribute z:Id="i292"><AttributeType>name</AttributeType><IsRequired>true</IsRequired><Value i:type="a:string" xmlns:a="http://www.w3.org/2001/XMLSchema"/></Attribute></Attributes><ChildElements><URDFElement z:Id="i293" i:type="Color"><Attributes><Attribute z:Id="i294"><AttributeType>rgba</AttributeType><IsRequired>true</IsRequired><Value i:type="a:ArrayOfdouble" xmlns:a="http://schemas.microsoft.com/2003/10/Serialization/Arrays"><a:double>0.2</a:double><a:double>0.2</a:double><a:double>0.2</a:double><a:double>1</a:double></Value></Attribute></Attributes><ChildElements/><ElementName>color</ElementName><required>false</required><RGBAAttribute z:Ref="i294"/></URDFElement><URDFElement z:Id="i295" i:type="Texture"><Attributes><Attribute z:Id="i296"><AttributeType>filename</AttributeType><IsRequired>true</IsRequired><Value i:nil="true"/></Attribute></Attributes><ChildElements/><ElementName>texture</ElementName><required>false</required><FilenameAttribute z:Ref="i296"/><wFilename/></URDFElement></ChildElements><ElementName>material</ElementName><required>false</required><Color z:Ref="i293"/><NameAttribute z:Ref="i292"/><Texture z:Ref="i295"/></URDFElement></ChildElements><ElementName>visual</ElementName><required>false</required><Geometry z:Ref="i288"/><Material z:Ref="i291"/><Origin z:Ref="i285"/></URDFElement><URDFElement z:Id="i297" i:type="Collision"><Attributes/><ChildElements><URDFElement z:Id="i298" i:type="Origin"><Attributes><Attribute z:Id="i299"><AttributeType>xyz</AttributeType><IsRequired>true</IsRequired><Value i:type="a:ArrayOfdouble" xmlns:a="http://schemas.microsoft.com/2003/10/Serialization/Arrays"><a:double>0</a:double><a:double>0</a:double><a:double>0</a:double></Value></Attribute><Attribute z:Id="i300"><AttributeType>rpy</AttributeType><IsRequired>true</IsRequired><Value i:type="a:ArrayOfdouble" xmlns:a="http://schemas.microsoft.com/2003/10/Serialization/Arrays"><a:double>0</a:double><a:double>0</a:double><a:double>0</a:double></Value></Attribute></Attributes><ChildElements/><ElementName>origin</ElementName><required>false</required><RPYAttribute z:Ref="i300"/><XYZAttribute z:Ref="i299"/><isCustomized>false</isCustomized></URDFElement><URDFElement z:Id="i301" i:type="Geometry"><Attributes/><ChildElements><URDFElement z:Id="i302" i:type="Mesh"><Attributes><Attribute z:Id="i303"><AttributeType>filename</AttributeType><IsRequired>true</IsRequired><Value i:nil="true"/></Attribute></Attributes><ChildElements/><ElementName>mesh</ElementName><required>false</required><FilenameAttribute z:Ref="i303"/></URDFElement></ChildElements><ElementName>geometry</ElementName><required>true</required><Mesh z:Ref="i302"/></URDFElement></ChildElements><ElementName>collision</ElementName><required>false</required><Geometry z:Ref="i301"/><Origin z:Ref="i298"/></URDFElement><URDFElement z:Id="i304" i:type="Joint"><Attributes><Attribute z:Id="i305"><AttributeType>name</AttributeType><IsRequired>true</IsRequired><Value i:type="a:string" xmlns:a="http://www.w3.org/2001/XMLSchema">left_wheel</Value></Attribute><Attribute z:Id="i306"><AttributeType>type</AttributeType><IsRequired>true</IsRequired><Value i:type="a:string" xmlns:a="http://www.w3.org/2001/XMLSchema">continuous</Value></Attribute></Attributes><ChildElements><URDFElement z:Id="i307" i:type="Origin"><Attributes><Attribute z:Id="i308"><AttributeType>xyz</AttributeType><IsRequired>true</IsRequired><Value i:type="a:ArrayOfdouble" xmlns:a="http://schemas.microsoft.com/2003/10/Serialization/Arrays"><a:double>-0.001314349174873275</a:double><a:double>0.17496781120736421</a:double><a:double>0.015000000004217529</a:double></Value></Attribute><Attribute z:Id="i309"><AttributeType>rpy</AttributeType><IsRequired>true</IsRequired><Value i:type="a:ArrayOfdouble" xmlns:a="http://schemas.microsoft.com/2003/10/Serialization/Arrays"><a:double>0</a:double><a:double>0</a:double><a:double>0</a:double></Value></Attribute></Attributes><ChildElements/><ElementName>origin</ElementName><required>false</required><RPYAttribute z:Ref="i309"/><XYZAttribute z:Ref="i308"/><isCustomized>false</isCustomized></URDFElement><URDFElement z:Id="i310" i:type="ParentLink"><Attributes><Attribute z:Id="i311"><AttributeType>link</AttributeType><IsRequired>true</IsRequired><Value i:type="a:string" xmlns:a="http://www.w3.org/2001/XMLSchema">base_link</Value></Attribute></Attributes><ChildElements/><ElementName>parent</ElementName><required>true</required><NameAttribute z:Ref="i311"/></URDFElement><URDFElement z:Id="i312" i:type="ChildLink"><Attributes><Attribute z:Id="i313"><AttributeType>link</AttributeType><IsRequired>true</IsRequired><Value i:type="a:string" xmlns:a="http://www.w3.org/2001/XMLSchema">left_wheel_link</Value></Attribute></Attributes><ChildElements/><ElementName>child</ElementName><required>true</required><NameAttribute z:Ref="i313"/></URDFElement><URDFElement z:Id="i314" i:type="Axis"><Attributes><Attribute z:Id="i315"><AttributeType>xyz</AttributeType><IsRequired>true</IsRequired><Value i:type="a:ArrayOfdouble" xmlns:a="http://schemas.microsoft.com/2003/10/Serialization/Arrays"><a:double>0.0082569110732628129</a:double><a:double>-0.99996591112873856</a:double><a:double>0</a:double></Value></Attribute></Attributes><ChildElements/><ElementName>axis</ElementName><required>false</required><XYZAttribute z:Ref="i315"/></URDFElement><URDFElement z:Id="i316" i:type="Limit"><Attributes><Attribute z:Id="i317"><AttributeType>lower</AttributeType><IsRequired>false</IsRequired><Value i:nil="true"/></Attribute><Attribute z:Id="i318"><AttributeType>upper</AttributeType><IsRequired>false</IsRequired><Value i:nil="true"/></Attribute><Attribute z:Id="i319"><AttributeType>effort</AttributeType><IsRequired>true</IsRequired><Value i:nil="true"/></Attribute><Attribute z:Id="i320"><AttributeType>velocity</AttributeType><IsRequired>true</IsRequired><Value i:nil="true"/></Attribute></Attributes><ChildElements/><ElementName>limit</ElementName><required>false</required><EffortAttribute z:Ref="i319"/><LowerAttribute z:Ref="i317"/><UpperAttribute z:Ref="i318"/><VelocityAttribute z:Ref="i320"/></URDFElement><URDFElement z:Id="i321" i:type="Calibration"><Attributes><Attribute z:Id="i322"><AttributeType>rising</AttributeType><IsRequired>false</IsRequired><Value i:nil="true"/></Attribute><Attribute z:Id="i323"><AttributeType>falling</AttributeType><IsRequired>false</IsRequired><Value i:nil="true"/></Attribute></Attributes><ChildElements/><ElementName>calibration</ElementName><required>false</required><FallingAttribute z:Ref="i323"/><RisingAttribute z:Ref="i322"/></URDFElement><URDFElement z:Id="i324" i:type="Dynamics"><Attributes><Attribute z:Id="i325"><AttributeType>damping</AttributeType><IsRequired>false</IsRequired><Value i:nil="true"/></Attribute><Attribute z:Id="i326"><AttributeType>friction</AttributeType><IsRequired>false</IsRequired><Value i:nil="true"/></Attribute></Attributes><ChildElements/><ElementName>dynamics</ElementName><required>false</required><DampingAttribute z:Ref="i325"/><FrictionAttribute z:Ref="i326"/></URDFElement><URDFElement z:Id="i327" i:type="SafetyController"><Attributes><Attribute z:Id="i328"><AttributeType>soft_upper_limit</AttributeType><IsRequired>false</IsRequired><Value i:nil="true"/></Attribute><Attribute z:Id="i329"><AttributeType>soft_lower_limit</AttributeType><IsRequired>false</IsRequired><Value i:nil="true"/></Attribute><Attribute z:Id="i330"><AttributeType>k_position</AttributeType><IsRequired>false</IsRequired><Value i:nil="true"/></Attribute><Attribute z:Id="i331"><AttributeType>k_velocity</AttributeType><IsRequired>true</IsRequired><Value i:nil="true"/></Attribute></Attributes><ChildElements/><ElementName>safety_controller</ElementName><required>false</required><KPositionAttribute z:Ref="i330"/><KVelocityAttribute z:Ref="i331"/><SoftLowerAttribute z:Ref="i329"/><SoftUpperAttribute z:Ref="i328"/></URDFElement><URDFElement z:Id="i332" i:type="Mimic"><Attributes><Attribute z:Id="i333"><AttributeType>joint</AttributeType><IsRequired>true</IsRequired><Value i:nil="true"/></Attribute><Attribute z:Id="i334"><AttributeType>multiplier</AttributeType><IsRequired>false</IsRequired><Value i:nil="true"/></Attribute><Attribute z:Id="i335"><AttributeType>offset</AttributeType><IsRequired>false</IsRequired><Value i:nil="true"/></Attribute></Attributes><ChildElements/><ElementName>mimic</ElementName><required>false</required><JointNameAttribute z:Ref="i333"/><MultiplierAttribute z:Ref="i334"/><OffsetAttribute z:Ref="i335"/></URDFElement></ChildElements><ElementName>joint</ElementName><required>false</required><Axis z:Ref="i314"/><AxisName>Axis3</AxisName><Calibration z:Ref="i321"/><Child z:Ref="i312"/><CoordinateSystemName>Coordinate System7</CoordinateSystemName><Dynamics z:Ref="i324"/><Limit z:Ref="i316"/><Mimic z:Ref="i332"/><NameAttribute z:Ref="i305"/><Origin z:Ref="i307"/><Parent z:Ref="i310"/><Safety z:Ref="i327"/><TypeAttribute z:Ref="i306"/></URDFElement></ChildElements><ElementName>link</ElementName><required>true</required><Children/><Collision z:Ref="i297"/><Inertial z:Ref="i271"/><Joint z:Ref="i304"/><NameAttribute z:Ref="i270"/><Parent z:Ref="i1"/><STLQualityFine>false</STLQualityFine><SWComponentPIDs xmlns:a="http://schemas.microsoft.com/2003/10/Serialization/Arrays"><a:base64Binary>aEIAAAUAAAD//v8gbQBvAHQAbwByAGUAZABpAHQALQAzAEAAcgBvAGIAbwBWADMAKAB1AHIAZABmAF8AYwBoAGEAbgBnAGUAZAApAAQAAAAQAAAAAQAAAAEAAADKAgAA</a:base64Binary></SWComponentPIDs><SWMainComponentPID i:nil="true"/><Visual z:Ref="i284"/><isFixedFrame>false</isFixedFrame><isIncomplete>false</isIncomplete></Link><Link z:Id="i336"><Attributes><Attribute z:Id="i337"><AttributeType>name</AttributeType><IsRequired>true</IsRequired><Value i:type="a:string" xmlns:a="http://www.w3.org/2001/XMLSchema">camera_link</Value></Attribute></Attributes><ChildElements><URDFElement z:Id="i338" i:type="Inertial"><Attributes/><ChildElements><URDFElement z:Id="i339" i:type="Origin"><Attributes><Attribute z:Id="i340"><AttributeType>xyz</AttributeType><IsRequired>true</IsRequired><Value i:type="a:ArrayOfdouble" xmlns:a="http://schemas.microsoft.com/2003/10/Serialization/Arrays"><a:double>-0.028697404385694125</a:double><a:double>-0.0031532314154304464</a:double><a:double>-0.0069642717036180191</a:double></Value></Attribute><Attribute z:Id="i341"><AttributeType>rpy</AttributeType><IsRequired>true</IsRequired><Value i:type="a:ArrayOfdouble" xmlns:a="http://schemas.microsoft.com/2003/10/Serialization/Arrays"><a:double>0</a:double><a:double>0</a:double><a:double>0</a:double></Value></Attribute></Attributes><ChildElements/><ElementName>origin</ElementName><required>false</required><RPYAttribute z:Ref="i341"/><XYZAttribute z:Ref="i340"/><isCustomized>false</isCustomized></URDFElement><URDFElement z:Id="i342" i:type="Mass"><Attributes><Attribute z:Id="i343"><AttributeType>value</AttributeType><IsRequired>true</IsRequired><Value i:type="a:double" xmlns:a="http://www.w3.org/2001/XMLSchema">0.64645488472217061</Value></Attribute></Attributes><ChildElements/><ElementName>mass</ElementName><required>false</required><ValueAttribute z:Ref="i343"/></URDFElement><URDFElement z:Id="i344" i:type="Inertia"><Attributes><Attribute z:Id="i345"><AttributeType>ixx</AttributeType><IsRequired>true</IsRequired><Value i:type="a:double" xmlns:a="http://www.w3.org/2001/XMLSchema">0.0028423827313704009</Value></Attribute><Attribute z:Id="i346"><AttributeType>ixy</AttributeType><IsRequired>true</IsRequired><Value i:type="a:double" xmlns:a="http://www.w3.org/2001/XMLSchema">1.8727304572263625E-05</Value></Attribute><Attribute z:Id="i347"><AttributeType>ixz</AttributeType><IsRequired>true</IsRequired><Value i:type="a:double" xmlns:a="http://www.w3.org/2001/XMLSchema">1.4807509093609594E-07</Value></Attribute><Attribute z:Id="i348"><AttributeType>iyy</AttributeType><IsRequired>true</IsRequired><Value i:type="a:double" xmlns:a="http://www.w3.org/2001/XMLSchema">0.00026375863424418577</Value></Attribute><Attribute z:Id="i349"><AttributeType>iyz</AttributeType><IsRequired>true</IsRequired><Value i:type="a:double" xmlns:a="http://www.w3.org/2001/XMLSchema">-3.33736128214466E-08</Value></Attribute><Attribute z:Id="i350"><AttributeType>izz</AttributeType><IsRequired>true</IsRequired><Value i:type="a:double" xmlns:a="http://www.w3.org/2001/XMLSchema">0.0029627405896730757</Value></Attribute></Attributes><ChildElements/><ElementName>inertia</ElementName><required>false</required><IxxAttribute z:Ref="i345"/><IxyAttribute z:Ref="i346"/><IxzAttribute z:Ref="i347"/><IyyAttribute z:Ref="i348"/><IyzAttribute z:Ref="i349"/><IzzAttribute z:Ref="i350"/></URDFElement></ChildElements><ElementName>inertial</ElementName><required>false</required><Inertia z:Ref="i344"/><Mass z:Ref="i342"/><Origin z:Ref="i339"/></URDFElement><URDFElement z:Id="i351" i:type="Visual"><Attributes/><ChildElements><URDFElement z:Id="i352" i:type="Origin"><Attributes><Attribute z:Id="i353"><AttributeType>xyz</AttributeType><IsRequired>true</IsRequired><Value i:type="a:ArrayOfdouble" xmlns:a="http://schemas.microsoft.com/2003/10/Serialization/Arrays"><a:double>0</a:double><a:double>0</a:double><a:double>0</a:double></Value></Attribute><Attribute z:Id="i354"><AttributeType>rpy</AttributeType><IsRequired>true</IsRequired><Value i:type="a:ArrayOfdouble" xmlns:a="http://schemas.microsoft.com/2003/10/Serialization/Arrays"><a:double>0</a:double><a:double>0</a:double><a:double>0</a:double></Value></Attribute></Attributes><ChildElements/><ElementName>origin</ElementName><required>false</required><RPYAttribute z:Ref="i354"/><XYZAttribute z:Ref="i353"/><isCustomized>false</isCustomized></URDFElement><URDFElement z:Id="i355" i:type="Geometry"><Attributes/><ChildElements><URDFElement z:Id="i356" i:type="Mesh"><Attributes><Attribute z:Id="i357"><AttributeType>filename</AttributeType><IsRequired>true</IsRequired><Value i:nil="true"/></Attribute></Attributes><ChildElements/><ElementName>mesh</ElementName><required>false</required><FilenameAttribute z:Ref="i357"/></URDFElement></ChildElements><ElementName>geometry</ElementName><required>true</required><Mesh z:Ref="i356"/></URDFElement><URDFElement z:Id="i358" i:type="Material"><Attributes><Attribute z:Id="i359"><AttributeType>name</AttributeType><IsRequired>true</IsRequired><Value i:type="a:string" xmlns:a="http://www.w3.org/2001/XMLSchema"/></Attribute></Attributes><ChildElements><URDFElement z:Id="i360" i:type="Color"><Attributes><Attribute z:Id="i361"><AttributeType>rgba</AttributeType><IsRequired>true</IsRequired><Value i:type="a:ArrayOfdouble" xmlns:a="http://schemas.microsoft.com/2003/10/Serialization/Arrays"><a:double>0.75294117647058822</a:double><a:double>0.75294117647058822</a:double><a:double>0.75294117647058822</a:double><a:double>1</a:double></Value></Attribute></Attributes><ChildElements/><ElementName>color</ElementName><required>false</required><RGBAAttribute z:Ref="i361"/></URDFElement><URDFElement z:Id="i362" i:type="Texture"><Attributes><Attribute z:Id="i363"><AttributeType>filename</AttributeType><IsRequired>true</IsRequired><Value i:nil="true"/></Attribute></Attributes><ChildElements/><ElementName>texture</ElementName><required>false</required><FilenameAttribute z:Ref="i363"/><wFilename/></URDFElement></ChildElements><ElementName>material</ElementName><required>false</required><Color z:Ref="i360"/><NameAttribute z:Ref="i359"/><Texture z:Ref="i362"/></URDFElement></ChildElements><ElementName>visual</ElementName><required>false</required><Geometry z:Ref="i355"/><Material z:Ref="i358"/><Origin z:Ref="i352"/></URDFElement><URDFElement z:Id="i364" i:type="Collision"><Attributes/><ChildElements><URDFElement z:Id="i365" i:type="Origin"><Attributes><Attribute z:Id="i366"><AttributeType>xyz</AttributeType><IsRequired>true</IsRequired><Value i:type="a:ArrayOfdouble" xmlns:a="http://schemas.microsoft.com/2003/10/Serialization/Arrays"><a:double>0</a:double><a:double>0</a:double><a:double>0</a:double></Value></Attribute><Attribute z:Id="i367"><AttributeType>rpy</AttributeType><IsRequired>true</IsRequired><Value i:type="a:ArrayOfdouble" xmlns:a="http://schemas.microsoft.com/2003/10/Serialization/Arrays"><a:double>0</a:double><a:double>0</a:double><a:double>0</a:double></Value></Attribute></Attributes><ChildElements/><ElementName>origin</ElementName><required>false</required><RPYAttribute z:Ref="i367"/><XYZAttribute z:Ref="i366"/><isCustomized>false</isCustomized></URDFElement><URDFElement z:Id="i368" i:type="Geometry"><Attributes/><ChildElements><URDFElement z:Id="i369" i:type="Mesh"><Attributes><Attribute z:Id="i370"><AttributeType>filename</AttributeType><IsRequired>true</IsRequired><Value i:nil="true"/></Attribute></Attributes><ChildElements/><ElementName>mesh</ElementName><required>false</required><FilenameAttribute z:Ref="i370"/></URDFElement></ChildElements><ElementName>geometry</ElementName><required>true</required><Mesh z:Ref="i369"/></URDFElement></ChildElements><ElementName>collision</ElementName><required>false</required><Geometry z:Ref="i368"/><Origin z:Ref="i365"/></URDFElement><URDFElement z:Id="i371" i:type="Joint"><Attributes><Attribute z:Id="i372"><AttributeType>name</AttributeType><IsRequired>true</IsRequired><Value i:type="a:string" xmlns:a="http://www.w3.org/2001/XMLSchema">cam</Value></Attribute><Attribute z:Id="i373"><AttributeType>type</AttributeType><IsRequired>true</IsRequired><Value i:type="a:string" xmlns:a="http://www.w3.org/2001/XMLSchema">fixed</Value></Attribute></Attributes><ChildElements><URDFElement z:Id="i374" i:type="Origin"><Attributes><Attribute z:Id="i375"><AttributeType>xyz</AttributeType><IsRequired>true</IsRequired><Value i:type="a:ArrayOfdouble" xmlns:a="http://schemas.microsoft.com/2003/10/Serialization/Arrays"><a:double>0.26495227055491077</a:double><a:double>0.0053582123173611662</a:double><a:double>0.28442516461510226</a:double></Value></Attribute><Attribute z:Id="i376"><AttributeType>rpy</AttributeType><IsRequired>true</IsRequired><Value i:type="a:ArrayOfdouble" xmlns:a="http://schemas.microsoft.com/2003/10/Serialization/Arrays"><a:double>0</a:double><a:double>0</a:double><a:double>0</a:double></Value></Attribute></Attributes><ChildElements/><ElementName>origin</ElementName><required>false</required><RPYAttribute z:Ref="i376"/><XYZAttribute z:Ref="i375"/><isCustomized>false</isCustomized></URDFElement><URDFElement z:Id="i377" i:type="ParentLink"><Attributes><Attribute z:Id="i378"><AttributeType>link</AttributeType><IsRequired>true</IsRequired><Value i:type="a:string" xmlns:a="http://www.w3.org/2001/XMLSchema">base_link</Value></Attribute></Attributes><ChildElements/><ElementName>parent</ElementName><required>true</required><NameAttribute z:Ref="i378"/></URDFElement><URDFElement z:Id="i379" i:type="ChildLink"><Attributes><Attribute z:Id="i380"><AttributeType>link</AttributeType><IsRequired>true</IsRequired><Value i:type="a:string" xmlns:a="http://www.w3.org/2001/XMLSchema">camera_link</Value></Attribute></Attributes><ChildElements/><ElementName>child</ElementName><required>true</required><NameAttribute z:Ref="i380"/></URDFElement><URDFElement z:Id="i381" i:type="Axis"><Attributes><Attribute z:Id="i382"><AttributeType>xyz</AttributeType><IsRequired>true</IsRequired><Value i:type="a:ArrayOfdouble" xmlns:a="http://schemas.microsoft.com/2003/10/Serialization/Arrays"><a:double>0</a:double><a:double>0</a:double><a:double>0</a:double></Value></Attribute></Attributes><ChildElements/><ElementName>axis</ElementName><required>false</required><XYZAttribute z:Ref="i382"/></URDFElement><URDFElement z:Id="i383" i:type="Limit"><Attributes><Attribute z:Id="i384"><AttributeType>lower</AttributeType><IsRequired>false</IsRequired><Value i:nil="true"/></Attribute><Attribute z:Id="i385"><AttributeType>upper</AttributeType><IsRequired>false</IsRequired><Value i:nil="true"/></Attribute><Attribute z:Id="i386"><AttributeType>effort</AttributeType><IsRequired>true</IsRequired><Value i:nil="true"/></Attribute><Attribute z:Id="i387"><AttributeType>velocity</AttributeType><IsRequired>true</IsRequired><Value i:nil="true"/></Attribute></Attributes><ChildElements/><ElementName>limit</ElementName><required>false</required><EffortAttribute z:Ref="i386"/><LowerAttribute z:Ref="i384"/><UpperAttribute z:Ref="i385"/><VelocityAttribute z:Ref="i387"/></URDFElement><URDFElement z:Id="i388" i:type="Calibration"><Attributes><Attribute z:Id="i389"><AttributeType>rising</AttributeType><IsRequired>false</IsRequired><Value i:nil="true"/></Attribute><Attribute z:Id="i390"><AttributeType>falling</AttributeType><IsRequired>false</IsRequired><Value i:nil="true"/></Attribute></Attributes><ChildElements/><ElementName>calibration</ElementName><required>false</required><FallingAttribute z:Ref="i390"/><RisingAttribute z:Ref="i389"/></URDFElement><URDFElement z:Id="i391" i:type="Dynamics"><Attributes><Attribute z:Id="i392"><AttributeType>damping</AttributeType><IsRequired>false</IsRequired><Value i:nil="true"/></Attribute><Attribute z:Id="i393"><AttributeType>friction</AttributeType><IsRequired>false</IsRequired><Value i:nil="true"/></Attribute></Attributes><ChildElements/><ElementName>dynamics</ElementName><required>false</required><DampingAttribute z:Ref="i392"/><FrictionAttribute z:Ref="i393"/></URDFElement><URDFElement z:Id="i394" i:type="SafetyController"><Attributes><Attribute z:Id="i395"><AttributeType>soft_upper_limit</AttributeType><IsRequired>false</IsRequired><Value i:nil="true"/></Attribute><Attribute z:Id="i396"><AttributeType>soft_lower_limit</AttributeType><IsRequired>false</IsRequired><Value i:nil="true"/></Attribute><Attribute z:Id="i397"><AttributeType>k_position</AttributeType><IsRequired>false</IsRequired><Value i:nil="true"/></Attribute><Attribute z:Id="i398"><AttributeType>k_velocity</AttributeType><IsRequired>true</IsRequired><Value i:nil="true"/></Attribute></Attributes><ChildElements/><ElementName>safety_controller</ElementName><required>false</required><KPositionAttribute z:Ref="i397"/><KVelocityAttribute z:Ref="i398"/><SoftLowerAttribute z:Ref="i396"/><SoftUpperAttribute z:Ref="i395"/></URDFElement><URDFElement z:Id="i399" i:type="Mimic"><Attributes><Attribute z:Id="i400"><AttributeType>joint</AttributeType><IsRequired>true</IsRequired><Value i:nil="true"/></Attribute><Attribute z:Id="i401"><AttributeType>multiplier</AttributeType><IsRequired>false</IsRequired><Value i:nil="true"/></Attribute><Attribute z:Id="i402"><AttributeType>offset</AttributeType><IsRequired>false</IsRequired><Value i:nil="true"/></Attribute></Attributes><ChildElements/><ElementName>mimic</ElementName><required>false</required><JointNameAttribute z:Ref="i400"/><MultiplierAttribute z:Ref="i401"/><OffsetAttribute z:Ref="i402"/></URDFElement></ChildElements><ElementName>joint</ElementName><required>false</required><Axis z:Ref="i381"/><AxisName>Axis_cam</AxisName><Calibration z:Ref="i388"/><Child z:Ref="i379"/><CoordinateSystemName>Coordinate System8</CoordinateSystemName><Dynamics z:Ref="i391"/><Limit z:Ref="i383"/><Mimic z:Ref="i399"/><NameAttribute z:Ref="i372"/><Origin z:Ref="i374"/><Parent z:Ref="i377"/><Safety z:Ref="i394"/><TypeAttribute z:Ref="i373"/></URDFElement></ChildElements><ElementName>link</ElementName><required>true</required><Children/><Collision z:Ref="i364"/><Inertial z:Ref="i338"/><Joint z:Ref="i371"/><NameAttribute z:Ref="i337"/><Parent z:Ref="i1"/><STLQualityFine>false</STLQualityFine><SWComponentPIDs xmlns:a="http://schemas.microsoft.com/2003/10/Serialization/Arrays"><a:base64Binary>aEIAAAUAAAD//v8jZgBpAG4AYQBsACAAawBpAG4AZQBjAHQALQAxAEAAcgBvAGIAbwBWADMAKAB1AHIAZABmAF8AYwBoAGEAbgBnAGUAZAApAAQAAAAQAAAAAQAAAAEAAADeBwAA</a:base64Binary></SWComponentPIDs><SWMainComponentPID i:nil="true"/><Visual z:Ref="i351"/><isFixedFrame>false</isFixedFrame><isIncomplete>false</isIncomplete></Link></Children><Collision z:Ref="i29"/><Inertial z:Ref="i3"/><Joint z:Ref="i36"/><NameAttribute z:Ref="i2"/><Parent i:nil="true"/><STLQualityFine>false</STLQualityFine><SWComponentPIDs xmlns:a="http://schemas.microsoft.com/2003/10/Serialization/Arrays"><a:base64Binary>aEIAAAUAAAD//v8mYwB1AG0AXwBiAGEAbgBoAF8AeABlAF8AbABvAG4ALQAzAEAAcgBvAGIAbwBWADMAKAB1AHIAZABmAF8AYwBoAGEAbgBnAGUAZAApAAQAAAAQAAAAAQAAAAEAAACMAQAA</a:base64Binary><a:base64Binary>aEIAAAUAAAD//v8bMgAwAG0AbQAtADIAQAByAG8AYgBvAFYAMwAoAHUAcgBkAGYAXwBjAGgAYQBuAGcAZQBkACkABAAAABAAAAABAAAAAQAAACkCAAA=</a:base64Binary><a:base64Binary>aEIAAAUAAAD//v8bMgAwAG0AbQAtADgAQAByAG8AYgBvAFYAMwAoAHUAcgBkAGYAXwBjAGgAYQBuAGcAZQBkACkABAAAABAAAAABAAAAAQAAAC8CAAA=</a:base64Binary><a:base64Binary>aEIAAAUAAAD//v8gbQBvAHQAbwByAEEAeABpAHMALQAxAEAAcgBvAGIAbwBWADMAKAB1AHIAZABmAF8AYwBoAGEAbgBnAGUAZAApAAQAAAAQAAAAAQAAAAEAAACrAgAA</a:base64Binary><a:base64Binary>aEIAAAUAAAD//v8jbABpAGQAYQByAF8AcAB1AHMAaAB1AHAALQAxAEAAcgBvAGIAbwBWADMAKAB1AHIAZABmAF8AYwBoAGEAbgBnAGUAZAApAAQAAAAQAAAAAQAAAAEAAACHBAAA</a:base64Binary><a:base64Binary>aEIAAAUAAAD//v8ncwB0AGEAbgBkAG8AZgBmAF8ATQAyAF8AMgAwAG0AbQAtADEAQAByAG8AYgBvAFYAMwAoAHUAcgBkAGYAXwBjAGgAYQBuAGcAZQBkACkABAAAABAAAAABAAAAAQAAAMkEAAA=</a:base64Binary><a:base64Binary>aEIAAAUAAAD//v8ncwB0AGEAbgBkAG8AZgBmAF8ATQAyAF8AMgAwAG0AbQAtADMAQAByAG8AYgBvAFYAMwAoAHUAcgBkAGYAXwBjAGgAYQBuAGcAZQBkACkABAAAABAAAAABAAAAAQAAANAEAAA=</a:base64Binary><a:base64Binary>aEIAAAUAAAD//v8ncwB0AGEAbgBkAG8AZgBmAF8ATQAyAF8AMgAwAG0AbQAtADQAQAByAG8AYgBvAFYAMwAoAHUAcgBkAGYAXwBjAGgAYQBuAGcAZQBkACkABAAAABAAAAABAAAAAQAAANYEAAA=</a:base64Binary><a:base64Binary>aEIAAAUAAAD//v8ncwB0AGEAbgBkAG8AZgBmAF8ATQAyAF8AMgAwAG0AbQAtADUAQAByAG8AYgBvAFYAMwAoAHUAcgBkAGYAXwBjAGgAYQBuAGcAZQBkACkABAAAABAAAAABAAAAAQAAANkEAAA=</a:base64Binary><a:base64Binary>aEIAAAUAAAD//v8eYgBhAHQAdABlAHIAeQAtADEAQAByAG8AYgBvAFYAMwAoAHUAcgBkAGYAXwBjAGgAYQBuAGcAZQBkACkABAAAABAAAAABAAAAAQAAANwEAAA=</a:base64Binary><a:base64Binary>aEIAAAUAAAD//v8oaABvAHYAZQByAGIAbwBhAHIAZABfAGQAcgBpAHYAZQByAC0AMQBAAHIAbwBiAG8AVgAzACgAdQByAGQAZgBfAGMAaABhAG4AZwBlAGQAKQAEAAAAEAAAAAEAAAABAAAA3QQAAA==</a:base64Binary><a:base64Binary>aEIAAAUAAAD//v8oYwB1AG0AXwByAGUAbABhAHkAXwBtAHkANABuAF8ANABwAC0AMQBAAHIAbwBiAG8AVgAzACgAdQByAGQAZgBfAGMAaABhAG4AZwBlAGQAKQAEAAAAEAAAAAEAAAABAAAA4QQAAA==</a:base64Binary><a:base64Binary>aEIAAAUAAAD//v8jbABpAGQAYQByAF8AcAB1AHMAaAB1AHAALQAzAEAAcgBvAGIAbwBWADMAKAB1AHIAZABmAF8AYwBoAGEAbgBnAGUAZAApAAQAAAAQAAAAAQAAAAEAAAATBQAA</a:base64Binary><a:base64Binary>aEIAAAUAAAD//v8oMwA2AHYAXwAxADIAdgBfAGMAbwBuAHYAZQByAHQAZQByAC0AMQBAAHIAbwBiAG8AVgAzACgAdQByAGQAZgBfAGMAaABhAG4AZwBlAGQAKQAEAAAAEAAAAAEAAAABAAAAIAUAAA==</a:base64Binary><a:base64Binary>aEIAAAUAAAD//v8jcgBlAG0AbwB0AGUAXwByAGUAbABhAHkALQAxAEAAcgBvAGIAbwBWADMAKAB1AHIAZABmAF8AYwBoAGEAbgBnAGUAZAApAAQAAAAQAAAAAQAAAAEAAAAxBQAA</a:base64Binary><a:base64Binary>aEIAAAUAAAD//v8lYQBsAHUAbQBpAG4AaQB1AG0AXwBiAGEAcwBlAC0AMQBAAHIAbwBiAG8AVgAzACgAdQByAGQAZgBfAGMAaABhAG4AZwBlAGQAKQAEAAAAEAAAAAEAAAABAAAANQUAAA==</a:base64Binary><a:base64Binary>aEIAAAUAAAD//v8icABpAF8AaABhAG4AZwBfAGkAbQB1AC0AMQBAAHIAbwBiAG8AVgAzACgAdQByAGQAZgBfAGMAaABhAG4AZwBlAGQAKQAEAAAAEAAAAAEAAAABAAAAWwUAAA==</a:base64Binary><a:base64Binary>aEIAAAUAAAD//v8jVwBFAEkARABVACAAVABCADIANQBYAFgALQAxAEAAcgBvAGIAbwBWADMAKAB1AHIAZABmAF8AYwBoAGEAbgBnAGUAZAApAAQAAAAQAAAAAQAAAAEAAAB4BQAA</a:base64Binary><a:base64Binary>aEIAAAUAAAD//v8rHwRABD4ERAQ4BDsETAQgAFYALQBzAGwAbwB0ACAAMgAwAHgANAAwAC0AMQBAAHIAbwBiAG8AVgAzACgAdQByAGQAZgBfAGMAaABhAG4AZwBlAGQAKQAEAAAAEAAAAAEAAAABAAAAfgUAAA==</a:base64Binary><a:base64Binary>aEIAAAUAAAD//v8rHwRABD4ERAQ4BDsETAQgAFYALQBzAGwAbwB0ACAAMgAwAHgANAAwAC0AMwBAAHIAbwBiAG8AVgAzACgAdQByAGQAZgBfAGMAaABhAG4AZwBlAGQAKQAEAAAAEAAAAAEAAAABAAAAgAUAAA==</a:base64Binary><a:base64Binary>aEIAAAUAAAD//v88MgAwAHgAMgAwAF8AYQBsAHUAbQBpAG4AdQBtAF8AZQB4AHQAcgB1AHMAaQBvAG4AXwBwAHIAbwBmAGkAbABlACAAMgA2AGMAbQAtADEAQAByAG8AYgBvAFYAMwAoAHUAcgBkAGYAXwBjAGgAYQBuAGcAZQBkACkABAAAABAAAAABAAAAAQAAAJkFAAA=</a:base64Binary><a:base64Binary>aEIAAAUAAAD//v8cMgAwAG0AbQAtADEAMABAAHIAbwBiAG8AVgAzACgAdQByAGQAZgBfAGMAaABhAG4AZwBlAGQAKQAEAAAAEAAAAAEAAAABAAAAygUAAA==</a:base64Binary><a:base64Binary>aEIAAAUAAAD//v8mYwB1AG0AXwBiAGEAbgBoAF8AeABlAF8AbABvAG4ALQA1AEAAcgBvAGIAbwBWADMAKAB1AHIAZABmAF8AYwBoAGEAbgBnAGUAZAApAAQAAAAQAAAAAQAAAAEAAADLBQAA</a:base64Binary><a:base64Binary>aEIAAAUAAAD//v8gbQBvAHQAbwByAEEAeABpAHMALQA0AEAAcgBvAGIAbwBWADMAKAB1AHIAZABmAF8AYwBoAGEAbgBnAGUAZAApAAQAAAAQAAAAAQAAAAEAAADMBQAA</a:base64Binary><a:base64Binary>aEIAAAUAAAD//v8cMgAwAG0AbQAtADEAMQBAAHIAbwBiAG8AVgAzACgAdQByAGQAZgBfAGMAaABhAG4AZwBlAGQAKQAEAAAAEAAAAAEAAAABAAAAzQUAAA==</a:base64Binary><a:base64Binary>aEIAAAUAAAD//v8sYwB1AG0AXwBkAGEAaAB1AG8AbgBnAF8AdAByAHUAbwBjAF8AcwBhAHUALQA1AEAAcgBvAGIAbwBWADMAKAB1AHIAZABmAF8AYwBoAGEAbgBnAGUAZAApAAQAAAAQAAAAAQAAAAEAAAAZBgAA</a:base64Binary><a:base64Binary>aEIAAAUAAAD//v8sYwB1AG0AXwBkAGEAaAB1AG8AbgBnAF8AdAByAHUAbwBjAF8AcwBhAHUALQA2AEAAcgBvAGIAbwBWADMAKAB1AHIAZABmAF8AYwBoAGEAbgBnAGUAZAApAAQAAAAQAAAAAQAAAAEAAAAgBgAA</a:base64Binary><a:base64Binary>aEIAAAUAAAD//v8kZgB1AGwAbABfAGMAbwB2AGUAcgBfAHYAMgAtADEAQAByAG8AYgBvAFYAMwAoAHUAcgBkAGYAXwBjAGgAYQBuAGcAZQBkACkABAAAABAAAAABAAAAAQAAAFwGAAA=</a:base64Binary><a:base64Binary>aEIAAAUAAAD//v8pYwBvAHYAZQByAF8AagBvAGkAbgB0AF8AdgAzAC4AMQAuADIALQAxAEAAcgBvAGIAbwBWADMAKAB1AHIAZABmAF8AYwBoAGEAbgBnAGUAZAApAAQAAAAQAAAAAQAAAAEAAACjBgAA</a:base64Binary><a:base64Binary>aEIAAAUAAAD//v8ZagAxAC0AMQBAAHIAbwBiAG8AVgAzACgAdQByAGQAZgBfAGMAaABhAG4AZwBlAGQAKQAEAAAAEAAAAAEAAAABAAAArAYAAA==</a:base64Binary><a:base64Binary>aEIAAAUAAAD//v8ZagAxAC0AMgBAAHIAbwBiAG8AVgAzACgAdQByAGQAZgBfAGMAaABhAG4AZwBlAGQAKQAEAAAAEAAAAAEAAAABAAAArQYAAA==</a:base64Binary><a:base64Binary>aEIAAAUAAAD//v8ebQBhAHQAeABlAG8AMQAtADEAQAByAG8AYgBvAFYAMwAoAHUAcgBkAGYAXwBjAGgAYQBuAGcAZQBkACkABAAAABAAAAABAAAAAQAAAL0GAAA=</a:base64Binary><a:base64Binary>aEIAAAUAAAD//v8tQQByAGMAYQBkAGUAIABQAHUAcwBoACAAYgB1AHQAdABvAG4AIABhAHMAbQAtADIAQAByAG8AYgBvAFYAMwAoAHUAcgBkAGYAXwBjAGgAYQBuAGcAZQBkACkABAAAABAAAAABAAAAAQAAAM8GAAA=</a:base64Binary><a:base64Binary>aEIAAAUAAAD//v86UwB0AG8AcAAgAFMAdwBpAHQAYwBoACAAUAB1AHMAaAAgAEIAdQB0AHQAbwBuACAATABBAFkAMwA3ACAAKABQAEIAQwApAC0AMwBAAHIAbwBiAG8AVgAzACgAdQByAGQAZgBfAGMAaABhAG4AZwBlAGQAKQAEAAAAEAAAAAEAAAABAAAA9wYAAA==</a:base64Binary><a:base64Binary>aEIAAAUAAAD//v8sYwBvAHYAZQByAF8AdQBwAF8AdgAyAF8AbABpAG4AaABfAG0AaQBjAGEALQAxAEAAcgBvAGIAbwBWADMAKAB1AHIAZABmAF8AYwBoAGEAbgBnAGUAZAApAAQAAAAQAAAAAQAAAAEAAADZBwAA</a:base64Binary><a:base64Binary>aEIAAAUAAAD//v8eYQBsAGkAYgBhAGIAYQAtADEAQAByAG8AYgBvAFYAMwAoAHUAcgBkAGYAXwBjAGgAYQBuAGcAZQBkACkABAAAABAAAAABAAAAAQAAADYIAAA=</a:base64Binary><a:base64Binary>aEIAAAUAAAD//v8aYwBoAGUALQAxAEAAcgBvAGIAbwBWADMAKAB1AHIAZABmAF8AYwBoAGEAbgBnAGUAZAApAAQAAAAQAAAAAQAAAAEAAAA8CAAA</a:base64Binary><a:base64Binary>aEIAAAUAAAD//v8aYwBoAGUALQAyAEAAcgBvAGIAbwBWADMAKAB1AHIAZABmAF8AYwBoAGEAbgBnAGUAZAApAAQAAAAQAAAAAQAAAAEAAABQCAAA</a:base64Binary><a:base64Binary>aEIAAAUAAAD//v8aYwBoAGUALQAzAEAAcgBvAGIAbwBWADMAKAB1AHIAZABmAF8AYwBoAGEAbgBnAGUAZAApAAQAAAAQAAAAAQAAAAEAAABZCAAA</a:base64Binary><a:base64Binary>aEIAAAUAAAD//v8aYwBoAGUALQA0AEAAcgBvAGIAbwBWADMAKAB1AHIAZABmAF8AYwBoAGEAbgBnAGUAZAApAAQAAAAQAAAAAQAAAAEAAABhCAAA</a:base64Binary><a:base64Binary>aEIAAAUAAAD//v8aYwBoAGUALQA1AEAAcgBvAGIAbwBWADMAKAB1AHIAZABmAF8AYwBoAGEAbgBnAGUAZAApAAQAAAAQAAAAAQAAAAEAAABpCAAA</a:base64Binary><a:base64Binary>aEIAAAUAAAD//v8aYwBoAGUALQA2AEAAcgBvAGIAbwBWADMAKAB1AHIAZABmAF8AYwBoAGEAbgBnAGUAZAApAAQAAAAQAAAAAQAAAAEAAABxCAAA</a:base64Binary><a:base64Binary>aEIAAAUAAAD//v8lZwBhAF8AbQBpAG4AaQBwAGMAXwBjAG8AbQBwAC0AMQBAAHIAbwBiAG8AVgAzACgAdQByAGQAZgBfAGMAaABhAG4AZwBlAGQAKQAEAAAAEAAAAAEAAAABAAAAxggAAA==</a:base64Binary><a:base64Binary>aEIAAAUAAAD//v8jZwBhAF8AbQBpAG4AaQBwAGMAXwB2ADIALQAyAEAAcgBvAGIAbwBWADMAKAB1AHIAZABmAF8AYwBoAGEAbgBnAGUAZAApAAQAAAAQAAAAAQAAAAEAAACxCAAA</a:base64Binary><a:base64Binary>aEIAAAUAAAD//v8jZwBhAF8AbQBpAG4AaQBwAGMAXwB2ADIALQAxAEAAcgBvAGIAbwBWADMAKAB1AHIAZABmAF8AYwBoAGEAbgBnAGUAZAApAAQAAAAQAAAAAQAAAAEAAACwCAAA</a:base64Binary><a:base64Binary>aEIAAAUAAAD//v8eaABvAHAAXwBwAGkAbgAtADEAQAByAG8AYgBvAFYAMwAoAHUAcgBkAGYAXwBjAGgAYQBuAGcAZQBkACkABAAAABAAAAABAAAAAQAAAN8IAAA=</a:base64Binary><a:base64Binary>aEIAAAUAAAD//v8fbgBhAG4AZwBfAGMAYQBtAC0AMQBAAHIAbwBiAG8AVgAzACgAdQByAGQAZgBfAGMAaABhAG4AZwBlAGQAKQAEAAAAEAAAAAEAAAABAAAA6ggAAA==</a:base64Binary><a:base64Binary>aEIAAAUAAAD//v81ZwBhAF8AYwBvAG0ALQAxAEAAcgBvAGIAbwBWADMAKAB1AHIAZABmAF8AYwBoAGEAbgBnAGUAZAApAC8AMgAwAHgAMgAwAF8AYQBsAHUAXwBkAG8AYwAxAC0AMgBAAGcAYQBfAGMAbwBtAAQAAAAQAAAAAQAAAAIAAAANCQAAGwAAAA==</a:base64Binary><a:base64Binary>aEIAAAUAAAD//v81ZwBhAF8AYwBvAG0ALQAxAEAAcgBvAGIAbwBWADMAKAB1AHIAZABmAF8AYwBoAGEAbgBnAGUAZAApAC8AMgAwAHgAMgAwAF8AYQBsAHUAXwBkAG8AYwAxAC0AMQBAAGcAYQBfAGMAbwBtAAQAAAAQAAAAAQAAAAIAAAANCQAAGgAAAA==</a:base64Binary><a:base64Binary>aEIAAAUAAAD//v83ZwBhAF8AYwBvAG0ALQAxAEAAcgBvAGIAbwBWADMAKAB1AHIAZABmAF8AYwBoAGEAbgBnAGUAZAApAC8AMgAwAHgAMgAwAF8AYQBsAHUAXwBuAGcAYQBuAGcAMQAtADEAQABnAGEAXwBjAG8AbQAEAAAAEAAAAAEAAAACAAAADQkAABkAAAA=</a:base64Binary><a:base64Binary>aEIAAAUAAAD//v8faABvAHAAXwBuAGEAbgBvAC0AMQBAAHIAbwBiAG8AVgAzACgAdQByAGQAZgBfAGMAaABhAG4AZwBlAGQAKQAEAAAAEAAAAAEAAAABAAAANAkAAA==</a:base64Binary><a:base64Binary>aEIAAAUAAAD//v8hawBlAGcAbwBjAF8AdABhAGIAMQAtADEAQAByAG8AYgBvAFYAMwAoAHUAcgBkAGYAXwBjAGgAYQBuAGcAZQBkACkABAAAABAAAAABAAAAAQAAAG4JAAA=</a:base64Binary><a:base64Binary>aEIAAAUAAAD//v8hawBlAGcAbwBjAF8AdABhAGIAMgAtADEAQAByAG8AYgBvAFYAMwAoAHUAcgBkAGYAXwBjAGgAYQBuAGcAZQBkACkABAAAABAAAAABAAAAAQAAAG8JAAA=</a:base64Binary><a:base64Binary>aEIAAAUAAAD//v8edAByAG8AZABvAG4AZwAtADEAQAByAG8AYgBvAFYAMwAoAHUAcgBkAGYAXwBjAGgAYQBuAGcAZQBkACkABAAAABAAAAABAAAAAQAAAHgJAAA=</a:base64Binary></SWComponentPIDs><SWMainComponentPID i:nil="true"/><Visual z:Ref="i16"/><isFixedFrame>false</isFixedFrame><isIncomplete>false</isIncomplete></Link>
2025-06-27 11:29:56,912 INFO  AssemblyExportForm.cs: 309 - Saving URDF package to C:\Users\NHAT LINH\OneDrive\Desktop\urdf\robot_description_v7
2025-06-27 11:29:56,915 INFO  ExportHelper.cs: 147 - Beginning the export process
2025-06-27 11:29:56,917 INFO  ExportHelper.cs: 153 - Creating package directories with name robot_description_v7 and save path C:\Users\NHAT LINH\OneDrive\Desktop\urdf
2025-06-27 11:29:58,254 INFO  ExportHelper.cs: 162 - Creating CMakeLists.txt at C:\Users\NHAT LINH\OneDrive\Desktop\urdf\robot_description_v7\CMakeLists.txt
2025-06-27 11:29:58,257 INFO  ExportHelper.cs: 166 - Creating joint names config at C:\Users\NHAT LINH\OneDrive\Desktop\urdf\robot_description_v7\config\joint_names_robot_description_v7.yaml
2025-06-27 11:29:58,258 INFO  ExportHelper.cs: 170 - Creating package.xml at C:\Users\NHAT LINH\OneDrive\Desktop\urdf\robot_description_v7\package.xml
2025-06-27 11:29:58,259 INFO  PackageXMLWriter.cs: 21 - Creating package.xml at C:\Users\NHAT LINH\OneDrive\Desktop\urdf\robot_description_v7\package.xml
2025-06-27 11:29:58,263 INFO  ExportHelper.cs: 177 - Creating RVIZ launch file in C:\Users\NHAT LINH\OneDrive\Desktop\urdf\robot_description_v7\launch\
2025-06-27 11:29:58,266 INFO  ExportHelper.cs: 182 - Creating Gazebo launch file in C:\Users\NHAT LINH\OneDrive\Desktop\urdf\robot_description_v7\launch\
2025-06-27 11:29:58,268 INFO  ExportHelper.cs: 187 - Saving existing STL preferences
2025-06-27 11:29:58,269 INFO  ExportHelper.cs: 450 - Saving users preferences
2025-06-27 11:29:58,271 INFO  ExportHelper.cs: 190 - Modifying STL preferences
2025-06-27 11:29:58,271 INFO  ExportHelper.cs: 464 - Setting STL preferences
2025-06-27 11:29:58,280 INFO  ExportHelper.cs: 196 - Found 5 hidden components cum_dahuong_truoc_sau-5/suspension_v2-1/banhdahuong-1/Part1-1, cover_up_v2-1, cover_up_v2_linh-1, cover_up_v2_linh_mica-1, hop_nano-1
2025-06-27 11:29:58,281 INFO  ExportHelper.cs: 197 - Hiding all components
2025-06-27 11:29:58,810 INFO  ExportHelper.cs: 204 - Beginning individual files export
2025-06-27 11:29:58,824 INFO  ExportHelper.cs: 270 - Exporting link: base_link
2025-06-27 11:29:58,824 INFO  ExportHelper.cs: 272 - Link base_link has 5 children
2025-06-27 11:29:58,825 INFO  ExportHelper.cs: 270 - Exporting link: lidar_link
2025-06-27 11:29:58,825 INFO  ExportHelper.cs: 272 - Link lidar_link has 0 children
2025-06-27 11:29:58,826 INFO  ExportHelper.cs: 317 - lidar_link: Exporting STL with coordinate frame Coordinate System2
2025-06-27 11:29:58,827 INFO  ExportHelper.cs: 322 - lidar_link: Reference geometry name 
2025-06-27 11:29:59,011 INFO  ExportHelper.cs: 330 - Saving STL to C:\Users\NHAT LINH\OneDrive\Desktop\urdf\robot_description_v7\meshes\lidar_link.STL
2025-06-27 11:29:59,426 INFO  ExportHelper.cs: 405 - Removing SW header in STL file
2025-06-27 11:29:59,428 INFO  ExportHelper.cs: 270 - Exporting link: imu_link
2025-06-27 11:29:59,428 INFO  ExportHelper.cs: 272 - Link imu_link has 0 children
2025-06-27 11:29:59,429 INFO  ExportHelper.cs: 317 - imu_link: Exporting STL with coordinate frame Coordinate System29_imu
2025-06-27 11:29:59,429 INFO  ExportHelper.cs: 322 - imu_link: Reference geometry name 
2025-06-27 11:29:59,466 INFO  ExportHelper.cs: 330 - Saving STL to C:\Users\NHAT LINH\OneDrive\Desktop\urdf\robot_description_v7\meshes\imu_link.STL
2025-06-27 11:29:59,547 INFO  ExportHelper.cs: 405 - Removing SW header in STL file
2025-06-27 11:29:59,548 INFO  ExportHelper.cs: 270 - Exporting link: right_wheel_link
2025-06-27 11:29:59,549 INFO  ExportHelper.cs: 272 - Link right_wheel_link has 0 children
2025-06-27 11:29:59,549 INFO  ExportHelper.cs: 317 - right_wheel_link: Exporting STL with coordinate frame Coordinate System6
2025-06-27 11:29:59,549 INFO  ExportHelper.cs: 322 - right_wheel_link: Reference geometry name 
2025-06-27 11:29:59,583 INFO  ExportHelper.cs: 330 - Saving STL to C:\Users\NHAT LINH\OneDrive\Desktop\urdf\robot_description_v7\meshes\right_wheel_link.STL
2025-06-27 11:29:59,797 INFO  ExportHelper.cs: 405 - Removing SW header in STL file
2025-06-27 11:29:59,798 INFO  ExportHelper.cs: 270 - Exporting link: left_wheel_link
2025-06-27 11:29:59,799 INFO  ExportHelper.cs: 272 - Link left_wheel_link has 0 children
2025-06-27 11:29:59,799 INFO  ExportHelper.cs: 317 - left_wheel_link: Exporting STL with coordinate frame Coordinate System7
2025-06-27 11:29:59,800 INFO  ExportHelper.cs: 322 - left_wheel_link: Reference geometry name 
2025-06-27 11:29:59,828 INFO  ExportHelper.cs: 330 - Saving STL to C:\Users\NHAT LINH\OneDrive\Desktop\urdf\robot_description_v7\meshes\left_wheel_link.STL
2025-06-27 11:30:00,088 INFO  ExportHelper.cs: 405 - Removing SW header in STL file
2025-06-27 11:30:00,090 INFO  ExportHelper.cs: 270 - Exporting link: camera_link
2025-06-27 11:30:00,091 INFO  ExportHelper.cs: 272 - Link camera_link has 0 children
2025-06-27 11:30:00,091 INFO  ExportHelper.cs: 317 - camera_link: Exporting STL with coordinate frame Coordinate System8
2025-06-27 11:30:00,091 INFO  ExportHelper.cs: 322 - camera_link: Reference geometry name 
2025-06-27 11:30:00,128 INFO  ExportHelper.cs: 330 - Saving STL to C:\Users\NHAT LINH\OneDrive\Desktop\urdf\robot_description_v7\meshes\camera_link.STL
2025-06-27 11:30:00,447 INFO  ExportHelper.cs: 405 - Removing SW header in STL file
2025-06-27 11:30:00,448 INFO  ExportHelper.cs: 317 - base_link: Exporting STL with coordinate frame Coordinate System1
2025-06-27 11:30:00,448 INFO  ExportHelper.cs: 322 - base_link: Reference geometry name 
2025-06-27 11:30:00,794 INFO  ExportHelper.cs: 330 - Saving STL to C:\Users\NHAT LINH\OneDrive\Desktop\urdf\robot_description_v7\meshes\base_link.STL
2025-06-27 11:30:04,100 INFO  ExportHelper.cs: 405 - Removing SW header in STL file
2025-06-27 11:30:04,102 INFO  ExportHelper.cs: 145 - Showing all components except previously hidden components
2025-06-27 11:30:06,248 INFO  ExportHelper.cs: 145 - Resetting STL preferences
2025-06-27 11:30:06,248 INFO  ExportHelper.cs: 478 - Returning STL preferences to user preferences
2025-06-27 11:30:06,249 INFO  ExportHelper.cs: 228 - Writing URDF file to C:\Users\NHAT LINH\OneDrive\Desktop\urdf\robot_description_v7\urdf\robot_description_v7.urdf
2025-06-27 11:30:06,335 INFO  CSVImportExport.cs: 32 - Writing CSV file C:\Users\NHAT LINH\OneDrive\Desktop\urdf\robot_description_v7\urdf\robot_description_v7.csv
2025-06-27 11:30:06,357 ERROR CSVImportExport.cs: 130 - The following columns were not written to the CSV: Link.Joint.ChildLink.link,
2025-06-27 11:30:06,358 ERROR CSVImportExport.cs: 130 - The following columns were not written to the CSV: Link.Joint.ChildLink.link,
2025-06-27 11:30:06,358 ERROR CSVImportExport.cs: 130 - The following columns were not written to the CSV: Link.Joint.ChildLink.link,
2025-06-27 11:30:06,358 ERROR CSVImportExport.cs: 130 - The following columns were not written to the CSV: Link.Joint.ChildLink.link,
2025-06-27 11:30:06,359 ERROR CSVImportExport.cs: 130 - The following columns were not written to the CSV: Link.Joint.ChildLink.link,
2025-06-27 11:30:06,359 ERROR CSVImportExport.cs: 130 - The following columns were not written to the CSV: Link.Joint.ChildLink.link,
2025-06-27 11:30:06,360 INFO  ExportHelper.cs: 234 - Copying log file
2025-06-27 11:30:06,363 INFO  ExportHelper.cs: 439 - Copying C:\Users\NHAT LINH\sw2urdf_logs\sw2urdf.log to C:\Users\NHAT LINH\OneDrive\Desktop\urdf\robot_description_v7\export.log
